DATAFLOW,LAST UPDATE,freq,unit,vehicle,geo,TIME_PERIOD,OBS_VALUE,OBS_FLAG
ESTAT:RAIL_EQ_TRSET(1.0),31/07/24 23:00:00,A,NR,TOTAL,AL,2020,0,
ESTAT:RAIL_EQ_TRSET(1.0),31/07/24 23:00:00,A,NR,TOTAL,AT,2012,58,
ESTAT:RAIL_EQ_TRSET(1.0),31/07/24 23:00:00,A,NR,TOTAL,AT,2013,58,
ESTAT:RAIL_EQ_TRSET(1.0),31/07/24 23:00:00,A,NR,TOTAL,AT,2014,58,
ESTAT:RAIL_EQ_TRSET(1.0),31/07/24 23:00:00,A,NR,TOTAL,AT,2015,58,
ESTAT:RAIL_EQ_TRSET(1.0),31/07/24 23:00:00,A,NR,TOTAL,AT,2016,67,
ESTAT:RAIL_EQ_TRSET(1.0),31/07/24 23:00:00,A,NR,TOTAL,AT,2017,60,
ESTAT:RAIL_EQ_TRSET(1.0),31/07/24 23:00:00,A,NR,TOTAL,AT,2018,92,
ESTAT:RAIL_EQ_TRSET(1.0),31/07/24 23:00:00,A,NR,TOTAL,AT,2019,84,
ESTAT:RAIL_EQ_TRSET(1.0),31/07/24 23:00:00,A,NR,TOTAL,AT,2020,84,
ESTAT:RAIL_EQ_TRSET(1.0),31/07/24 23:00:00,A,NR,TOTAL,AT,2021,89,
ESTAT:RAIL_EQ_TRSET(1.0),31/07/24 23:00:00,A,NR,TOTAL,AT,2022,517,
ESTAT:RAIL_EQ_TRSET(1.0),31/07/24 23:00:00,A,NR,TOTAL,BA,2017,17,
ESTAT:RAIL_EQ_TRSET(1.0),31/07/24 23:00:00,A,NR,TOTAL,BA,2018,17,
ESTAT:RAIL_EQ_TRSET(1.0),31/07/24 23:00:00,A,NR,TOTAL,BA,2019,17,
ESTAT:RAIL_EQ_TRSET(1.0),31/07/24 23:00:00,A,NR,TOTAL,BA,2020,17,
ESTAT:RAIL_EQ_TRSET(1.0),31/07/24 23:00:00,A,NR,TOTAL,BA,2021,17,
ESTAT:RAIL_EQ_TRSET(1.0),31/07/24 23:00:00,A,NR,TOTAL,BA,2022,17,
ESTAT:RAIL_EQ_TRSET(1.0),31/07/24 23:00:00,A,NR,TOTAL,DK,2008,514,s
ESTAT:RAIL_EQ_TRSET(1.0),31/07/24 23:00:00,A,NR,TOTAL,DK,2009,576,s
ESTAT:RAIL_EQ_TRSET(1.0),31/07/24 23:00:00,A,NR,TOTAL,DK,2010,607,s
ESTAT:RAIL_EQ_TRSET(1.0),31/07/24 23:00:00,A,NR,TOTAL,DK,2011,647,s
ESTAT:RAIL_EQ_TRSET(1.0),31/07/24 23:00:00,A,NR,TOTAL,DK,2012,666,s
ESTAT:RAIL_EQ_TRSET(1.0),31/07/24 23:00:00,A,NR,TOTAL,DK,2013,685,
ESTAT:RAIL_EQ_TRSET(1.0),31/07/24 23:00:00,A,NR,TOTAL,DK,2014,702,
ESTAT:RAIL_EQ_TRSET(1.0),31/07/24 23:00:00,A,NR,TOTAL,DK,2015,722,
ESTAT:RAIL_EQ_TRSET(1.0),31/07/24 23:00:00,A,NR,TOTAL,DK,2016,596,
ESTAT:RAIL_EQ_TRSET(1.0),31/07/24 23:00:00,A,NR,TOTAL,DK,2017,544,
ESTAT:RAIL_EQ_TRSET(1.0),31/07/24 23:00:00,A,NR,TOTAL,DK,2018,544,
ESTAT:RAIL_EQ_TRSET(1.0),31/07/24 23:00:00,A,NR,TOTAL,DK,2019,530,
ESTAT:RAIL_EQ_TRSET(1.0),31/07/24 23:00:00,A,NR,TOTAL,DK,2020,518,
ESTAT:RAIL_EQ_TRSET(1.0),31/07/24 23:00:00,A,NR,TOTAL,DK,2021,524,
ESTAT:RAIL_EQ_TRSET(1.0),31/07/24 23:00:00,A,NR,TOTAL,DK,2022,501,
ESTAT:RAIL_EQ_TRSET(1.0),31/07/24 23:00:00,A,NR,TOTAL,EE,2014,38,
ESTAT:RAIL_EQ_TRSET(1.0),31/07/24 23:00:00,A,NR,TOTAL,EE,2015,38,
ESTAT:RAIL_EQ_TRSET(1.0),31/07/24 23:00:00,A,NR,TOTAL,EE,2016,38,
ESTAT:RAIL_EQ_TRSET(1.0),31/07/24 23:00:00,A,NR,TOTAL,EE,2017,38,
ESTAT:RAIL_EQ_TRSET(1.0),31/07/24 23:00:00,A,NR,TOTAL,EE,2018,38,p
ESTAT:RAIL_EQ_TRSET(1.0),31/07/24 23:00:00,A,NR,TOTAL,EE,2019,38,p
ESTAT:RAIL_EQ_TRSET(1.0),31/07/24 23:00:00,A,NR,TOTAL,EE,2020,38,
ESTAT:RAIL_EQ_TRSET(1.0),31/07/24 23:00:00,A,NR,TOTAL,EE,2021,38,
ESTAT:RAIL_EQ_TRSET(1.0),31/07/24 23:00:00,A,NR,TOTAL,EE,2022,38,
ESTAT:RAIL_EQ_TRSET(1.0),31/07/24 23:00:00,A,NR,TOTAL,EL,2008,727,
ESTAT:RAIL_EQ_TRSET(1.0),31/07/24 23:00:00,A,NR,TOTAL,EL,2011,727,
ESTAT:RAIL_EQ_TRSET(1.0),31/07/24 23:00:00,A,NR,TOTAL,EL,2012,727,
ESTAT:RAIL_EQ_TRSET(1.0),31/07/24 23:00:00,A,NR,TOTAL,EL,2014,132,
ESTAT:RAIL_EQ_TRSET(1.0),31/07/24 23:00:00,A,NR,TOTAL,EL,2015,132,
ESTAT:RAIL_EQ_TRSET(1.0),31/07/24 23:00:00,A,NR,TOTAL,EL,2016,132,
ESTAT:RAIL_EQ_TRSET(1.0),31/07/24 23:00:00,A,NR,TOTAL,EL,2017,132,
ESTAT:RAIL_EQ_TRSET(1.0),31/07/24 23:00:00,A,NR,TOTAL,EL,2018,70,
ESTAT:RAIL_EQ_TRSET(1.0),31/07/24 23:00:00,A,NR,TOTAL,EL,2019,70,
ESTAT:RAIL_EQ_TRSET(1.0),31/07/24 23:00:00,A,NR,TOTAL,EL,2020,70,
ESTAT:RAIL_EQ_TRSET(1.0),31/07/24 23:00:00,A,NR,TOTAL,EL,2021,70,
ESTAT:RAIL_EQ_TRSET(1.0),31/07/24 23:00:00,A,NR,TOTAL,EL,2022,68,
ESTAT:RAIL_EQ_TRSET(1.0),31/07/24 23:00:00,A,NR,TOTAL,ES,2009,1074,
ESTAT:RAIL_EQ_TRSET(1.0),31/07/24 23:00:00,A,NR,TOTAL,ES,2016,1306,
ESTAT:RAIL_EQ_TRSET(1.0),31/07/24 23:00:00,A,NR,TOTAL,ES,2017,294,
ESTAT:RAIL_EQ_TRSET(1.0),31/07/24 23:00:00,A,NR,TOTAL,ES,2018,308,
ESTAT:RAIL_EQ_TRSET(1.0),31/07/24 23:00:00,A,NR,TOTAL,ES,2019,1551,
ESTAT:RAIL_EQ_TRSET(1.0),31/07/24 23:00:00,A,NR,TOTAL,ES,2020,1739,
ESTAT:RAIL_EQ_TRSET(1.0),31/07/24 23:00:00,A,NR,TOTAL,ES,2021,1729,
ESTAT:RAIL_EQ_TRSET(1.0),31/07/24 23:00:00,A,NR,TOTAL,ES,2022,1802,
ESTAT:RAIL_EQ_TRSET(1.0),31/07/24 23:00:00,A,NR,TOTAL,FI,2008,148,
ESTAT:RAIL_EQ_TRSET(1.0),31/07/24 23:00:00,A,NR,TOTAL,FI,2009,165,
ESTAT:RAIL_EQ_TRSET(1.0),31/07/24 23:00:00,A,NR,TOTAL,FI,2010,168,
ESTAT:RAIL_EQ_TRSET(1.0),31/07/24 23:00:00,A,NR,TOTAL,FI,2011,174,
ESTAT:RAIL_EQ_TRSET(1.0),31/07/24 23:00:00,A,NR,TOTAL,FI,2012,183,
ESTAT:RAIL_EQ_TRSET(1.0),31/07/24 23:00:00,A,NR,TOTAL,FI,2013,187,
ESTAT:RAIL_EQ_TRSET(1.0),31/07/24 23:00:00,A,NR,TOTAL,FI,2014,194,
ESTAT:RAIL_EQ_TRSET(1.0),31/07/24 23:00:00,A,NR,TOTAL,FI,2015,194,
ESTAT:RAIL_EQ_TRSET(1.0),31/07/24 23:00:00,A,NR,TOTAL,FI,2016,217,
ESTAT:RAIL_EQ_TRSET(1.0),31/07/24 23:00:00,A,NR,TOTAL,FI,2017,234,
ESTAT:RAIL_EQ_TRSET(1.0),31/07/24 23:00:00,A,NR,TOTAL,FI,2018,234,
ESTAT:RAIL_EQ_TRSET(1.0),31/07/24 23:00:00,A,NR,TOTAL,HR,2008,146,
ESTAT:RAIL_EQ_TRSET(1.0),31/07/24 23:00:00,A,NR,TOTAL,HR,2009,140,
ESTAT:RAIL_EQ_TRSET(1.0),31/07/24 23:00:00,A,NR,TOTAL,HR,2010,140,
ESTAT:RAIL_EQ_TRSET(1.0),31/07/24 23:00:00,A,NR,TOTAL,HR,2011,138,
ESTAT:RAIL_EQ_TRSET(1.0),31/07/24 23:00:00,A,NR,TOTAL,HR,2012,162,
ESTAT:RAIL_EQ_TRSET(1.0),31/07/24 23:00:00,A,NR,TOTAL,HR,2013,162,
ESTAT:RAIL_EQ_TRSET(1.0),31/07/24 23:00:00,A,NR,TOTAL,HR,2014,162,
ESTAT:RAIL_EQ_TRSET(1.0),31/07/24 23:00:00,A,NR,TOTAL,HR,2015,178,
ESTAT:RAIL_EQ_TRSET(1.0),31/07/24 23:00:00,A,NR,TOTAL,HR,2016,183,
ESTAT:RAIL_EQ_TRSET(1.0),31/07/24 23:00:00,A,NR,TOTAL,HR,2017,178,
ESTAT:RAIL_EQ_TRSET(1.0),31/07/24 23:00:00,A,NR,TOTAL,HR,2018,173,
ESTAT:RAIL_EQ_TRSET(1.0),31/07/24 23:00:00,A,NR,TOTAL,HR,2019,176,
ESTAT:RAIL_EQ_TRSET(1.0),31/07/24 23:00:00,A,NR,TOTAL,HR,2020,253,
ESTAT:RAIL_EQ_TRSET(1.0),31/07/24 23:00:00,A,NR,TOTAL,HR,2021,269,
ESTAT:RAIL_EQ_TRSET(1.0),31/07/24 23:00:00,A,NR,TOTAL,HR,2022,306,
ESTAT:RAIL_EQ_TRSET(1.0),31/07/24 23:00:00,A,NR,TOTAL,IT,2008,395,
ESTAT:RAIL_EQ_TRSET(1.0),31/07/24 23:00:00,A,NR,TOTAL,IT,2009,401,
ESTAT:RAIL_EQ_TRSET(1.0),31/07/24 23:00:00,A,NR,TOTAL,IT,2010,405,
ESTAT:RAIL_EQ_TRSET(1.0),31/07/24 23:00:00,A,NR,TOTAL,IT,2011,417,
ESTAT:RAIL_EQ_TRSET(1.0),31/07/24 23:00:00,A,NR,TOTAL,LT,2012,141,
ESTAT:RAIL_EQ_TRSET(1.0),31/07/24 23:00:00,A,NR,TOTAL,LT,2013,143,
ESTAT:RAIL_EQ_TRSET(1.0),31/07/24 23:00:00,A,NR,TOTAL,LT,2014,120,
ESTAT:RAIL_EQ_TRSET(1.0),31/07/24 23:00:00,A,NR,TOTAL,LT,2015,108,
ESTAT:RAIL_EQ_TRSET(1.0),31/07/24 23:00:00,A,NR,TOTAL,LT,2016,130,
ESTAT:RAIL_EQ_TRSET(1.0),31/07/24 23:00:00,A,NR,TOTAL,LT,2017,136,
ESTAT:RAIL_EQ_TRSET(1.0),31/07/24 23:00:00,A,NR,TOTAL,LT,2018,135,
ESTAT:RAIL_EQ_TRSET(1.0),31/07/24 23:00:00,A,NR,TOTAL,LT,2019,116,
ESTAT:RAIL_EQ_TRSET(1.0),31/07/24 23:00:00,A,NR,TOTAL,LT,2020,116,
ESTAT:RAIL_EQ_TRSET(1.0),31/07/24 23:00:00,A,NR,TOTAL,LT,2021,116,
ESTAT:RAIL_EQ_TRSET(1.0),31/07/24 23:00:00,A,NR,TOTAL,LT,2022,116,
ESTAT:RAIL_EQ_TRSET(1.0),31/07/24 23:00:00,A,NR,TOTAL,LU,2021,173,s
ESTAT:RAIL_EQ_TRSET(1.0),31/07/24 23:00:00,A,NR,TOTAL,LV,2008,0,
ESTAT:RAIL_EQ_TRSET(1.0),31/07/24 23:00:00,A,NR,TOTAL,LV,2009,0,
ESTAT:RAIL_EQ_TRSET(1.0),31/07/24 23:00:00,A,NR,TOTAL,LV,2010,0,
ESTAT:RAIL_EQ_TRSET(1.0),31/07/24 23:00:00,A,NR,TOTAL,LV,2011,0,
ESTAT:RAIL_EQ_TRSET(1.0),31/07/24 23:00:00,A,NR,TOTAL,LV,2012,0,
ESTAT:RAIL_EQ_TRSET(1.0),31/07/24 23:00:00,A,NR,TOTAL,LV,2013,0,
ESTAT:RAIL_EQ_TRSET(1.0),31/07/24 23:00:00,A,NR,TOTAL,LV,2014,0,
ESTAT:RAIL_EQ_TRSET(1.0),31/07/24 23:00:00,A,NR,TOTAL,LV,2015,0,
ESTAT:RAIL_EQ_TRSET(1.0),31/07/24 23:00:00,A,NR,TOTAL,LV,2016,0,
ESTAT:RAIL_EQ_TRSET(1.0),31/07/24 23:00:00,A,NR,TOTAL,LV,2017,0,
ESTAT:RAIL_EQ_TRSET(1.0),31/07/24 23:00:00,A,NR,TOTAL,LV,2018,0,
ESTAT:RAIL_EQ_TRSET(1.0),31/07/24 23:00:00,A,NR,TOTAL,LV,2019,0,
ESTAT:RAIL_EQ_TRSET(1.0),31/07/24 23:00:00,A,NR,TOTAL,LV,2020,0,
ESTAT:RAIL_EQ_TRSET(1.0),31/07/24 23:00:00,A,NR,TOTAL,LV,2021,0,
ESTAT:RAIL_EQ_TRSET(1.0),31/07/24 23:00:00,A,NR,TOTAL,LV,2022,0,
ESTAT:RAIL_EQ_TRSET(1.0),31/07/24 23:00:00,A,NR,TOTAL,ME,2016,0,
ESTAT:RAIL_EQ_TRSET(1.0),31/07/24 23:00:00,A,NR,TOTAL,ME,2017,0,
ESTAT:RAIL_EQ_TRSET(1.0),31/07/24 23:00:00,A,NR,TOTAL,ME,2018,0,
ESTAT:RAIL_EQ_TRSET(1.0),31/07/24 23:00:00,A,NR,TOTAL,PL,2015,,z
ESTAT:RAIL_EQ_TRSET(1.0),31/07/24 23:00:00,A,NR,TOTAL,RO,2019,,z
ESTAT:RAIL_EQ_TRSET(1.0),31/07/24 23:00:00,A,NR,TOTAL,RS,2008,78,
ESTAT:RAIL_EQ_TRSET(1.0),31/07/24 23:00:00,A,NR,TOTAL,RS,2009,78,
ESTAT:RAIL_EQ_TRSET(1.0),31/07/24 23:00:00,A,NR,TOTAL,RS,2010,78,
ESTAT:RAIL_EQ_TRSET(1.0),31/07/24 23:00:00,A,NR,TOTAL,RS,2011,0,
ESTAT:RAIL_EQ_TRSET(1.0),31/07/24 23:00:00,A,NR,TOTAL,RS,2013,101,
ESTAT:RAIL_EQ_TRSET(1.0),31/07/24 23:00:00,A,NR,TOTAL,RS,2014,101,
ESTAT:RAIL_EQ_TRSET(1.0),31/07/24 23:00:00,A,NR,TOTAL,RS,2015,121,
ESTAT:RAIL_EQ_TRSET(1.0),31/07/24 23:00:00,A,NR,TOTAL,RS,2016,0,
ESTAT:RAIL_EQ_TRSET(1.0),31/07/24 23:00:00,A,NR,TOTAL,RS,2019,0,
ESTAT:RAIL_EQ_TRSET(1.0),31/07/24 23:00:00,A,NR,TOTAL,SE,2008,541,
ESTAT:RAIL_EQ_TRSET(1.0),31/07/24 23:00:00,A,NR,TOTAL,SE,2009,532,
ESTAT:RAIL_EQ_TRSET(1.0),31/07/24 23:00:00,A,NR,TOTAL,SE,2010,555,
ESTAT:RAIL_EQ_TRSET(1.0),31/07/24 23:00:00,A,NR,TOTAL,SE,2011,578,
ESTAT:RAIL_EQ_TRSET(1.0),31/07/24 23:00:00,A,NR,TOTAL,SE,2012,635,
ESTAT:RAIL_EQ_TRSET(1.0),31/07/24 23:00:00,A,NR,TOTAL,SE,2013,646,
ESTAT:RAIL_EQ_TRSET(1.0),31/07/24 23:00:00,A,NR,TOTAL,SE,2014,679,
ESTAT:RAIL_EQ_TRSET(1.0),31/07/24 23:00:00,A,NR,TOTAL,SE,2015,680,
ESTAT:RAIL_EQ_TRSET(1.0),31/07/24 23:00:00,A,NR,TOTAL,SE,2016,678,
ESTAT:RAIL_EQ_TRSET(1.0),31/07/24 23:00:00,A,NR,TOTAL,SE,2017,695,
ESTAT:RAIL_EQ_TRSET(1.0),31/07/24 23:00:00,A,NR,TOTAL,SE,2018,712,
ESTAT:RAIL_EQ_TRSET(1.0),31/07/24 23:00:00,A,NR,TOTAL,SE,2019,716,
ESTAT:RAIL_EQ_TRSET(1.0),31/07/24 23:00:00,A,NR,TOTAL,SE,2020,747,
ESTAT:RAIL_EQ_TRSET(1.0),31/07/24 23:00:00,A,NR,TOTAL,SE,2021,771,
ESTAT:RAIL_EQ_TRSET(1.0),31/07/24 23:00:00,A,NR,TOTAL,SE,2022,794,
ESTAT:RAIL_EQ_TRSET(1.0),31/07/24 23:00:00,A,NR,TOTAL,SI,2008,271,
ESTAT:RAIL_EQ_TRSET(1.0),31/07/24 23:00:00,A,NR,TOTAL,SI,2009,273,
ESTAT:RAIL_EQ_TRSET(1.0),31/07/24 23:00:00,A,NR,TOTAL,SI,2010,271,
ESTAT:RAIL_EQ_TRSET(1.0),31/07/24 23:00:00,A,NR,TOTAL,SI,2011,265,
ESTAT:RAIL_EQ_TRSET(1.0),31/07/24 23:00:00,A,NR,TOTAL,SI,2012,265,
ESTAT:RAIL_EQ_TRSET(1.0),31/07/24 23:00:00,A,NR,TOTAL,SI,2013,265,
ESTAT:RAIL_EQ_TRSET(1.0),31/07/24 23:00:00,A,NR,TOTAL,SI,2014,265,
ESTAT:RAIL_EQ_TRSET(1.0),31/07/24 23:00:00,A,NR,TOTAL,SI,2015,265,
ESTAT:RAIL_EQ_TRSET(1.0),31/07/24 23:00:00,A,NR,TOTAL,SI,2016,264,
ESTAT:RAIL_EQ_TRSET(1.0),31/07/24 23:00:00,A,NR,TOTAL,SI,2017,263,
ESTAT:RAIL_EQ_TRSET(1.0),31/07/24 23:00:00,A,NR,TOTAL,SI,2018,263,
ESTAT:RAIL_EQ_TRSET(1.0),31/07/24 23:00:00,A,NR,TOTAL,SI,2019,252,
ESTAT:RAIL_EQ_TRSET(1.0),31/07/24 23:00:00,A,NR,TOTAL,SI,2020,263,
ESTAT:RAIL_EQ_TRSET(1.0),31/07/24 23:00:00,A,NR,TOTAL,SI,2021,289,
ESTAT:RAIL_EQ_TRSET(1.0),31/07/24 23:00:00,A,NR,TOTAL,SI,2022,285,
ESTAT:RAIL_EQ_TRSET(1.0),31/07/24 23:00:00,A,NR,TOTAL,TR,2009,7,
ESTAT:RAIL_EQ_TRSET(1.0),31/07/24 23:00:00,A,NR,TOTAL,TR,2010,12,
ESTAT:RAIL_EQ_TRSET(1.0),31/07/24 23:00:00,A,NR,TOTAL,TR,2011,12,
ESTAT:RAIL_EQ_TRSET(1.0),31/07/24 23:00:00,A,NR,TOTAL,TR,2012,181,
ESTAT:RAIL_EQ_TRSET(1.0),31/07/24 23:00:00,A,NR,TOTAL,TR,2013,202,
ESTAT:RAIL_EQ_TRSET(1.0),31/07/24 23:00:00,A,NR,TOTAL,TR,2014,209,
ESTAT:RAIL_EQ_TRSET(1.0),31/07/24 23:00:00,A,NR,TOTAL,TR,2015,211,
ESTAT:RAIL_EQ_TRSET(1.0),31/07/24 23:00:00,A,NR,TOTAL,TR,2016,217,
ESTAT:RAIL_EQ_TRSET(1.0),31/07/24 23:00:00,A,NR,TOTAL,TR,2017,203,
ESTAT:RAIL_EQ_TRSET(1.0),31/07/24 23:00:00,A,NR,TOTAL,TR,2018,276,
ESTAT:RAIL_EQ_TRSET(1.0),31/07/24 23:00:00,A,NR,TOTAL,TR,2019,262,
ESTAT:RAIL_EQ_TRSET(1.0),31/07/24 23:00:00,A,NR,TOTAL,TR,2020,294,
ESTAT:RAIL_EQ_TRSET(1.0),31/07/24 23:00:00,A,NR,TOTAL,XK,2018,0,
ESTAT:RAIL_EQ_TRSET(1.0),31/07/24 23:00:00,A,NR,TOTAL,XK,2019,0,
ESTAT:RAIL_EQ_TRSET(1.0),31/07/24 23:00:00,A,NR,TOTAL,XK,2020,0,
ESTAT:RAIL_EQ_TRSET(1.0),31/07/24 23:00:00,A,NR,TOTAL,XK,2021,0,
ESTAT:RAIL_EQ_TRSET(1.0),31/07/24 23:00:00,A,NR,TST_CV,AL,2020,0,
ESTAT:RAIL_EQ_TRSET(1.0),31/07/24 23:00:00,A,NR,TST_CV,BA,2017,8,
ESTAT:RAIL_EQ_TRSET(1.0),31/07/24 23:00:00,A,NR,TST_CV,BA,2018,8,
ESTAT:RAIL_EQ_TRSET(1.0),31/07/24 23:00:00,A,NR,TST_CV,BA,2019,8,
ESTAT:RAIL_EQ_TRSET(1.0),31/07/24 23:00:00,A,NR,TST_CV,BA,2020,8,
ESTAT:RAIL_EQ_TRSET(1.0),31/07/24 23:00:00,A,NR,TST_CV,BA,2021,8,
ESTAT:RAIL_EQ_TRSET(1.0),31/07/24 23:00:00,A,NR,TST_CV,BA,2022,8,
ESTAT:RAIL_EQ_TRSET(1.0),31/07/24 23:00:00,A,NR,TST_CV,DK,2008,514,s
ESTAT:RAIL_EQ_TRSET(1.0),31/07/24 23:00:00,A,NR,TST_CV,DK,2009,576,s
ESTAT:RAIL_EQ_TRSET(1.0),31/07/24 23:00:00,A,NR,TST_CV,DK,2010,607,s
ESTAT:RAIL_EQ_TRSET(1.0),31/07/24 23:00:00,A,NR,TST_CV,DK,2011,647,s
ESTAT:RAIL_EQ_TRSET(1.0),31/07/24 23:00:00,A,NR,TST_CV,DK,2012,666,s
ESTAT:RAIL_EQ_TRSET(1.0),31/07/24 23:00:00,A,NR,TST_CV,DK,2013,685,
ESTAT:RAIL_EQ_TRSET(1.0),31/07/24 23:00:00,A,NR,TST_CV,DK,2014,702,
ESTAT:RAIL_EQ_TRSET(1.0),31/07/24 23:00:00,A,NR,TST_CV,DK,2015,722,
ESTAT:RAIL_EQ_TRSET(1.0),31/07/24 23:00:00,A,NR,TST_CV,DK,2016,596,
ESTAT:RAIL_EQ_TRSET(1.0),31/07/24 23:00:00,A,NR,TST_CV,DK,2017,544,
ESTAT:RAIL_EQ_TRSET(1.0),31/07/24 23:00:00,A,NR,TST_CV,DK,2018,544,
ESTAT:RAIL_EQ_TRSET(1.0),31/07/24 23:00:00,A,NR,TST_CV,DK,2019,530,
ESTAT:RAIL_EQ_TRSET(1.0),31/07/24 23:00:00,A,NR,TST_CV,DK,2020,518,
ESTAT:RAIL_EQ_TRSET(1.0),31/07/24 23:00:00,A,NR,TST_CV,DK,2021,524,
ESTAT:RAIL_EQ_TRSET(1.0),31/07/24 23:00:00,A,NR,TST_CV,DK,2022,501,
ESTAT:RAIL_EQ_TRSET(1.0),31/07/24 23:00:00,A,NR,TST_CV,EE,2014,38,
ESTAT:RAIL_EQ_TRSET(1.0),31/07/24 23:00:00,A,NR,TST_CV,EE,2015,38,
ESTAT:RAIL_EQ_TRSET(1.0),31/07/24 23:00:00,A,NR,TST_CV,EE,2016,38,
ESTAT:RAIL_EQ_TRSET(1.0),31/07/24 23:00:00,A,NR,TST_CV,EE,2017,38,
ESTAT:RAIL_EQ_TRSET(1.0),31/07/24 23:00:00,A,NR,TST_CV,EE,2018,38,p
ESTAT:RAIL_EQ_TRSET(1.0),31/07/24 23:00:00,A,NR,TST_CV,EE,2019,38,p
ESTAT:RAIL_EQ_TRSET(1.0),31/07/24 23:00:00,A,NR,TST_CV,EE,2020,38,
ESTAT:RAIL_EQ_TRSET(1.0),31/07/24 23:00:00,A,NR,TST_CV,EE,2021,38,
ESTAT:RAIL_EQ_TRSET(1.0),31/07/24 23:00:00,A,NR,TST_CV,EE,2022,38,
ESTAT:RAIL_EQ_TRSET(1.0),31/07/24 23:00:00,A,NR,TST_CV,EL,2008,727,
ESTAT:RAIL_EQ_TRSET(1.0),31/07/24 23:00:00,A,NR,TST_CV,EL,2011,727,
ESTAT:RAIL_EQ_TRSET(1.0),31/07/24 23:00:00,A,NR,TST_CV,EL,2012,727,
ESTAT:RAIL_EQ_TRSET(1.0),31/07/24 23:00:00,A,NR,TST_CV,EL,2014,132,
ESTAT:RAIL_EQ_TRSET(1.0),31/07/24 23:00:00,A,NR,TST_CV,EL,2015,132,
ESTAT:RAIL_EQ_TRSET(1.0),31/07/24 23:00:00,A,NR,TST_CV,EL,2016,132,
ESTAT:RAIL_EQ_TRSET(1.0),31/07/24 23:00:00,A,NR,TST_CV,EL,2017,132,
ESTAT:RAIL_EQ_TRSET(1.0),31/07/24 23:00:00,A,NR,TST_CV,EL,2018,70,
ESTAT:RAIL_EQ_TRSET(1.0),31/07/24 23:00:00,A,NR,TST_CV,EL,2019,70,
ESTAT:RAIL_EQ_TRSET(1.0),31/07/24 23:00:00,A,NR,TST_CV,EL,2020,70,
ESTAT:RAIL_EQ_TRSET(1.0),31/07/24 23:00:00,A,NR,TST_CV,EL,2021,70,
ESTAT:RAIL_EQ_TRSET(1.0),31/07/24 23:00:00,A,NR,TST_CV,EL,2022,68,
ESTAT:RAIL_EQ_TRSET(1.0),31/07/24 23:00:00,A,NR,TST_CV,ES,2009,908,
ESTAT:RAIL_EQ_TRSET(1.0),31/07/24 23:00:00,A,NR,TST_CV,ES,2016,1129,
ESTAT:RAIL_EQ_TRSET(1.0),31/07/24 23:00:00,A,NR,TST_CV,ES,2017,293,
ESTAT:RAIL_EQ_TRSET(1.0),31/07/24 23:00:00,A,NR,TST_CV,ES,2018,296,
ESTAT:RAIL_EQ_TRSET(1.0),31/07/24 23:00:00,A,NR,TST_CV,ES,2019,1339,
ESTAT:RAIL_EQ_TRSET(1.0),31/07/24 23:00:00,A,NR,TST_CV,ES,2020,1527,
ESTAT:RAIL_EQ_TRSET(1.0),31/07/24 23:00:00,A,NR,TST_CV,ES,2021,1512,
ESTAT:RAIL_EQ_TRSET(1.0),31/07/24 23:00:00,A,NR,TST_CV,ES,2022,1564,
ESTAT:RAIL_EQ_TRSET(1.0),31/07/24 23:00:00,A,NR,TST_CV,FI,2008,130,
ESTAT:RAIL_EQ_TRSET(1.0),31/07/24 23:00:00,A,NR,TST_CV,FI,2009,145,
ESTAT:RAIL_EQ_TRSET(1.0),31/07/24 23:00:00,A,NR,TST_CV,FI,2010,146,
ESTAT:RAIL_EQ_TRSET(1.0),31/07/24 23:00:00,A,NR,TST_CV,FI,2011,152,
ESTAT:RAIL_EQ_TRSET(1.0),31/07/24 23:00:00,A,NR,TST_CV,FI,2012,161,
ESTAT:RAIL_EQ_TRSET(1.0),31/07/24 23:00:00,A,NR,TST_CV,FI,2013,165,
ESTAT:RAIL_EQ_TRSET(1.0),31/07/24 23:00:00,A,NR,TST_CV,FI,2014,172,
ESTAT:RAIL_EQ_TRSET(1.0),31/07/24 23:00:00,A,NR,TST_CV,FI,2015,172,
ESTAT:RAIL_EQ_TRSET(1.0),31/07/24 23:00:00,A,NR,TST_CV,FI,2016,195,
ESTAT:RAIL_EQ_TRSET(1.0),31/07/24 23:00:00,A,NR,TST_CV,FI,2017,212,
ESTAT:RAIL_EQ_TRSET(1.0),31/07/24 23:00:00,A,NR,TST_CV,FI,2018,212,
ESTAT:RAIL_EQ_TRSET(1.0),31/07/24 23:00:00,A,NR,TST_CV,HR,2008,146,
ESTAT:RAIL_EQ_TRSET(1.0),31/07/24 23:00:00,A,NR,TST_CV,HR,2009,140,
ESTAT:RAIL_EQ_TRSET(1.0),31/07/24 23:00:00,A,NR,TST_CV,HR,2010,140,
ESTAT:RAIL_EQ_TRSET(1.0),31/07/24 23:00:00,A,NR,TST_CV,HR,2011,138,
ESTAT:RAIL_EQ_TRSET(1.0),31/07/24 23:00:00,A,NR,TST_CV,HR,2012,162,
ESTAT:RAIL_EQ_TRSET(1.0),31/07/24 23:00:00,A,NR,TST_CV,HR,2013,162,
ESTAT:RAIL_EQ_TRSET(1.0),31/07/24 23:00:00,A,NR,TST_CV,HR,2014,162,
ESTAT:RAIL_EQ_TRSET(1.0),31/07/24 23:00:00,A,NR,TST_CV,HR,2015,178,
ESTAT:RAIL_EQ_TRSET(1.0),31/07/24 23:00:00,A,NR,TST_CV,HR,2016,183,
ESTAT:RAIL_EQ_TRSET(1.0),31/07/24 23:00:00,A,NR,TST_CV,HR,2017,178,
ESTAT:RAIL_EQ_TRSET(1.0),31/07/24 23:00:00,A,NR,TST_CV,HR,2018,173,
ESTAT:RAIL_EQ_TRSET(1.0),31/07/24 23:00:00,A,NR,TST_CV,HR,2019,176,
ESTAT:RAIL_EQ_TRSET(1.0),31/07/24 23:00:00,A,NR,TST_CV,HR,2020,253,
ESTAT:RAIL_EQ_TRSET(1.0),31/07/24 23:00:00,A,NR,TST_CV,HR,2021,269,
ESTAT:RAIL_EQ_TRSET(1.0),31/07/24 23:00:00,A,NR,TST_CV,HR,2022,306,
ESTAT:RAIL_EQ_TRSET(1.0),31/07/24 23:00:00,A,NR,TST_CV,IT,2008,299,
ESTAT:RAIL_EQ_TRSET(1.0),31/07/24 23:00:00,A,NR,TST_CV,IT,2009,299,
ESTAT:RAIL_EQ_TRSET(1.0),31/07/24 23:00:00,A,NR,TST_CV,IT,2010,303,
ESTAT:RAIL_EQ_TRSET(1.0),31/07/24 23:00:00,A,NR,TST_CV,IT,2011,303,
ESTAT:RAIL_EQ_TRSET(1.0),31/07/24 23:00:00,A,NR,TST_CV,LT,2012,141,
ESTAT:RAIL_EQ_TRSET(1.0),31/07/24 23:00:00,A,NR,TST_CV,LT,2013,143,
ESTAT:RAIL_EQ_TRSET(1.0),31/07/24 23:00:00,A,NR,TST_CV,LT,2014,120,
ESTAT:RAIL_EQ_TRSET(1.0),31/07/24 23:00:00,A,NR,TST_CV,LT,2015,108,
ESTAT:RAIL_EQ_TRSET(1.0),31/07/24 23:00:00,A,NR,TST_CV,LT,2016,130,
ESTAT:RAIL_EQ_TRSET(1.0),31/07/24 23:00:00,A,NR,TST_CV,LT,2017,136,
ESTAT:RAIL_EQ_TRSET(1.0),31/07/24 23:00:00,A,NR,TST_CV,LT,2018,135,
ESTAT:RAIL_EQ_TRSET(1.0),31/07/24 23:00:00,A,NR,TST_CV,LT,2019,116,
ESTAT:RAIL_EQ_TRSET(1.0),31/07/24 23:00:00,A,NR,TST_CV,LT,2020,116,
ESTAT:RAIL_EQ_TRSET(1.0),31/07/24 23:00:00,A,NR,TST_CV,LT,2021,116,
ESTAT:RAIL_EQ_TRSET(1.0),31/07/24 23:00:00,A,NR,TST_CV,LT,2022,116,
ESTAT:RAIL_EQ_TRSET(1.0),31/07/24 23:00:00,A,NR,TST_CV,LU,2021,173,s
ESTAT:RAIL_EQ_TRSET(1.0),31/07/24 23:00:00,A,NR,TST_CV,LV,2008,0,
ESTAT:RAIL_EQ_TRSET(1.0),31/07/24 23:00:00,A,NR,TST_CV,LV,2009,0,
ESTAT:RAIL_EQ_TRSET(1.0),31/07/24 23:00:00,A,NR,TST_CV,LV,2010,0,
ESTAT:RAIL_EQ_TRSET(1.0),31/07/24 23:00:00,A,NR,TST_CV,LV,2011,0,
ESTAT:RAIL_EQ_TRSET(1.0),31/07/24 23:00:00,A,NR,TST_CV,LV,2012,0,
ESTAT:RAIL_EQ_TRSET(1.0),31/07/24 23:00:00,A,NR,TST_CV,LV,2013,0,
ESTAT:RAIL_EQ_TRSET(1.0),31/07/24 23:00:00,A,NR,TST_CV,LV,2014,0,
ESTAT:RAIL_EQ_TRSET(1.0),31/07/24 23:00:00,A,NR,TST_CV,LV,2015,0,
ESTAT:RAIL_EQ_TRSET(1.0),31/07/24 23:00:00,A,NR,TST_CV,LV,2016,0,
ESTAT:RAIL_EQ_TRSET(1.0),31/07/24 23:00:00,A,NR,TST_CV,LV,2017,0,
ESTAT:RAIL_EQ_TRSET(1.0),31/07/24 23:00:00,A,NR,TST_CV,LV,2018,0,
ESTAT:RAIL_EQ_TRSET(1.0),31/07/24 23:00:00,A,NR,TST_CV,LV,2019,0,
ESTAT:RAIL_EQ_TRSET(1.0),31/07/24 23:00:00,A,NR,TST_CV,LV,2020,0,
ESTAT:RAIL_EQ_TRSET(1.0),31/07/24 23:00:00,A,NR,TST_CV,LV,2021,0,
ESTAT:RAIL_EQ_TRSET(1.0),31/07/24 23:00:00,A,NR,TST_CV,LV,2022,0,
ESTAT:RAIL_EQ_TRSET(1.0),31/07/24 23:00:00,A,NR,TST_CV,ME,2016,0,
ESTAT:RAIL_EQ_TRSET(1.0),31/07/24 23:00:00,A,NR,TST_CV,ME,2017,0,
ESTAT:RAIL_EQ_TRSET(1.0),31/07/24 23:00:00,A,NR,TST_CV,ME,2018,0,
ESTAT:RAIL_EQ_TRSET(1.0),31/07/24 23:00:00,A,NR,TST_CV,PL,2015,,z
ESTAT:RAIL_EQ_TRSET(1.0),31/07/24 23:00:00,A,NR,TST_CV,RO,2019,,z
ESTAT:RAIL_EQ_TRSET(1.0),31/07/24 23:00:00,A,NR,TST_CV,RS,2008,78,
ESTAT:RAIL_EQ_TRSET(1.0),31/07/24 23:00:00,A,NR,TST_CV,RS,2009,78,
ESTAT:RAIL_EQ_TRSET(1.0),31/07/24 23:00:00,A,NR,TST_CV,RS,2010,78,
ESTAT:RAIL_EQ_TRSET(1.0),31/07/24 23:00:00,A,NR,TST_CV,RS,2011,0,
ESTAT:RAIL_EQ_TRSET(1.0),31/07/24 23:00:00,A,NR,TST_CV,RS,2013,101,
ESTAT:RAIL_EQ_TRSET(1.0),31/07/24 23:00:00,A,NR,TST_CV,RS,2014,101,
ESTAT:RAIL_EQ_TRSET(1.0),31/07/24 23:00:00,A,NR,TST_CV,RS,2015,121,
ESTAT:RAIL_EQ_TRSET(1.0),31/07/24 23:00:00,A,NR,TST_CV,RS,2016,0,
ESTAT:RAIL_EQ_TRSET(1.0),31/07/24 23:00:00,A,NR,TST_CV,RS,2019,0,
ESTAT:RAIL_EQ_TRSET(1.0),31/07/24 23:00:00,A,NR,TST_CV,SE,2008,416,
ESTAT:RAIL_EQ_TRSET(1.0),31/07/24 23:00:00,A,NR,TST_CV,SE,2009,407,
ESTAT:RAIL_EQ_TRSET(1.0),31/07/24 23:00:00,A,NR,TST_CV,SE,2010,427,
ESTAT:RAIL_EQ_TRSET(1.0),31/07/24 23:00:00,A,NR,TST_CV,SE,2011,441,
ESTAT:RAIL_EQ_TRSET(1.0),31/07/24 23:00:00,A,NR,TST_CV,SE,2012,484,
ESTAT:RAIL_EQ_TRSET(1.0),31/07/24 23:00:00,A,NR,TST_CV,SE,2013,484,
ESTAT:RAIL_EQ_TRSET(1.0),31/07/24 23:00:00,A,NR,TST_CV,SE,2014,516,
ESTAT:RAIL_EQ_TRSET(1.0),31/07/24 23:00:00,A,NR,TST_CV,SE,2015,511,
ESTAT:RAIL_EQ_TRSET(1.0),31/07/24 23:00:00,A,NR,TST_CV,SE,2016,509,
ESTAT:RAIL_EQ_TRSET(1.0),31/07/24 23:00:00,A,NR,TST_CV,SE,2017,524,
ESTAT:RAIL_EQ_TRSET(1.0),31/07/24 23:00:00,A,NR,TST_CV,SE,2018,541,
ESTAT:RAIL_EQ_TRSET(1.0),31/07/24 23:00:00,A,NR,TST_CV,SE,2019,545,
ESTAT:RAIL_EQ_TRSET(1.0),31/07/24 23:00:00,A,NR,TST_CV,SE,2020,541,
ESTAT:RAIL_EQ_TRSET(1.0),31/07/24 23:00:00,A,NR,TST_CV,SE,2021,553,
ESTAT:RAIL_EQ_TRSET(1.0),31/07/24 23:00:00,A,NR,TST_CV,SE,2022,573,
ESTAT:RAIL_EQ_TRSET(1.0),31/07/24 23:00:00,A,NR,TST_CV,SI,2008,271,
ESTAT:RAIL_EQ_TRSET(1.0),31/07/24 23:00:00,A,NR,TST_CV,SI,2009,273,
ESTAT:RAIL_EQ_TRSET(1.0),31/07/24 23:00:00,A,NR,TST_CV,SI,2010,271,
ESTAT:RAIL_EQ_TRSET(1.0),31/07/24 23:00:00,A,NR,TST_CV,SI,2011,265,
ESTAT:RAIL_EQ_TRSET(1.0),31/07/24 23:00:00,A,NR,TST_CV,SI,2012,265,
ESTAT:RAIL_EQ_TRSET(1.0),31/07/24 23:00:00,A,NR,TST_CV,SI,2013,265,
ESTAT:RAIL_EQ_TRSET(1.0),31/07/24 23:00:00,A,NR,TST_CV,SI,2014,265,
ESTAT:RAIL_EQ_TRSET(1.0),31/07/24 23:00:00,A,NR,TST_CV,SI,2015,265,
ESTAT:RAIL_EQ_TRSET(1.0),31/07/24 23:00:00,A,NR,TST_CV,SI,2016,264,
ESTAT:RAIL_EQ_TRSET(1.0),31/07/24 23:00:00,A,NR,TST_CV,SI,2017,263,
ESTAT:RAIL_EQ_TRSET(1.0),31/07/24 23:00:00,A,NR,TST_CV,SI,2018,263,
ESTAT:RAIL_EQ_TRSET(1.0),31/07/24 23:00:00,A,NR,TST_CV,SI,2019,252,
ESTAT:RAIL_EQ_TRSET(1.0),31/07/24 23:00:00,A,NR,TST_CV,SI,2020,263,
ESTAT:RAIL_EQ_TRSET(1.0),31/07/24 23:00:00,A,NR,TST_CV,SI,2021,289,
ESTAT:RAIL_EQ_TRSET(1.0),31/07/24 23:00:00,A,NR,TST_CV,SI,2022,285,
ESTAT:RAIL_EQ_TRSET(1.0),31/07/24 23:00:00,A,NR,TST_CV,TR,2012,169,
ESTAT:RAIL_EQ_TRSET(1.0),31/07/24 23:00:00,A,NR,TST_CV,TR,2013,190,
ESTAT:RAIL_EQ_TRSET(1.0),31/07/24 23:00:00,A,NR,TST_CV,TR,2014,197,
ESTAT:RAIL_EQ_TRSET(1.0),31/07/24 23:00:00,A,NR,TST_CV,TR,2015,198,
ESTAT:RAIL_EQ_TRSET(1.0),31/07/24 23:00:00,A,NR,TST_CV,TR,2016,198,
ESTAT:RAIL_EQ_TRSET(1.0),31/07/24 23:00:00,A,NR,TST_CV,TR,2017,184,
ESTAT:RAIL_EQ_TRSET(1.0),31/07/24 23:00:00,A,NR,TST_CV,TR,2018,257,
ESTAT:RAIL_EQ_TRSET(1.0),31/07/24 23:00:00,A,NR,TST_CV,TR,2019,243,
ESTAT:RAIL_EQ_TRSET(1.0),31/07/24 23:00:00,A,NR,TST_CV,TR,2020,268,
ESTAT:RAIL_EQ_TRSET(1.0),31/07/24 23:00:00,A,NR,TST_CV,XK,2018,0,
ESTAT:RAIL_EQ_TRSET(1.0),31/07/24 23:00:00,A,NR,TST_CV,XK,2019,0,
ESTAT:RAIL_EQ_TRSET(1.0),31/07/24 23:00:00,A,NR,TST_CV,XK,2020,0,
ESTAT:RAIL_EQ_TRSET(1.0),31/07/24 23:00:00,A,NR,TST_CV,XK,2021,0,
ESTAT:RAIL_EQ_TRSET(1.0),31/07/24 23:00:00,A,NR,TST_HSPD,AL,2020,0,
ESTAT:RAIL_EQ_TRSET(1.0),31/07/24 23:00:00,A,NR,TST_HSPD,BA,2017,0,
ESTAT:RAIL_EQ_TRSET(1.0),31/07/24 23:00:00,A,NR,TST_HSPD,BA,2019,0,
ESTAT:RAIL_EQ_TRSET(1.0),31/07/24 23:00:00,A,NR,TST_HSPD,DK,2008,0,s
ESTAT:RAIL_EQ_TRSET(1.0),31/07/24 23:00:00,A,NR,TST_HSPD,DK,2009,0,s
ESTAT:RAIL_EQ_TRSET(1.0),31/07/24 23:00:00,A,NR,TST_HSPD,DK,2010,0,s
ESTAT:RAIL_EQ_TRSET(1.0),31/07/24 23:00:00,A,NR,TST_HSPD,DK,2011,0,s
ESTAT:RAIL_EQ_TRSET(1.0),31/07/24 23:00:00,A,NR,TST_HSPD,DK,2012,0,s
ESTAT:RAIL_EQ_TRSET(1.0),31/07/24 23:00:00,A,NR,TST_HSPD,DK,2013,0,
ESTAT:RAIL_EQ_TRSET(1.0),31/07/24 23:00:00,A,NR,TST_HSPD,DK,2014,0,
ESTAT:RAIL_EQ_TRSET(1.0),31/07/24 23:00:00,A,NR,TST_HSPD,DK,2015,0,
ESTAT:RAIL_EQ_TRSET(1.0),31/07/24 23:00:00,A,NR,TST_HSPD,DK,2016,0,
ESTAT:RAIL_EQ_TRSET(1.0),31/07/24 23:00:00,A,NR,TST_HSPD,DK,2017,0,
ESTAT:RAIL_EQ_TRSET(1.0),31/07/24 23:00:00,A,NR,TST_HSPD,DK,2018,0,
ESTAT:RAIL_EQ_TRSET(1.0),31/07/24 23:00:00,A,NR,TST_HSPD,DK,2019,0,
ESTAT:RAIL_EQ_TRSET(1.0),31/07/24 23:00:00,A,NR,TST_HSPD,DK,2020,0,
ESTAT:RAIL_EQ_TRSET(1.0),31/07/24 23:00:00,A,NR,TST_HSPD,DK,2021,0,
ESTAT:RAIL_EQ_TRSET(1.0),31/07/24 23:00:00,A,NR,TST_HSPD,DK,2022,0,
ESTAT:RAIL_EQ_TRSET(1.0),31/07/24 23:00:00,A,NR,TST_HSPD,EE,2014,,z
ESTAT:RAIL_EQ_TRSET(1.0),31/07/24 23:00:00,A,NR,TST_HSPD,EE,2015,,z
ESTAT:RAIL_EQ_TRSET(1.0),31/07/24 23:00:00,A,NR,TST_HSPD,EE,2016,,z
ESTAT:RAIL_EQ_TRSET(1.0),31/07/24 23:00:00,A,NR,TST_HSPD,EE,2017,,z
ESTAT:RAIL_EQ_TRSET(1.0),31/07/24 23:00:00,A,NR,TST_HSPD,EE,2018,,z
ESTAT:RAIL_EQ_TRSET(1.0),31/07/24 23:00:00,A,NR,TST_HSPD,EE,2019,0,
ESTAT:RAIL_EQ_TRSET(1.0),31/07/24 23:00:00,A,NR,TST_HSPD,EE,2020,0,
ESTAT:RAIL_EQ_TRSET(1.0),31/07/24 23:00:00,A,NR,TST_HSPD,EE,2021,0,
ESTAT:RAIL_EQ_TRSET(1.0),31/07/24 23:00:00,A,NR,TST_HSPD,EE,2022,0,
ESTAT:RAIL_EQ_TRSET(1.0),31/07/24 23:00:00,A,NR,TST_HSPD,EL,2014,0,
ESTAT:RAIL_EQ_TRSET(1.0),31/07/24 23:00:00,A,NR,TST_HSPD,EL,2015,0,
ESTAT:RAIL_EQ_TRSET(1.0),31/07/24 23:00:00,A,NR,TST_HSPD,EL,2016,0,
ESTAT:RAIL_EQ_TRSET(1.0),31/07/24 23:00:00,A,NR,TST_HSPD,EL,2017,0,
ESTAT:RAIL_EQ_TRSET(1.0),31/07/24 23:00:00,A,NR,TST_HSPD,EL,2018,0,
ESTAT:RAIL_EQ_TRSET(1.0),31/07/24 23:00:00,A,NR,TST_HSPD,EL,2019,0,
ESTAT:RAIL_EQ_TRSET(1.0),31/07/24 23:00:00,A,NR,TST_HSPD,EL,2020,0,
ESTAT:RAIL_EQ_TRSET(1.0),31/07/24 23:00:00,A,NR,TST_HSPD,EL,2021,0,
ESTAT:RAIL_EQ_TRSET(1.0),31/07/24 23:00:00,A,NR,TST_HSPD,EL,2022,0,
ESTAT:RAIL_EQ_TRSET(1.0),31/07/24 23:00:00,A,NR,TST_HSPD,ES,2016,177,
ESTAT:RAIL_EQ_TRSET(1.0),31/07/24 23:00:00,A,NR,TST_HSPD,ES,2017,0,
ESTAT:RAIL_EQ_TRSET(1.0),31/07/24 23:00:00,A,NR,TST_HSPD,ES,2018,0,
ESTAT:RAIL_EQ_TRSET(1.0),31/07/24 23:00:00,A,NR,TST_HSPD,ES,2019,0,
ESTAT:RAIL_EQ_TRSET(1.0),31/07/24 23:00:00,A,NR,TST_HSPD,ES,2020,0,
ESTAT:RAIL_EQ_TRSET(1.0),31/07/24 23:00:00,A,NR,TST_HSPD,ES,2021,0,
ESTAT:RAIL_EQ_TRSET(1.0),31/07/24 23:00:00,A,NR,TST_HSPD,ES,2022,21,
ESTAT:RAIL_EQ_TRSET(1.0),31/07/24 23:00:00,A,NR,TST_HSPD,FI,2008,0,
ESTAT:RAIL_EQ_TRSET(1.0),31/07/24 23:00:00,A,NR,TST_HSPD,FI,2013,0,
ESTAT:RAIL_EQ_TRSET(1.0),31/07/24 23:00:00,A,NR,TST_HSPD,FI,2014,0,
ESTAT:RAIL_EQ_TRSET(1.0),31/07/24 23:00:00,A,NR,TST_HSPD,FI,2015,0,
ESTAT:RAIL_EQ_TRSET(1.0),31/07/24 23:00:00,A,NR,TST_HSPD,FI,2016,0,
ESTAT:RAIL_EQ_TRSET(1.0),31/07/24 23:00:00,A,NR,TST_HSPD,FI,2017,0,
ESTAT:RAIL_EQ_TRSET(1.0),31/07/24 23:00:00,A,NR,TST_HSPD,FI,2018,0,
ESTAT:RAIL_EQ_TRSET(1.0),31/07/24 23:00:00,A,NR,TST_HSPD,HR,2008,,z
ESTAT:RAIL_EQ_TRSET(1.0),31/07/24 23:00:00,A,NR,TST_HSPD,HR,2009,,z
ESTAT:RAIL_EQ_TRSET(1.0),31/07/24 23:00:00,A,NR,TST_HSPD,HR,2010,,z
ESTAT:RAIL_EQ_TRSET(1.0),31/07/24 23:00:00,A,NR,TST_HSPD,HR,2011,,z
ESTAT:RAIL_EQ_TRSET(1.0),31/07/24 23:00:00,A,NR,TST_HSPD,HR,2012,,z
ESTAT:RAIL_EQ_TRSET(1.0),31/07/24 23:00:00,A,NR,TST_HSPD,HR,2013,0,
ESTAT:RAIL_EQ_TRSET(1.0),31/07/24 23:00:00,A,NR,TST_HSPD,HR,2014,0,
ESTAT:RAIL_EQ_TRSET(1.0),31/07/24 23:00:00,A,NR,TST_HSPD,HR,2015,0,
ESTAT:RAIL_EQ_TRSET(1.0),31/07/24 23:00:00,A,NR,TST_HSPD,HR,2016,0,
ESTAT:RAIL_EQ_TRSET(1.0),31/07/24 23:00:00,A,NR,TST_HSPD,HR,2017,0,
ESTAT:RAIL_EQ_TRSET(1.0),31/07/24 23:00:00,A,NR,TST_HSPD,HR,2018,0,
ESTAT:RAIL_EQ_TRSET(1.0),31/07/24 23:00:00,A,NR,TST_HSPD,HR,2019,0,
ESTAT:RAIL_EQ_TRSET(1.0),31/07/24 23:00:00,A,NR,TST_HSPD,HR,2020,0,
ESTAT:RAIL_EQ_TRSET(1.0),31/07/24 23:00:00,A,NR,TST_HSPD,HR,2021,0,
ESTAT:RAIL_EQ_TRSET(1.0),31/07/24 23:00:00,A,NR,TST_HSPD,HR,2022,0,
ESTAT:RAIL_EQ_TRSET(1.0),31/07/24 23:00:00,A,NR,TST_HSPD,IT,2008,59,
ESTAT:RAIL_EQ_TRSET(1.0),31/07/24 23:00:00,A,NR,TST_HSPD,IT,2009,59,
ESTAT:RAIL_EQ_TRSET(1.0),31/07/24 23:00:00,A,NR,TST_HSPD,IT,2010,74,
ESTAT:RAIL_EQ_TRSET(1.0),31/07/24 23:00:00,A,NR,TST_HSPD,IT,2011,74,
ESTAT:RAIL_EQ_TRSET(1.0),31/07/24 23:00:00,A,NR,TST_HSPD,LT,2012,0,
ESTAT:RAIL_EQ_TRSET(1.0),31/07/24 23:00:00,A,NR,TST_HSPD,LT,2013,0,
ESTAT:RAIL_EQ_TRSET(1.0),31/07/24 23:00:00,A,NR,TST_HSPD,LT,2014,0,
ESTAT:RAIL_EQ_TRSET(1.0),31/07/24 23:00:00,A,NR,TST_HSPD,LT,2015,0,
ESTAT:RAIL_EQ_TRSET(1.0),31/07/24 23:00:00,A,NR,TST_HSPD,LT,2016,0,
ESTAT:RAIL_EQ_TRSET(1.0),31/07/24 23:00:00,A,NR,TST_HSPD,LT,2017,0,
ESTAT:RAIL_EQ_TRSET(1.0),31/07/24 23:00:00,A,NR,TST_HSPD,LT,2018,0,
ESTAT:RAIL_EQ_TRSET(1.0),31/07/24 23:00:00,A,NR,TST_HSPD,LT,2019,0,
ESTAT:RAIL_EQ_TRSET(1.0),31/07/24 23:00:00,A,NR,TST_HSPD,LT,2020,0,
ESTAT:RAIL_EQ_TRSET(1.0),31/07/24 23:00:00,A,NR,TST_HSPD,LT,2021,0,
ESTAT:RAIL_EQ_TRSET(1.0),31/07/24 23:00:00,A,NR,TST_HSPD,LT,2022,0,
ESTAT:RAIL_EQ_TRSET(1.0),31/07/24 23:00:00,A,NR,TST_HSPD,LU,2013,0,
ESTAT:RAIL_EQ_TRSET(1.0),31/07/24 23:00:00,A,NR,TST_HSPD,LU,2021,0,
ESTAT:RAIL_EQ_TRSET(1.0),31/07/24 23:00:00,A,NR,TST_HSPD,LU,2022,0,
ESTAT:RAIL_EQ_TRSET(1.0),31/07/24 23:00:00,A,NR,TST_HSPD,LV,2008,0,
ESTAT:RAIL_EQ_TRSET(1.0),31/07/24 23:00:00,A,NR,TST_HSPD,LV,2009,0,
ESTAT:RAIL_EQ_TRSET(1.0),31/07/24 23:00:00,A,NR,TST_HSPD,LV,2010,0,
ESTAT:RAIL_EQ_TRSET(1.0),31/07/24 23:00:00,A,NR,TST_HSPD,LV,2011,0,
ESTAT:RAIL_EQ_TRSET(1.0),31/07/24 23:00:00,A,NR,TST_HSPD,LV,2012,0,
ESTAT:RAIL_EQ_TRSET(1.0),31/07/24 23:00:00,A,NR,TST_HSPD,LV,2013,0,
ESTAT:RAIL_EQ_TRSET(1.0),31/07/24 23:00:00,A,NR,TST_HSPD,LV,2014,0,
ESTAT:RAIL_EQ_TRSET(1.0),31/07/24 23:00:00,A,NR,TST_HSPD,LV,2015,0,
ESTAT:RAIL_EQ_TRSET(1.0),31/07/24 23:00:00,A,NR,TST_HSPD,LV,2016,0,
ESTAT:RAIL_EQ_TRSET(1.0),31/07/24 23:00:00,A,NR,TST_HSPD,LV,2017,0,
ESTAT:RAIL_EQ_TRSET(1.0),31/07/24 23:00:00,A,NR,TST_HSPD,LV,2018,0,
ESTAT:RAIL_EQ_TRSET(1.0),31/07/24 23:00:00,A,NR,TST_HSPD,LV,2019,0,
ESTAT:RAIL_EQ_TRSET(1.0),31/07/24 23:00:00,A,NR,TST_HSPD,LV,2020,0,
ESTAT:RAIL_EQ_TRSET(1.0),31/07/24 23:00:00,A,NR,TST_HSPD,LV,2021,0,
ESTAT:RAIL_EQ_TRSET(1.0),31/07/24 23:00:00,A,NR,TST_HSPD,LV,2022,0,
ESTAT:RAIL_EQ_TRSET(1.0),31/07/24 23:00:00,A,NR,TST_HSPD,MD,2022,0,
ESTAT:RAIL_EQ_TRSET(1.0),31/07/24 23:00:00,A,NR,TST_HSPD,ME,2016,0,
ESTAT:RAIL_EQ_TRSET(1.0),31/07/24 23:00:00,A,NR,TST_HSPD,ME,2017,0,
ESTAT:RAIL_EQ_TRSET(1.0),31/07/24 23:00:00,A,NR,TST_HSPD,ME,2018,0,
ESTAT:RAIL_EQ_TRSET(1.0),31/07/24 23:00:00,A,NR,TST_HSPD,PL,2015,,z
ESTAT:RAIL_EQ_TRSET(1.0),31/07/24 23:00:00,A,NR,TST_HSPD,PL,2017,0,
ESTAT:RAIL_EQ_TRSET(1.0),31/07/24 23:00:00,A,NR,TST_HSPD,PT,2013,0,
ESTAT:RAIL_EQ_TRSET(1.0),31/07/24 23:00:00,A,NR,TST_HSPD,PT,2014,0,
ESTAT:RAIL_EQ_TRSET(1.0),31/07/24 23:00:00,A,NR,TST_HSPD,PT,2015,0,
ESTAT:RAIL_EQ_TRSET(1.0),31/07/24 23:00:00,A,NR,TST_HSPD,PT,2016,0,
ESTAT:RAIL_EQ_TRSET(1.0),31/07/24 23:00:00,A,NR,TST_HSPD,PT,2017,0,
ESTAT:RAIL_EQ_TRSET(1.0),31/07/24 23:00:00,A,NR,TST_HSPD,PT,2018,0,
ESTAT:RAIL_EQ_TRSET(1.0),31/07/24 23:00:00,A,NR,TST_HSPD,PT,2019,0,
ESTAT:RAIL_EQ_TRSET(1.0),31/07/24 23:00:00,A,NR,TST_HSPD,PT,2020,0,
ESTAT:RAIL_EQ_TRSET(1.0),31/07/24 23:00:00,A,NR,TST_HSPD,PT,2021,0,
ESTAT:RAIL_EQ_TRSET(1.0),31/07/24 23:00:00,A,NR,TST_HSPD,PT,2022,0,
ESTAT:RAIL_EQ_TRSET(1.0),31/07/24 23:00:00,A,NR,TST_HSPD,RO,2019,,z
ESTAT:RAIL_EQ_TRSET(1.0),31/07/24 23:00:00,A,NR,TST_HSPD,RS,2008,0,
ESTAT:RAIL_EQ_TRSET(1.0),31/07/24 23:00:00,A,NR,TST_HSPD,RS,2009,0,
ESTAT:RAIL_EQ_TRSET(1.0),31/07/24 23:00:00,A,NR,TST_HSPD,RS,2010,0,
ESTAT:RAIL_EQ_TRSET(1.0),31/07/24 23:00:00,A,NR,TST_HSPD,RS,2011,0,
ESTAT:RAIL_EQ_TRSET(1.0),31/07/24 23:00:00,A,NR,TST_HSPD,RS,2013,0,
ESTAT:RAIL_EQ_TRSET(1.0),31/07/24 23:00:00,A,NR,TST_HSPD,RS,2014,0,
ESTAT:RAIL_EQ_TRSET(1.0),31/07/24 23:00:00,A,NR,TST_HSPD,RS,2015,0,
ESTAT:RAIL_EQ_TRSET(1.0),31/07/24 23:00:00,A,NR,TST_HSPD,RS,2016,0,
ESTAT:RAIL_EQ_TRSET(1.0),31/07/24 23:00:00,A,NR,TST_HSPD,RS,2019,0,
ESTAT:RAIL_EQ_TRSET(1.0),31/07/24 23:00:00,A,NR,TST_HSPD,SE,2008,0,
ESTAT:RAIL_EQ_TRSET(1.0),31/07/24 23:00:00,A,NR,TST_HSPD,SE,2009,0,
ESTAT:RAIL_EQ_TRSET(1.0),31/07/24 23:00:00,A,NR,TST_HSPD,SE,2010,0,
ESTAT:RAIL_EQ_TRSET(1.0),31/07/24 23:00:00,A,NR,TST_HSPD,SE,2011,0,
ESTAT:RAIL_EQ_TRSET(1.0),31/07/24 23:00:00,A,NR,TST_HSPD,SE,2012,0,
ESTAT:RAIL_EQ_TRSET(1.0),31/07/24 23:00:00,A,NR,TST_HSPD,SE,2013,0,
ESTAT:RAIL_EQ_TRSET(1.0),31/07/24 23:00:00,A,NR,TST_HSPD,SE,2014,0,
ESTAT:RAIL_EQ_TRSET(1.0),31/07/24 23:00:00,A,NR,TST_HSPD,SE,2015,0,
ESTAT:RAIL_EQ_TRSET(1.0),31/07/24 23:00:00,A,NR,TST_HSPD,SE,2016,0,
ESTAT:RAIL_EQ_TRSET(1.0),31/07/24 23:00:00,A,NR,TST_HSPD,SE,2017,0,
ESTAT:RAIL_EQ_TRSET(1.0),31/07/24 23:00:00,A,NR,TST_HSPD,SE,2018,0,
ESTAT:RAIL_EQ_TRSET(1.0),31/07/24 23:00:00,A,NR,TST_HSPD,SE,2019,0,
ESTAT:RAIL_EQ_TRSET(1.0),31/07/24 23:00:00,A,NR,TST_HSPD,SE,2020,0,
ESTAT:RAIL_EQ_TRSET(1.0),31/07/24 23:00:00,A,NR,TST_HSPD,SE,2021,0,
ESTAT:RAIL_EQ_TRSET(1.0),31/07/24 23:00:00,A,NR,TST_HSPD,SE,2022,0,
ESTAT:RAIL_EQ_TRSET(1.0),31/07/24 23:00:00,A,NR,TST_HSPD,SI,2014,,z
ESTAT:RAIL_EQ_TRSET(1.0),31/07/24 23:00:00,A,NR,TST_HSPD,SI,2015,,z
ESTAT:RAIL_EQ_TRSET(1.0),31/07/24 23:00:00,A,NR,TST_HSPD,SI,2016,,z
ESTAT:RAIL_EQ_TRSET(1.0),31/07/24 23:00:00,A,NR,TST_HSPD,SI,2017,,z
ESTAT:RAIL_EQ_TRSET(1.0),31/07/24 23:00:00,A,NR,TST_HSPD,SI,2018,,z
ESTAT:RAIL_EQ_TRSET(1.0),31/07/24 23:00:00,A,NR,TST_HSPD,SI,2019,,z
ESTAT:RAIL_EQ_TRSET(1.0),31/07/24 23:00:00,A,NR,TST_HSPD,SI,2020,0,
ESTAT:RAIL_EQ_TRSET(1.0),31/07/24 23:00:00,A,NR,TST_HSPD,SI,2021,0,
ESTAT:RAIL_EQ_TRSET(1.0),31/07/24 23:00:00,A,NR,TST_HSPD,SI,2022,0,
ESTAT:RAIL_EQ_TRSET(1.0),31/07/24 23:00:00,A,NR,TST_HSPD,SK,2013,0,
ESTAT:RAIL_EQ_TRSET(1.0),31/07/24 23:00:00,A,NR,TST_HSPD,SK,2014,0,
ESTAT:RAIL_EQ_TRSET(1.0),31/07/24 23:00:00,A,NR,TST_HSPD,SK,2015,0,
ESTAT:RAIL_EQ_TRSET(1.0),31/07/24 23:00:00,A,NR,TST_HSPD,SK,2016,0,
ESTAT:RAIL_EQ_TRSET(1.0),31/07/24 23:00:00,A,NR,TST_HSPD,SK,2017,0,
ESTAT:RAIL_EQ_TRSET(1.0),31/07/24 23:00:00,A,NR,TST_HSPD,SK,2018,0,
ESTAT:RAIL_EQ_TRSET(1.0),31/07/24 23:00:00,A,NR,TST_HSPD,SK,2019,0,
ESTAT:RAIL_EQ_TRSET(1.0),31/07/24 23:00:00,A,NR,TST_HSPD,SK,2020,0,
ESTAT:RAIL_EQ_TRSET(1.0),31/07/24 23:00:00,A,NR,TST_HSPD,SK,2021,0,
ESTAT:RAIL_EQ_TRSET(1.0),31/07/24 23:00:00,A,NR,TST_HSPD,SK,2022,0,
ESTAT:RAIL_EQ_TRSET(1.0),31/07/24 23:00:00,A,NR,TST_HSPD,TR,2009,7,
ESTAT:RAIL_EQ_TRSET(1.0),31/07/24 23:00:00,A,NR,TST_HSPD,TR,2010,12,
ESTAT:RAIL_EQ_TRSET(1.0),31/07/24 23:00:00,A,NR,TST_HSPD,TR,2011,12,
ESTAT:RAIL_EQ_TRSET(1.0),31/07/24 23:00:00,A,NR,TST_HSPD,TR,2012,12,
ESTAT:RAIL_EQ_TRSET(1.0),31/07/24 23:00:00,A,NR,TST_HSPD,TR,2013,12,
ESTAT:RAIL_EQ_TRSET(1.0),31/07/24 23:00:00,A,NR,TST_HSPD,TR,2014,12,
ESTAT:RAIL_EQ_TRSET(1.0),31/07/24 23:00:00,A,NR,TST_HSPD,TR,2015,13,
ESTAT:RAIL_EQ_TRSET(1.0),31/07/24 23:00:00,A,NR,TST_HSPD,TR,2016,19,
ESTAT:RAIL_EQ_TRSET(1.0),31/07/24 23:00:00,A,NR,TST_HSPD,TR,2017,19,
ESTAT:RAIL_EQ_TRSET(1.0),31/07/24 23:00:00,A,NR,TST_HSPD,TR,2018,19,
ESTAT:RAIL_EQ_TRSET(1.0),31/07/24 23:00:00,A,NR,TST_HSPD,TR,2019,19,
ESTAT:RAIL_EQ_TRSET(1.0),31/07/24 23:00:00,A,NR,TST_HSPD,TR,2020,26,
ESTAT:RAIL_EQ_TRSET(1.0),31/07/24 23:00:00,A,NR,TST_HSPD,XK,2018,0,
ESTAT:RAIL_EQ_TRSET(1.0),31/07/24 23:00:00,A,NR,TST_HSPD,XK,2019,0,
ESTAT:RAIL_EQ_TRSET(1.0),31/07/24 23:00:00,A,NR,TST_HSPD,XK,2020,0,
ESTAT:RAIL_EQ_TRSET(1.0),31/07/24 23:00:00,A,NR,TST_HSPD,XK,2021,0,
ESTAT:RAIL_EQ_TRSET(1.0),31/07/24 23:00:00,A,NR,TST_THSPD,AL,2020,0,
ESTAT:RAIL_EQ_TRSET(1.0),31/07/24 23:00:00,A,NR,TST_THSPD,BA,2017,9,
ESTAT:RAIL_EQ_TRSET(1.0),31/07/24 23:00:00,A,NR,TST_THSPD,BA,2018,9,
ESTAT:RAIL_EQ_TRSET(1.0),31/07/24 23:00:00,A,NR,TST_THSPD,BA,2019,9,
ESTAT:RAIL_EQ_TRSET(1.0),31/07/24 23:00:00,A,NR,TST_THSPD,BA,2020,9,
ESTAT:RAIL_EQ_TRSET(1.0),31/07/24 23:00:00,A,NR,TST_THSPD,BA,2021,9,
ESTAT:RAIL_EQ_TRSET(1.0),31/07/24 23:00:00,A,NR,TST_THSPD,BA,2022,9,
ESTAT:RAIL_EQ_TRSET(1.0),31/07/24 23:00:00,A,NR,TST_THSPD,DK,2008,0,s
ESTAT:RAIL_EQ_TRSET(1.0),31/07/24 23:00:00,A,NR,TST_THSPD,DK,2009,0,s
ESTAT:RAIL_EQ_TRSET(1.0),31/07/24 23:00:00,A,NR,TST_THSPD,DK,2010,0,s
ESTAT:RAIL_EQ_TRSET(1.0),31/07/24 23:00:00,A,NR,TST_THSPD,DK,2011,0,s
ESTAT:RAIL_EQ_TRSET(1.0),31/07/24 23:00:00,A,NR,TST_THSPD,DK,2012,0,s
ESTAT:RAIL_EQ_TRSET(1.0),31/07/24 23:00:00,A,NR,TST_THSPD,DK,2013,0,
ESTAT:RAIL_EQ_TRSET(1.0),31/07/24 23:00:00,A,NR,TST_THSPD,DK,2014,0,
ESTAT:RAIL_EQ_TRSET(1.0),31/07/24 23:00:00,A,NR,TST_THSPD,DK,2015,0,
ESTAT:RAIL_EQ_TRSET(1.0),31/07/24 23:00:00,A,NR,TST_THSPD,DK,2016,0,
ESTAT:RAIL_EQ_TRSET(1.0),31/07/24 23:00:00,A,NR,TST_THSPD,DK,2017,0,
ESTAT:RAIL_EQ_TRSET(1.0),31/07/24 23:00:00,A,NR,TST_THSPD,DK,2018,0,
ESTAT:RAIL_EQ_TRSET(1.0),31/07/24 23:00:00,A,NR,TST_THSPD,DK,2019,0,
ESTAT:RAIL_EQ_TRSET(1.0),31/07/24 23:00:00,A,NR,TST_THSPD,DK,2020,0,
ESTAT:RAIL_EQ_TRSET(1.0),31/07/24 23:00:00,A,NR,TST_THSPD,DK,2021,0,
ESTAT:RAIL_EQ_TRSET(1.0),31/07/24 23:00:00,A,NR,TST_THSPD,DK,2022,0,
ESTAT:RAIL_EQ_TRSET(1.0),31/07/24 23:00:00,A,NR,TST_THSPD,EE,2014,,z
ESTAT:RAIL_EQ_TRSET(1.0),31/07/24 23:00:00,A,NR,TST_THSPD,EE,2015,,z
ESTAT:RAIL_EQ_TRSET(1.0),31/07/24 23:00:00,A,NR,TST_THSPD,EE,2016,,z
ESTAT:RAIL_EQ_TRSET(1.0),31/07/24 23:00:00,A,NR,TST_THSPD,EE,2017,,z
ESTAT:RAIL_EQ_TRSET(1.0),31/07/24 23:00:00,A,NR,TST_THSPD,EE,2018,,z
ESTAT:RAIL_EQ_TRSET(1.0),31/07/24 23:00:00,A,NR,TST_THSPD,EE,2019,0,
ESTAT:RAIL_EQ_TRSET(1.0),31/07/24 23:00:00,A,NR,TST_THSPD,EE,2020,0,
ESTAT:RAIL_EQ_TRSET(1.0),31/07/24 23:00:00,A,NR,TST_THSPD,EE,2021,0,
ESTAT:RAIL_EQ_TRSET(1.0),31/07/24 23:00:00,A,NR,TST_THSPD,EE,2022,0,
ESTAT:RAIL_EQ_TRSET(1.0),31/07/24 23:00:00,A,NR,TST_THSPD,EL,2014,0,
ESTAT:RAIL_EQ_TRSET(1.0),31/07/24 23:00:00,A,NR,TST_THSPD,EL,2015,0,
ESTAT:RAIL_EQ_TRSET(1.0),31/07/24 23:00:00,A,NR,TST_THSPD,EL,2016,0,
ESTAT:RAIL_EQ_TRSET(1.0),31/07/24 23:00:00,A,NR,TST_THSPD,EL,2017,0,
ESTAT:RAIL_EQ_TRSET(1.0),31/07/24 23:00:00,A,NR,TST_THSPD,EL,2018,0,
ESTAT:RAIL_EQ_TRSET(1.0),31/07/24 23:00:00,A,NR,TST_THSPD,EL,2019,0,
ESTAT:RAIL_EQ_TRSET(1.0),31/07/24 23:00:00,A,NR,TST_THSPD,EL,2020,0,
ESTAT:RAIL_EQ_TRSET(1.0),31/07/24 23:00:00,A,NR,TST_THSPD,EL,2021,0,
ESTAT:RAIL_EQ_TRSET(1.0),31/07/24 23:00:00,A,NR,TST_THSPD,EL,2022,0,
ESTAT:RAIL_EQ_TRSET(1.0),31/07/24 23:00:00,A,NR,TST_THSPD,ES,2009,166,
ESTAT:RAIL_EQ_TRSET(1.0),31/07/24 23:00:00,A,NR,TST_THSPD,ES,2016,0,
ESTAT:RAIL_EQ_TRSET(1.0),31/07/24 23:00:00,A,NR,TST_THSPD,ES,2017,11,
ESTAT:RAIL_EQ_TRSET(1.0),31/07/24 23:00:00,A,NR,TST_THSPD,ES,2018,12,
ESTAT:RAIL_EQ_TRSET(1.0),31/07/24 23:00:00,A,NR,TST_THSPD,ES,2019,212,
ESTAT:RAIL_EQ_TRSET(1.0),31/07/24 23:00:00,A,NR,TST_THSPD,ES,2020,212,
ESTAT:RAIL_EQ_TRSET(1.0),31/07/24 23:00:00,A,NR,TST_THSPD,ES,2021,217,
ESTAT:RAIL_EQ_TRSET(1.0),31/07/24 23:00:00,A,NR,TST_THSPD,ES,2022,217,
ESTAT:RAIL_EQ_TRSET(1.0),31/07/24 23:00:00,A,NR,TST_THSPD,FI,2008,18,
ESTAT:RAIL_EQ_TRSET(1.0),31/07/24 23:00:00,A,NR,TST_THSPD,FI,2009,18,
ESTAT:RAIL_EQ_TRSET(1.0),31/07/24 23:00:00,A,NR,TST_THSPD,FI,2010,22,
ESTAT:RAIL_EQ_TRSET(1.0),31/07/24 23:00:00,A,NR,TST_THSPD,FI,2011,22,
ESTAT:RAIL_EQ_TRSET(1.0),31/07/24 23:00:00,A,NR,TST_THSPD,FI,2012,22,
ESTAT:RAIL_EQ_TRSET(1.0),31/07/24 23:00:00,A,NR,TST_THSPD,FI,2013,22,
ESTAT:RAIL_EQ_TRSET(1.0),31/07/24 23:00:00,A,NR,TST_THSPD,FI,2014,22,
ESTAT:RAIL_EQ_TRSET(1.0),31/07/24 23:00:00,A,NR,TST_THSPD,FI,2015,22,
ESTAT:RAIL_EQ_TRSET(1.0),31/07/24 23:00:00,A,NR,TST_THSPD,FI,2016,22,
ESTAT:RAIL_EQ_TRSET(1.0),31/07/24 23:00:00,A,NR,TST_THSPD,FI,2017,22,
ESTAT:RAIL_EQ_TRSET(1.0),31/07/24 23:00:00,A,NR,TST_THSPD,FI,2018,22,
ESTAT:RAIL_EQ_TRSET(1.0),31/07/24 23:00:00,A,NR,TST_THSPD,HR,2008,,z
ESTAT:RAIL_EQ_TRSET(1.0),31/07/24 23:00:00,A,NR,TST_THSPD,HR,2009,,z
ESTAT:RAIL_EQ_TRSET(1.0),31/07/24 23:00:00,A,NR,TST_THSPD,HR,2010,,z
ESTAT:RAIL_EQ_TRSET(1.0),31/07/24 23:00:00,A,NR,TST_THSPD,HR,2011,,z
ESTAT:RAIL_EQ_TRSET(1.0),31/07/24 23:00:00,A,NR,TST_THSPD,HR,2012,,z
ESTAT:RAIL_EQ_TRSET(1.0),31/07/24 23:00:00,A,NR,TST_THSPD,HR,2013,0,
ESTAT:RAIL_EQ_TRSET(1.0),31/07/24 23:00:00,A,NR,TST_THSPD,HR,2014,0,
ESTAT:RAIL_EQ_TRSET(1.0),31/07/24 23:00:00,A,NR,TST_THSPD,HR,2015,0,
ESTAT:RAIL_EQ_TRSET(1.0),31/07/24 23:00:00,A,NR,TST_THSPD,HR,2016,0,
ESTAT:RAIL_EQ_TRSET(1.0),31/07/24 23:00:00,A,NR,TST_THSPD,HR,2017,0,
ESTAT:RAIL_EQ_TRSET(1.0),31/07/24 23:00:00,A,NR,TST_THSPD,HR,2018,0,
ESTAT:RAIL_EQ_TRSET(1.0),31/07/24 23:00:00,A,NR,TST_THSPD,HR,2019,0,
ESTAT:RAIL_EQ_TRSET(1.0),31/07/24 23:00:00,A,NR,TST_THSPD,HR,2020,0,
ESTAT:RAIL_EQ_TRSET(1.0),31/07/24 23:00:00,A,NR,TST_THSPD,HR,2021,0,
ESTAT:RAIL_EQ_TRSET(1.0),31/07/24 23:00:00,A,NR,TST_THSPD,HR,2022,0,
ESTAT:RAIL_EQ_TRSET(1.0),31/07/24 23:00:00,A,NR,TST_THSPD,IT,2008,15,
ESTAT:RAIL_EQ_TRSET(1.0),31/07/24 23:00:00,A,NR,TST_THSPD,IT,2009,26,
ESTAT:RAIL_EQ_TRSET(1.0),31/07/24 23:00:00,A,NR,TST_THSPD,IT,2010,27,
ESTAT:RAIL_EQ_TRSET(1.0),31/07/24 23:00:00,A,NR,TST_THSPD,IT,2011,40,
ESTAT:RAIL_EQ_TRSET(1.0),31/07/24 23:00:00,A,NR,TST_THSPD,LT,2012,0,
ESTAT:RAIL_EQ_TRSET(1.0),31/07/24 23:00:00,A,NR,TST_THSPD,LT,2013,0,
ESTAT:RAIL_EQ_TRSET(1.0),31/07/24 23:00:00,A,NR,TST_THSPD,LT,2014,0,
ESTAT:RAIL_EQ_TRSET(1.0),31/07/24 23:00:00,A,NR,TST_THSPD,LT,2015,0,
ESTAT:RAIL_EQ_TRSET(1.0),31/07/24 23:00:00,A,NR,TST_THSPD,LT,2016,0,
ESTAT:RAIL_EQ_TRSET(1.0),31/07/24 23:00:00,A,NR,TST_THSPD,LT,2017,0,
ESTAT:RAIL_EQ_TRSET(1.0),31/07/24 23:00:00,A,NR,TST_THSPD,LT,2018,0,
ESTAT:RAIL_EQ_TRSET(1.0),31/07/24 23:00:00,A,NR,TST_THSPD,LT,2019,0,
ESTAT:RAIL_EQ_TRSET(1.0),31/07/24 23:00:00,A,NR,TST_THSPD,LT,2020,0,
ESTAT:RAIL_EQ_TRSET(1.0),31/07/24 23:00:00,A,NR,TST_THSPD,LT,2021,0,
ESTAT:RAIL_EQ_TRSET(1.0),31/07/24 23:00:00,A,NR,TST_THSPD,LT,2022,0,
ESTAT:RAIL_EQ_TRSET(1.0),31/07/24 23:00:00,A,NR,TST_THSPD,LU,2013,0,
ESTAT:RAIL_EQ_TRSET(1.0),31/07/24 23:00:00,A,NR,TST_THSPD,LU,2021,0,
ESTAT:RAIL_EQ_TRSET(1.0),31/07/24 23:00:00,A,NR,TST_THSPD,LU,2022,0,
ESTAT:RAIL_EQ_TRSET(1.0),31/07/24 23:00:00,A,NR,TST_THSPD,LV,2008,0,
ESTAT:RAIL_EQ_TRSET(1.0),31/07/24 23:00:00,A,NR,TST_THSPD,LV,2009,0,
ESTAT:RAIL_EQ_TRSET(1.0),31/07/24 23:00:00,A,NR,TST_THSPD,LV,2010,0,
ESTAT:RAIL_EQ_TRSET(1.0),31/07/24 23:00:00,A,NR,TST_THSPD,LV,2011,0,
ESTAT:RAIL_EQ_TRSET(1.0),31/07/24 23:00:00,A,NR,TST_THSPD,LV,2012,0,
ESTAT:RAIL_EQ_TRSET(1.0),31/07/24 23:00:00,A,NR,TST_THSPD,LV,2013,0,
ESTAT:RAIL_EQ_TRSET(1.0),31/07/24 23:00:00,A,NR,TST_THSPD,LV,2014,0,
ESTAT:RAIL_EQ_TRSET(1.0),31/07/24 23:00:00,A,NR,TST_THSPD,LV,2015,0,
ESTAT:RAIL_EQ_TRSET(1.0),31/07/24 23:00:00,A,NR,TST_THSPD,LV,2016,0,
ESTAT:RAIL_EQ_TRSET(1.0),31/07/24 23:00:00,A,NR,TST_THSPD,LV,2017,0,
ESTAT:RAIL_EQ_TRSET(1.0),31/07/24 23:00:00,A,NR,TST_THSPD,LV,2018,0,
ESTAT:RAIL_EQ_TRSET(1.0),31/07/24 23:00:00,A,NR,TST_THSPD,LV,2019,0,
ESTAT:RAIL_EQ_TRSET(1.0),31/07/24 23:00:00,A,NR,TST_THSPD,LV,2020,0,
ESTAT:RAIL_EQ_TRSET(1.0),31/07/24 23:00:00,A,NR,TST_THSPD,LV,2021,0,
ESTAT:RAIL_EQ_TRSET(1.0),31/07/24 23:00:00,A,NR,TST_THSPD,LV,2022,0,
ESTAT:RAIL_EQ_TRSET(1.0),31/07/24 23:00:00,A,NR,TST_THSPD,MD,2022,0,
ESTAT:RAIL_EQ_TRSET(1.0),31/07/24 23:00:00,A,NR,TST_THSPD,ME,2016,0,
ESTAT:RAIL_EQ_TRSET(1.0),31/07/24 23:00:00,A,NR,TST_THSPD,ME,2017,0,
ESTAT:RAIL_EQ_TRSET(1.0),31/07/24 23:00:00,A,NR,TST_THSPD,ME,2018,0,
ESTAT:RAIL_EQ_TRSET(1.0),31/07/24 23:00:00,A,NR,TST_THSPD,PL,2015,,z
ESTAT:RAIL_EQ_TRSET(1.0),31/07/24 23:00:00,A,NR,TST_THSPD,RO,2019,,z
ESTAT:RAIL_EQ_TRSET(1.0),31/07/24 23:00:00,A,NR,TST_THSPD,RS,2008,0,
ESTAT:RAIL_EQ_TRSET(1.0),31/07/24 23:00:00,A,NR,TST_THSPD,RS,2009,0,
ESTAT:RAIL_EQ_TRSET(1.0),31/07/24 23:00:00,A,NR,TST_THSPD,RS,2010,0,
ESTAT:RAIL_EQ_TRSET(1.0),31/07/24 23:00:00,A,NR,TST_THSPD,RS,2011,0,
ESTAT:RAIL_EQ_TRSET(1.0),31/07/24 23:00:00,A,NR,TST_THSPD,RS,2013,0,
ESTAT:RAIL_EQ_TRSET(1.0),31/07/24 23:00:00,A,NR,TST_THSPD,RS,2014,0,
ESTAT:RAIL_EQ_TRSET(1.0),31/07/24 23:00:00,A,NR,TST_THSPD,RS,2015,0,
ESTAT:RAIL_EQ_TRSET(1.0),31/07/24 23:00:00,A,NR,TST_THSPD,RS,2016,0,
ESTAT:RAIL_EQ_TRSET(1.0),31/07/24 23:00:00,A,NR,TST_THSPD,RS,2019,0,
ESTAT:RAIL_EQ_TRSET(1.0),31/07/24 23:00:00,A,NR,TST_THSPD,SE,2008,125,
ESTAT:RAIL_EQ_TRSET(1.0),31/07/24 23:00:00,A,NR,TST_THSPD,SE,2009,125,
ESTAT:RAIL_EQ_TRSET(1.0),31/07/24 23:00:00,A,NR,TST_THSPD,SE,2010,128,
ESTAT:RAIL_EQ_TRSET(1.0),31/07/24 23:00:00,A,NR,TST_THSPD,SE,2011,137,
ESTAT:RAIL_EQ_TRSET(1.0),31/07/24 23:00:00,A,NR,TST_THSPD,SE,2012,151,
ESTAT:RAIL_EQ_TRSET(1.0),31/07/24 23:00:00,A,NR,TST_THSPD,SE,2013,162,
ESTAT:RAIL_EQ_TRSET(1.0),31/07/24 23:00:00,A,NR,TST_THSPD,SE,2014,163,
ESTAT:RAIL_EQ_TRSET(1.0),31/07/24 23:00:00,A,NR,TST_THSPD,SE,2015,169,
ESTAT:RAIL_EQ_TRSET(1.0),31/07/24 23:00:00,A,NR,TST_THSPD,SE,2016,169,
ESTAT:RAIL_EQ_TRSET(1.0),31/07/24 23:00:00,A,NR,TST_THSPD,SE,2017,171,
ESTAT:RAIL_EQ_TRSET(1.0),31/07/24 23:00:00,A,NR,TST_THSPD,SE,2018,171,
ESTAT:RAIL_EQ_TRSET(1.0),31/07/24 23:00:00,A,NR,TST_THSPD,SE,2019,171,
ESTAT:RAIL_EQ_TRSET(1.0),31/07/24 23:00:00,A,NR,TST_THSPD,SE,2020,206,
ESTAT:RAIL_EQ_TRSET(1.0),31/07/24 23:00:00,A,NR,TST_THSPD,SE,2021,218,
ESTAT:RAIL_EQ_TRSET(1.0),31/07/24 23:00:00,A,NR,TST_THSPD,SE,2022,221,
ESTAT:RAIL_EQ_TRSET(1.0),31/07/24 23:00:00,A,NR,TST_THSPD,SI,2014,,z
ESTAT:RAIL_EQ_TRSET(1.0),31/07/24 23:00:00,A,NR,TST_THSPD,SI,2015,,z
ESTAT:RAIL_EQ_TRSET(1.0),31/07/24 23:00:00,A,NR,TST_THSPD,SI,2016,,z
ESTAT:RAIL_EQ_TRSET(1.0),31/07/24 23:00:00,A,NR,TST_THSPD,SI,2017,,z
ESTAT:RAIL_EQ_TRSET(1.0),31/07/24 23:00:00,A,NR,TST_THSPD,SI,2018,,z
ESTAT:RAIL_EQ_TRSET(1.0),31/07/24 23:00:00,A,NR,TST_THSPD,SI,2019,,z
ESTAT:RAIL_EQ_TRSET(1.0),31/07/24 23:00:00,A,NR,TST_THSPD,SI,2020,0,
ESTAT:RAIL_EQ_TRSET(1.0),31/07/24 23:00:00,A,NR,TST_THSPD,SI,2021,0,
ESTAT:RAIL_EQ_TRSET(1.0),31/07/24 23:00:00,A,NR,TST_THSPD,SI,2022,0,
ESTAT:RAIL_EQ_TRSET(1.0),31/07/24 23:00:00,A,NR,TST_THSPD,SK,2013,0,
ESTAT:RAIL_EQ_TRSET(1.0),31/07/24 23:00:00,A,NR,TST_THSPD,SK,2014,0,
ESTAT:RAIL_EQ_TRSET(1.0),31/07/24 23:00:00,A,NR,TST_THSPD,SK,2015,0,
ESTAT:RAIL_EQ_TRSET(1.0),31/07/24 23:00:00,A,NR,TST_THSPD,SK,2016,0,
ESTAT:RAIL_EQ_TRSET(1.0),31/07/24 23:00:00,A,NR,TST_THSPD,SK,2017,0,
ESTAT:RAIL_EQ_TRSET(1.0),31/07/24 23:00:00,A,NR,TST_THSPD,SK,2018,0,
ESTAT:RAIL_EQ_TRSET(1.0),31/07/24 23:00:00,A,NR,TST_THSPD,SK,2019,0,
ESTAT:RAIL_EQ_TRSET(1.0),31/07/24 23:00:00,A,NR,TST_THSPD,SK,2020,0,
ESTAT:RAIL_EQ_TRSET(1.0),31/07/24 23:00:00,A,NR,TST_THSPD,SK,2021,0,
ESTAT:RAIL_EQ_TRSET(1.0),31/07/24 23:00:00,A,NR,TST_THSPD,SK,2022,0,
ESTAT:RAIL_EQ_TRSET(1.0),31/07/24 23:00:00,A,NR,TST_THSPD,TR,2016,0,
ESTAT:RAIL_EQ_TRSET(1.0),31/07/24 23:00:00,A,NR,TST_THSPD,TR,2017,0,
ESTAT:RAIL_EQ_TRSET(1.0),31/07/24 23:00:00,A,NR,TST_THSPD,TR,2018,0,
ESTAT:RAIL_EQ_TRSET(1.0),31/07/24 23:00:00,A,NR,TST_THSPD,TR,2019,0,
ESTAT:RAIL_EQ_TRSET(1.0),31/07/24 23:00:00,A,NR,TST_THSPD,TR,2020,0,
ESTAT:RAIL_EQ_TRSET(1.0),31/07/24 23:00:00,A,NR,TST_THSPD,XK,2018,0,
ESTAT:RAIL_EQ_TRSET(1.0),31/07/24 23:00:00,A,NR,TST_THSPD,XK,2019,0,
ESTAT:RAIL_EQ_TRSET(1.0),31/07/24 23:00:00,A,NR,TST_THSPD,XK,2020,0,
ESTAT:RAIL_EQ_TRSET(1.0),31/07/24 23:00:00,A,NR,TST_THSPD,XK,2021,0,
ESTAT:RAIL_EQ_TRSET(1.0),31/07/24 23:00:00,A,THS_SEAT,TOTAL,AL,2020,0,
ESTAT:RAIL_EQ_TRSET(1.0),31/07/24 23:00:00,A,THS_SEAT,TOTAL,BA,2017,3,
ESTAT:RAIL_EQ_TRSET(1.0),31/07/24 23:00:00,A,THS_SEAT,TOTAL,BA,2018,3,
ESTAT:RAIL_EQ_TRSET(1.0),31/07/24 23:00:00,A,THS_SEAT,TOTAL,BA,2019,3,
ESTAT:RAIL_EQ_TRSET(1.0),31/07/24 23:00:00,A,THS_SEAT,TOTAL,BA,2020,3,
ESTAT:RAIL_EQ_TRSET(1.0),31/07/24 23:00:00,A,THS_SEAT,TOTAL,BA,2021,3,
ESTAT:RAIL_EQ_TRSET(1.0),31/07/24 23:00:00,A,THS_SEAT,TOTAL,BA,2022,3,
ESTAT:RAIL_EQ_TRSET(1.0),31/07/24 23:00:00,A,THS_SEAT,TOTAL,DK,2013,134,
ESTAT:RAIL_EQ_TRSET(1.0),31/07/24 23:00:00,A,THS_SEAT,TOTAL,DK,2014,131,
ESTAT:RAIL_EQ_TRSET(1.0),31/07/24 23:00:00,A,THS_SEAT,TOTAL,DK,2015,136,
ESTAT:RAIL_EQ_TRSET(1.0),31/07/24 23:00:00,A,THS_SEAT,TOTAL,DK,2016,114,
ESTAT:RAIL_EQ_TRSET(1.0),31/07/24 23:00:00,A,THS_SEAT,TOTAL,DK,2017,106,
ESTAT:RAIL_EQ_TRSET(1.0),31/07/24 23:00:00,A,THS_SEAT,TOTAL,DK,2018,108,
ESTAT:RAIL_EQ_TRSET(1.0),31/07/24 23:00:00,A,THS_SEAT,TOTAL,DK,2019,105,
ESTAT:RAIL_EQ_TRSET(1.0),31/07/24 23:00:00,A,THS_SEAT,TOTAL,DK,2020,101,
ESTAT:RAIL_EQ_TRSET(1.0),31/07/24 23:00:00,A,THS_SEAT,TOTAL,DK,2021,102,
ESTAT:RAIL_EQ_TRSET(1.0),31/07/24 23:00:00,A,THS_SEAT,TOTAL,DK,2022,95,
ESTAT:RAIL_EQ_TRSET(1.0),31/07/24 23:00:00,A,THS_SEAT,TOTAL,EE,2017,7198,
ESTAT:RAIL_EQ_TRSET(1.0),31/07/24 23:00:00,A,THS_SEAT,TOTAL,EE,2018,7198,p
ESTAT:RAIL_EQ_TRSET(1.0),31/07/24 23:00:00,A,THS_SEAT,TOTAL,EE,2019,7198,p
ESTAT:RAIL_EQ_TRSET(1.0),31/07/24 23:00:00,A,THS_SEAT,TOTAL,EE,2020,7198,
ESTAT:RAIL_EQ_TRSET(1.0),31/07/24 23:00:00,A,THS_SEAT,TOTAL,EE,2021,7.310,
ESTAT:RAIL_EQ_TRSET(1.0),31/07/24 23:00:00,A,THS_SEAT,TOTAL,EE,2022,7.310,
ESTAT:RAIL_EQ_TRSET(1.0),31/07/24 23:00:00,A,THS_SEAT,TOTAL,EL,2014,22.300,
ESTAT:RAIL_EQ_TRSET(1.0),31/07/24 23:00:00,A,THS_SEAT,TOTAL,EL,2015,22.300,
ESTAT:RAIL_EQ_TRSET(1.0),31/07/24 23:00:00,A,THS_SEAT,TOTAL,EL,2016,22.300,
ESTAT:RAIL_EQ_TRSET(1.0),31/07/24 23:00:00,A,THS_SEAT,TOTAL,EL,2017,22.300,
ESTAT:RAIL_EQ_TRSET(1.0),31/07/24 23:00:00,A,THS_SEAT,TOTAL,EL,2018,11.870,
ESTAT:RAIL_EQ_TRSET(1.0),31/07/24 23:00:00,A,THS_SEAT,TOTAL,EL,2019,11.870,
ESTAT:RAIL_EQ_TRSET(1.0),31/07/24 23:00:00,A,THS_SEAT,TOTAL,EL,2020,11.870,
ESTAT:RAIL_EQ_TRSET(1.0),31/07/24 23:00:00,A,THS_SEAT,TOTAL,EL,2021,11.870,
ESTAT:RAIL_EQ_TRSET(1.0),31/07/24 23:00:00,A,THS_SEAT,TOTAL,EL,2022,11.750,
ESTAT:RAIL_EQ_TRSET(1.0),31/07/24 23:00:00,A,THS_SEAT,TOTAL,ES,2009,281012,
ESTAT:RAIL_EQ_TRSET(1.0),31/07/24 23:00:00,A,THS_SEAT,TOTAL,ES,2017,28211,
ESTAT:RAIL_EQ_TRSET(1.0),31/07/24 23:00:00,A,THS_SEAT,TOTAL,ES,2019,311,
ESTAT:RAIL_EQ_TRSET(1.0),31/07/24 23:00:00,A,THS_SEAT,TOTAL,ES,2020,311,
ESTAT:RAIL_EQ_TRSET(1.0),31/07/24 23:00:00,A,THS_SEAT,TOTAL,ES,2021,312,
ESTAT:RAIL_EQ_TRSET(1.0),31/07/24 23:00:00,A,THS_SEAT,TOTAL,ES,2022,320,
ESTAT:RAIL_EQ_TRSET(1.0),31/07/24 23:00:00,A,THS_SEAT,TOTAL,FI,2008,29,
ESTAT:RAIL_EQ_TRSET(1.0),31/07/24 23:00:00,A,THS_SEAT,TOTAL,FI,2009,30,
ESTAT:RAIL_EQ_TRSET(1.0),31/07/24 23:00:00,A,THS_SEAT,TOTAL,FI,2010,31,
ESTAT:RAIL_EQ_TRSET(1.0),31/07/24 23:00:00,A,THS_SEAT,TOTAL,FI,2011,33,
ESTAT:RAIL_EQ_TRSET(1.0),31/07/24 23:00:00,A,THS_SEAT,TOTAL,FI,2012,35,
ESTAT:RAIL_EQ_TRSET(1.0),31/07/24 23:00:00,A,THS_SEAT,TOTAL,FI,2013,36,
ESTAT:RAIL_EQ_TRSET(1.0),31/07/24 23:00:00,A,THS_SEAT,TOTAL,FI,2014,38,
ESTAT:RAIL_EQ_TRSET(1.0),31/07/24 23:00:00,A,THS_SEAT,TOTAL,FI,2015,38,
ESTAT:RAIL_EQ_TRSET(1.0),31/07/24 23:00:00,A,THS_SEAT,TOTAL,FI,2016,43,
ESTAT:RAIL_EQ_TRSET(1.0),31/07/24 23:00:00,A,THS_SEAT,TOTAL,FI,2017,46,
ESTAT:RAIL_EQ_TRSET(1.0),31/07/24 23:00:00,A,THS_SEAT,TOTAL,FI,2018,46,
ESTAT:RAIL_EQ_TRSET(1.0),31/07/24 23:00:00,A,THS_SEAT,TOTAL,HR,2008,11,
ESTAT:RAIL_EQ_TRSET(1.0),31/07/24 23:00:00,A,THS_SEAT,TOTAL,HR,2009,11,
ESTAT:RAIL_EQ_TRSET(1.0),31/07/24 23:00:00,A,THS_SEAT,TOTAL,HR,2010,10,
ESTAT:RAIL_EQ_TRSET(1.0),31/07/24 23:00:00,A,THS_SEAT,TOTAL,HR,2011,10,
ESTAT:RAIL_EQ_TRSET(1.0),31/07/24 23:00:00,A,THS_SEAT,TOTAL,HR,2012,11,
ESTAT:RAIL_EQ_TRSET(1.0),31/07/24 23:00:00,A,THS_SEAT,TOTAL,HR,2013,11,
ESTAT:RAIL_EQ_TRSET(1.0),31/07/24 23:00:00,A,THS_SEAT,TOTAL,HR,2014,11,
ESTAT:RAIL_EQ_TRSET(1.0),31/07/24 23:00:00,A,THS_SEAT,TOTAL,HR,2015,14,
ESTAT:RAIL_EQ_TRSET(1.0),31/07/24 23:00:00,A,THS_SEAT,TOTAL,HR,2016,15,
ESTAT:RAIL_EQ_TRSET(1.0),31/07/24 23:00:00,A,THS_SEAT,TOTAL,HR,2017,15,
ESTAT:RAIL_EQ_TRSET(1.0),31/07/24 23:00:00,A,THS_SEAT,TOTAL,HR,2018,15,
ESTAT:RAIL_EQ_TRSET(1.0),31/07/24 23:00:00,A,THS_SEAT,TOTAL,HR,2019,15,
ESTAT:RAIL_EQ_TRSET(1.0),31/07/24 23:00:00,A,THS_SEAT,TOTAL,HR,2020,15,
ESTAT:RAIL_EQ_TRSET(1.0),31/07/24 23:00:00,A,THS_SEAT,TOTAL,HR,2021,16,
ESTAT:RAIL_EQ_TRSET(1.0),31/07/24 23:00:00,A,THS_SEAT,TOTAL,HR,2022,17,
ESTAT:RAIL_EQ_TRSET(1.0),31/07/24 23:00:00,A,THS_SEAT,TOTAL,IT,2008,55,
ESTAT:RAIL_EQ_TRSET(1.0),31/07/24 23:00:00,A,THS_SEAT,TOTAL,LT,2012,12.800,
ESTAT:RAIL_EQ_TRSET(1.0),31/07/24 23:00:00,A,THS_SEAT,TOTAL,LT,2013,12.300,
ESTAT:RAIL_EQ_TRSET(1.0),31/07/24 23:00:00,A,THS_SEAT,TOTAL,LT,2014,10.600,
ESTAT:RAIL_EQ_TRSET(1.0),31/07/24 23:00:00,A,THS_SEAT,TOTAL,LT,2015,9.300,
ESTAT:RAIL_EQ_TRSET(1.0),31/07/24 23:00:00,A,THS_SEAT,TOTAL,LT,2016,11.500,
ESTAT:RAIL_EQ_TRSET(1.0),31/07/24 23:00:00,A,THS_SEAT,TOTAL,LT,2017,12,
ESTAT:RAIL_EQ_TRSET(1.0),31/07/24 23:00:00,A,THS_SEAT,TOTAL,LT,2018,11.900,
ESTAT:RAIL_EQ_TRSET(1.0),31/07/24 23:00:00,A,THS_SEAT,TOTAL,LT,2019,9.300,
ESTAT:RAIL_EQ_TRSET(1.0),31/07/24 23:00:00,A,THS_SEAT,TOTAL,LT,2020,9.300,
ESTAT:RAIL_EQ_TRSET(1.0),31/07/24 23:00:00,A,THS_SEAT,TOTAL,LT,2021,9.300,
ESTAT:RAIL_EQ_TRSET(1.0),31/07/24 23:00:00,A,THS_SEAT,TOTAL,LT,2022,9.300,
ESTAT:RAIL_EQ_TRSET(1.0),31/07/24 23:00:00,A,THS_SEAT,TOTAL,LV,2008,0,
ESTAT:RAIL_EQ_TRSET(1.0),31/07/24 23:00:00,A,THS_SEAT,TOTAL,LV,2009,0,
ESTAT:RAIL_EQ_TRSET(1.0),31/07/24 23:00:00,A,THS_SEAT,TOTAL,LV,2010,0,
ESTAT:RAIL_EQ_TRSET(1.0),31/07/24 23:00:00,A,THS_SEAT,TOTAL,LV,2011,0,
ESTAT:RAIL_EQ_TRSET(1.0),31/07/24 23:00:00,A,THS_SEAT,TOTAL,LV,2012,0,
ESTAT:RAIL_EQ_TRSET(1.0),31/07/24 23:00:00,A,THS_SEAT,TOTAL,LV,2013,0,
ESTAT:RAIL_EQ_TRSET(1.0),31/07/24 23:00:00,A,THS_SEAT,TOTAL,LV,2014,0,
ESTAT:RAIL_EQ_TRSET(1.0),31/07/24 23:00:00,A,THS_SEAT,TOTAL,LV,2015,0,
ESTAT:RAIL_EQ_TRSET(1.0),31/07/24 23:00:00,A,THS_SEAT,TOTAL,LV,2016,0,
ESTAT:RAIL_EQ_TRSET(1.0),31/07/24 23:00:00,A,THS_SEAT,TOTAL,LV,2017,0,
ESTAT:RAIL_EQ_TRSET(1.0),31/07/24 23:00:00,A,THS_SEAT,TOTAL,LV,2018,0,
ESTAT:RAIL_EQ_TRSET(1.0),31/07/24 23:00:00,A,THS_SEAT,TOTAL,LV,2019,0,
ESTAT:RAIL_EQ_TRSET(1.0),31/07/24 23:00:00,A,THS_SEAT,TOTAL,LV,2020,0,
ESTAT:RAIL_EQ_TRSET(1.0),31/07/24 23:00:00,A,THS_SEAT,TOTAL,LV,2021,0,
ESTAT:RAIL_EQ_TRSET(1.0),31/07/24 23:00:00,A,THS_SEAT,TOTAL,LV,2022,0,
ESTAT:RAIL_EQ_TRSET(1.0),31/07/24 23:00:00,A,THS_SEAT,TOTAL,ME,2016,0,
ESTAT:RAIL_EQ_TRSET(1.0),31/07/24 23:00:00,A,THS_SEAT,TOTAL,ME,2017,0,
ESTAT:RAIL_EQ_TRSET(1.0),31/07/24 23:00:00,A,THS_SEAT,TOTAL,ME,2018,0,
ESTAT:RAIL_EQ_TRSET(1.0),31/07/24 23:00:00,A,THS_SEAT,TOTAL,MK,2016,3.100,
ESTAT:RAIL_EQ_TRSET(1.0),31/07/24 23:00:00,A,THS_SEAT,TOTAL,MK,2017,3.100,
ESTAT:RAIL_EQ_TRSET(1.0),31/07/24 23:00:00,A,THS_SEAT,TOTAL,MK,2018,3.100,
ESTAT:RAIL_EQ_TRSET(1.0),31/07/24 23:00:00,A,THS_SEAT,TOTAL,MK,2019,3.100,
ESTAT:RAIL_EQ_TRSET(1.0),31/07/24 23:00:00,A,THS_SEAT,TOTAL,MK,2020,3.100,
ESTAT:RAIL_EQ_TRSET(1.0),31/07/24 23:00:00,A,THS_SEAT,TOTAL,MK,2021,3.100,
ESTAT:RAIL_EQ_TRSET(1.0),31/07/24 23:00:00,A,THS_SEAT,TOTAL,MK,2022,2.968,
ESTAT:RAIL_EQ_TRSET(1.0),31/07/24 23:00:00,A,THS_SEAT,TOTAL,PL,2015,,z
ESTAT:RAIL_EQ_TRSET(1.0),31/07/24 23:00:00,A,THS_SEAT,TOTAL,RO,2019,,z
ESTAT:RAIL_EQ_TRSET(1.0),31/07/24 23:00:00,A,THS_SEAT,TOTAL,RS,2008,49,
ESTAT:RAIL_EQ_TRSET(1.0),31/07/24 23:00:00,A,THS_SEAT,TOTAL,RS,2009,49,
ESTAT:RAIL_EQ_TRSET(1.0),31/07/24 23:00:00,A,THS_SEAT,TOTAL,RS,2010,49,
ESTAT:RAIL_EQ_TRSET(1.0),31/07/24 23:00:00,A,THS_SEAT,TOTAL,RS,2011,0,
ESTAT:RAIL_EQ_TRSET(1.0),31/07/24 23:00:00,A,THS_SEAT,TOTAL,RS,2013,19,
ESTAT:RAIL_EQ_TRSET(1.0),31/07/24 23:00:00,A,THS_SEAT,TOTAL,RS,2014,19,
ESTAT:RAIL_EQ_TRSET(1.0),31/07/24 23:00:00,A,THS_SEAT,TOTAL,RS,2015,30,
ESTAT:RAIL_EQ_TRSET(1.0),31/07/24 23:00:00,A,THS_SEAT,TOTAL,RS,2016,0,
ESTAT:RAIL_EQ_TRSET(1.0),31/07/24 23:00:00,A,THS_SEAT,TOTAL,RS,2019,0,
ESTAT:RAIL_EQ_TRSET(1.0),31/07/24 23:00:00,A,THS_SEAT,TOTAL,SE,2008,115,
ESTAT:RAIL_EQ_TRSET(1.0),31/07/24 23:00:00,A,THS_SEAT,TOTAL,SE,2009,113,
ESTAT:RAIL_EQ_TRSET(1.0),31/07/24 23:00:00,A,THS_SEAT,TOTAL,SE,2010,118,
ESTAT:RAIL_EQ_TRSET(1.0),31/07/24 23:00:00,A,THS_SEAT,TOTAL,SE,2011,122,
ESTAT:RAIL_EQ_TRSET(1.0),31/07/24 23:00:00,A,THS_SEAT,TOTAL,SE,2012,145,
ESTAT:RAIL_EQ_TRSET(1.0),31/07/24 23:00:00,A,THS_SEAT,TOTAL,SE,2013,148,
ESTAT:RAIL_EQ_TRSET(1.0),31/07/24 23:00:00,A,THS_SEAT,TOTAL,SE,2014,156,
ESTAT:RAIL_EQ_TRSET(1.0),31/07/24 23:00:00,A,THS_SEAT,TOTAL,SE,2015,157,
ESTAT:RAIL_EQ_TRSET(1.0),31/07/24 23:00:00,A,THS_SEAT,TOTAL,SE,2016,162,
ESTAT:RAIL_EQ_TRSET(1.0),31/07/24 23:00:00,A,THS_SEAT,TOTAL,SE,2017,167,
ESTAT:RAIL_EQ_TRSET(1.0),31/07/24 23:00:00,A,THS_SEAT,TOTAL,SE,2018,169,
ESTAT:RAIL_EQ_TRSET(1.0),31/07/24 23:00:00,A,THS_SEAT,TOTAL,SE,2019,172,
ESTAT:RAIL_EQ_TRSET(1.0),31/07/24 23:00:00,A,THS_SEAT,TOTAL,SE,2020,185,
ESTAT:RAIL_EQ_TRSET(1.0),31/07/24 23:00:00,A,THS_SEAT,TOTAL,SE,2021,190,
ESTAT:RAIL_EQ_TRSET(1.0),31/07/24 23:00:00,A,THS_SEAT,TOTAL,SE,2022,197,
ESTAT:RAIL_EQ_TRSET(1.0),31/07/24 23:00:00,A,THS_SEAT,TOTAL,SI,2008,22.580,
ESTAT:RAIL_EQ_TRSET(1.0),31/07/24 23:00:00,A,THS_SEAT,TOTAL,SI,2009,22.440,
ESTAT:RAIL_EQ_TRSET(1.0),31/07/24 23:00:00,A,THS_SEAT,TOTAL,SI,2010,22.160,
ESTAT:RAIL_EQ_TRSET(1.0),31/07/24 23:00:00,A,THS_SEAT,TOTAL,SI,2011,22.160,
ESTAT:RAIL_EQ_TRSET(1.0),31/07/24 23:00:00,A,THS_SEAT,TOTAL,SI,2012,22,
ESTAT:RAIL_EQ_TRSET(1.0),31/07/24 23:00:00,A,THS_SEAT,TOTAL,SI,2013,22,
ESTAT:RAIL_EQ_TRSET(1.0),31/07/24 23:00:00,A,THS_SEAT,TOTAL,SI,2014,22,
ESTAT:RAIL_EQ_TRSET(1.0),31/07/24 23:00:00,A,THS_SEAT,TOTAL,SI,2015,22,
ESTAT:RAIL_EQ_TRSET(1.0),31/07/24 23:00:00,A,THS_SEAT,TOTAL,SI,2016,22,
ESTAT:RAIL_EQ_TRSET(1.0),31/07/24 23:00:00,A,THS_SEAT,TOTAL,SI,2017,22,
ESTAT:RAIL_EQ_TRSET(1.0),31/07/24 23:00:00,A,THS_SEAT,TOTAL,SI,2018,22,
ESTAT:RAIL_EQ_TRSET(1.0),31/07/24 23:00:00,A,THS_SEAT,TOTAL,SI,2019,22,
ESTAT:RAIL_EQ_TRSET(1.0),31/07/24 23:00:00,A,THS_SEAT,TOTAL,SI,2020,22,
ESTAT:RAIL_EQ_TRSET(1.0),31/07/24 23:00:00,A,THS_SEAT,TOTAL,SI,2021,28,
ESTAT:RAIL_EQ_TRSET(1.0),31/07/24 23:00:00,A,THS_SEAT,TOTAL,SI,2022,25,
ESTAT:RAIL_EQ_TRSET(1.0),31/07/24 23:00:00,A,THS_SEAT,TOTAL,TR,2009,2.930,
ESTAT:RAIL_EQ_TRSET(1.0),31/07/24 23:00:00,A,THS_SEAT,TOTAL,TR,2010,5.030,
ESTAT:RAIL_EQ_TRSET(1.0),31/07/24 23:00:00,A,THS_SEAT,TOTAL,TR,2011,5.030,
ESTAT:RAIL_EQ_TRSET(1.0),31/07/24 23:00:00,A,THS_SEAT,TOTAL,TR,2012,86.820,
ESTAT:RAIL_EQ_TRSET(1.0),31/07/24 23:00:00,A,THS_SEAT,TOTAL,TR,2013,108.710,
ESTAT:RAIL_EQ_TRSET(1.0),31/07/24 23:00:00,A,THS_SEAT,TOTAL,TR,2014,115.902,
ESTAT:RAIL_EQ_TRSET(1.0),31/07/24 23:00:00,A,THS_SEAT,TOTAL,TR,2015,118,
ESTAT:RAIL_EQ_TRSET(1.0),31/07/24 23:00:00,A,THS_SEAT,TOTAL,TR,2016,121,
ESTAT:RAIL_EQ_TRSET(1.0),31/07/24 23:00:00,A,THS_SEAT,TOTAL,TR,2017,119,
ESTAT:RAIL_EQ_TRSET(1.0),31/07/24 23:00:00,A,THS_SEAT,TOTAL,TR,2018,183,
ESTAT:RAIL_EQ_TRSET(1.0),31/07/24 23:00:00,A,THS_SEAT,TOTAL,TR,2019,184,
ESTAT:RAIL_EQ_TRSET(1.0),31/07/24 23:00:00,A,THS_SEAT,TOTAL,TR,2020,186,
ESTAT:RAIL_EQ_TRSET(1.0),31/07/24 23:00:00,A,THS_SEAT,TOTAL,XK,2018,0,
ESTAT:RAIL_EQ_TRSET(1.0),31/07/24 23:00:00,A,THS_SEAT,TOTAL,XK,2019,0,
ESTAT:RAIL_EQ_TRSET(1.0),31/07/24 23:00:00,A,THS_SEAT,TOTAL,XK,2020,0,
ESTAT:RAIL_EQ_TRSET(1.0),31/07/24 23:00:00,A,THS_SEAT,TOTAL,XK,2021,0,
ESTAT:RAIL_EQ_TRSET(1.0),31/07/24 23:00:00,A,THS_SEAT,TST_CV,AL,2020,0,
ESTAT:RAIL_EQ_TRSET(1.0),31/07/24 23:00:00,A,THS_SEAT,TST_CV,BA,2017,1,
ESTAT:RAIL_EQ_TRSET(1.0),31/07/24 23:00:00,A,THS_SEAT,TST_CV,BA,2018,1,
ESTAT:RAIL_EQ_TRSET(1.0),31/07/24 23:00:00,A,THS_SEAT,TST_CV,BA,2019,1,
ESTAT:RAIL_EQ_TRSET(1.0),31/07/24 23:00:00,A,THS_SEAT,TST_CV,BA,2020,1,
ESTAT:RAIL_EQ_TRSET(1.0),31/07/24 23:00:00,A,THS_SEAT,TST_CV,BA,2021,1,
ESTAT:RAIL_EQ_TRSET(1.0),31/07/24 23:00:00,A,THS_SEAT,TST_CV,BA,2022,1,
ESTAT:RAIL_EQ_TRSET(1.0),31/07/24 23:00:00,A,THS_SEAT,TST_CV,DK,2013,134,
ESTAT:RAIL_EQ_TRSET(1.0),31/07/24 23:00:00,A,THS_SEAT,TST_CV,DK,2014,131,
ESTAT:RAIL_EQ_TRSET(1.0),31/07/24 23:00:00,A,THS_SEAT,TST_CV,DK,2015,136,
ESTAT:RAIL_EQ_TRSET(1.0),31/07/24 23:00:00,A,THS_SEAT,TST_CV,DK,2016,114,
ESTAT:RAIL_EQ_TRSET(1.0),31/07/24 23:00:00,A,THS_SEAT,TST_CV,DK,2017,106,
ESTAT:RAIL_EQ_TRSET(1.0),31/07/24 23:00:00,A,THS_SEAT,TST_CV,DK,2018,108,
ESTAT:RAIL_EQ_TRSET(1.0),31/07/24 23:00:00,A,THS_SEAT,TST_CV,DK,2019,105,
ESTAT:RAIL_EQ_TRSET(1.0),31/07/24 23:00:00,A,THS_SEAT,TST_CV,DK,2020,101,
ESTAT:RAIL_EQ_TRSET(1.0),31/07/24 23:00:00,A,THS_SEAT,TST_CV,DK,2021,102,
ESTAT:RAIL_EQ_TRSET(1.0),31/07/24 23:00:00,A,THS_SEAT,TST_CV,DK,2022,95,
ESTAT:RAIL_EQ_TRSET(1.0),31/07/24 23:00:00,A,THS_SEAT,TST_CV,EE,2014,7198,
ESTAT:RAIL_EQ_TRSET(1.0),31/07/24 23:00:00,A,THS_SEAT,TST_CV,EE,2015,7198,
ESTAT:RAIL_EQ_TRSET(1.0),31/07/24 23:00:00,A,THS_SEAT,TST_CV,EE,2016,7198,
ESTAT:RAIL_EQ_TRSET(1.0),31/07/24 23:00:00,A,THS_SEAT,TST_CV,EE,2017,7198,
ESTAT:RAIL_EQ_TRSET(1.0),31/07/24 23:00:00,A,THS_SEAT,TST_CV,EE,2018,7198,p
ESTAT:RAIL_EQ_TRSET(1.0),31/07/24 23:00:00,A,THS_SEAT,TST_CV,EE,2019,7198,p
ESTAT:RAIL_EQ_TRSET(1.0),31/07/24 23:00:00,A,THS_SEAT,TST_CV,EE,2020,7198,
ESTAT:RAIL_EQ_TRSET(1.0),31/07/24 23:00:00,A,THS_SEAT,TST_CV,EE,2021,7.310,
ESTAT:RAIL_EQ_TRSET(1.0),31/07/24 23:00:00,A,THS_SEAT,TST_CV,EE,2022,7.310,
ESTAT:RAIL_EQ_TRSET(1.0),31/07/24 23:00:00,A,THS_SEAT,TST_CV,EL,2014,22.300,
ESTAT:RAIL_EQ_TRSET(1.0),31/07/24 23:00:00,A,THS_SEAT,TST_CV,EL,2015,22.300,
ESTAT:RAIL_EQ_TRSET(1.0),31/07/24 23:00:00,A,THS_SEAT,TST_CV,EL,2016,22.300,
ESTAT:RAIL_EQ_TRSET(1.0),31/07/24 23:00:00,A,THS_SEAT,TST_CV,EL,2017,22.300,
ESTAT:RAIL_EQ_TRSET(1.0),31/07/24 23:00:00,A,THS_SEAT,TST_CV,EL,2018,11.870,
ESTAT:RAIL_EQ_TRSET(1.0),31/07/24 23:00:00,A,THS_SEAT,TST_CV,EL,2019,11.870,
ESTAT:RAIL_EQ_TRSET(1.0),31/07/24 23:00:00,A,THS_SEAT,TST_CV,EL,2020,11.870,
ESTAT:RAIL_EQ_TRSET(1.0),31/07/24 23:00:00,A,THS_SEAT,TST_CV,EL,2021,11.870,
ESTAT:RAIL_EQ_TRSET(1.0),31/07/24 23:00:00,A,THS_SEAT,TST_CV,EL,2022,11.750,
ESTAT:RAIL_EQ_TRSET(1.0),31/07/24 23:00:00,A,THS_SEAT,TST_CV,ES,2009,256397,
ESTAT:RAIL_EQ_TRSET(1.0),31/07/24 23:00:00,A,THS_SEAT,TST_CV,ES,2016,11017,
ESTAT:RAIL_EQ_TRSET(1.0),31/07/24 23:00:00,A,THS_SEAT,TST_CV,ES,2017,24861,
ESTAT:RAIL_EQ_TRSET(1.0),31/07/24 23:00:00,A,THS_SEAT,TST_CV,ES,2018,27942,
ESTAT:RAIL_EQ_TRSET(1.0),31/07/24 23:00:00,A,THS_SEAT,TST_CV,ES,2019,298,
ESTAT:RAIL_EQ_TRSET(1.0),31/07/24 23:00:00,A,THS_SEAT,TST_CV,ES,2020,298,
ESTAT:RAIL_EQ_TRSET(1.0),31/07/24 23:00:00,A,THS_SEAT,TST_CV,ES,2021,299,
ESTAT:RAIL_EQ_TRSET(1.0),31/07/24 23:00:00,A,THS_SEAT,TST_CV,ES,2022,306,
ESTAT:RAIL_EQ_TRSET(1.0),31/07/24 23:00:00,A,THS_SEAT,TST_CV,FI,2008,24,
ESTAT:RAIL_EQ_TRSET(1.0),31/07/24 23:00:00,A,THS_SEAT,TST_CV,FI,2009,25,
ESTAT:RAIL_EQ_TRSET(1.0),31/07/24 23:00:00,A,THS_SEAT,TST_CV,FI,2010,24,
ESTAT:RAIL_EQ_TRSET(1.0),31/07/24 23:00:00,A,THS_SEAT,TST_CV,FI,2011,26,
ESTAT:RAIL_EQ_TRSET(1.0),31/07/24 23:00:00,A,THS_SEAT,TST_CV,FI,2012,28,
ESTAT:RAIL_EQ_TRSET(1.0),31/07/24 23:00:00,A,THS_SEAT,TST_CV,FI,2013,29,
ESTAT:RAIL_EQ_TRSET(1.0),31/07/24 23:00:00,A,THS_SEAT,TST_CV,FI,2014,31,
ESTAT:RAIL_EQ_TRSET(1.0),31/07/24 23:00:00,A,THS_SEAT,TST_CV,FI,2015,31,
ESTAT:RAIL_EQ_TRSET(1.0),31/07/24 23:00:00,A,THS_SEAT,TST_CV,FI,2016,36,
ESTAT:RAIL_EQ_TRSET(1.0),31/07/24 23:00:00,A,THS_SEAT,TST_CV,FI,2017,39,
ESTAT:RAIL_EQ_TRSET(1.0),31/07/24 23:00:00,A,THS_SEAT,TST_CV,FI,2018,39,
ESTAT:RAIL_EQ_TRSET(1.0),31/07/24 23:00:00,A,THS_SEAT,TST_CV,HR,2008,11,
ESTAT:RAIL_EQ_TRSET(1.0),31/07/24 23:00:00,A,THS_SEAT,TST_CV,HR,2009,11,
ESTAT:RAIL_EQ_TRSET(1.0),31/07/24 23:00:00,A,THS_SEAT,TST_CV,HR,2010,10,
ESTAT:RAIL_EQ_TRSET(1.0),31/07/24 23:00:00,A,THS_SEAT,TST_CV,HR,2011,10,
ESTAT:RAIL_EQ_TRSET(1.0),31/07/24 23:00:00,A,THS_SEAT,TST_CV,HR,2012,11,
ESTAT:RAIL_EQ_TRSET(1.0),31/07/24 23:00:00,A,THS_SEAT,TST_CV,HR,2013,11,
ESTAT:RAIL_EQ_TRSET(1.0),31/07/24 23:00:00,A,THS_SEAT,TST_CV,HR,2014,11,
ESTAT:RAIL_EQ_TRSET(1.0),31/07/24 23:00:00,A,THS_SEAT,TST_CV,HR,2015,14,
ESTAT:RAIL_EQ_TRSET(1.0),31/07/24 23:00:00,A,THS_SEAT,TST_CV,HR,2016,15,
ESTAT:RAIL_EQ_TRSET(1.0),31/07/24 23:00:00,A,THS_SEAT,TST_CV,HR,2017,15,
ESTAT:RAIL_EQ_TRSET(1.0),31/07/24 23:00:00,A,THS_SEAT,TST_CV,HR,2018,15,
ESTAT:RAIL_EQ_TRSET(1.0),31/07/24 23:00:00,A,THS_SEAT,TST_CV,HR,2019,15,
ESTAT:RAIL_EQ_TRSET(1.0),31/07/24 23:00:00,A,THS_SEAT,TST_CV,HR,2020,15,
ESTAT:RAIL_EQ_TRSET(1.0),31/07/24 23:00:00,A,THS_SEAT,TST_CV,HR,2021,16,
ESTAT:RAIL_EQ_TRSET(1.0),31/07/24 23:00:00,A,THS_SEAT,TST_CV,HR,2022,17,
ESTAT:RAIL_EQ_TRSET(1.0),31/07/24 23:00:00,A,THS_SEAT,TST_CV,LT,2012,12.800,
ESTAT:RAIL_EQ_TRSET(1.0),31/07/24 23:00:00,A,THS_SEAT,TST_CV,LT,2013,12.300,
ESTAT:RAIL_EQ_TRSET(1.0),31/07/24 23:00:00,A,THS_SEAT,TST_CV,LT,2014,10.600,
ESTAT:RAIL_EQ_TRSET(1.0),31/07/24 23:00:00,A,THS_SEAT,TST_CV,LT,2015,9.300,
ESTAT:RAIL_EQ_TRSET(1.0),31/07/24 23:00:00,A,THS_SEAT,TST_CV,LT,2016,11.500,
ESTAT:RAIL_EQ_TRSET(1.0),31/07/24 23:00:00,A,THS_SEAT,TST_CV,LT,2017,12,
ESTAT:RAIL_EQ_TRSET(1.0),31/07/24 23:00:00,A,THS_SEAT,TST_CV,LT,2018,11.900,
ESTAT:RAIL_EQ_TRSET(1.0),31/07/24 23:00:00,A,THS_SEAT,TST_CV,LT,2019,9.300,
ESTAT:RAIL_EQ_TRSET(1.0),31/07/24 23:00:00,A,THS_SEAT,TST_CV,LT,2020,9.300,
ESTAT:RAIL_EQ_TRSET(1.0),31/07/24 23:00:00,A,THS_SEAT,TST_CV,LT,2021,9.300,
ESTAT:RAIL_EQ_TRSET(1.0),31/07/24 23:00:00,A,THS_SEAT,TST_CV,LT,2022,9.300,
ESTAT:RAIL_EQ_TRSET(1.0),31/07/24 23:00:00,A,THS_SEAT,TST_CV,LV,2008,0,
ESTAT:RAIL_EQ_TRSET(1.0),31/07/24 23:00:00,A,THS_SEAT,TST_CV,LV,2009,0,
ESTAT:RAIL_EQ_TRSET(1.0),31/07/24 23:00:00,A,THS_SEAT,TST_CV,LV,2010,0,
ESTAT:RAIL_EQ_TRSET(1.0),31/07/24 23:00:00,A,THS_SEAT,TST_CV,LV,2011,0,
ESTAT:RAIL_EQ_TRSET(1.0),31/07/24 23:00:00,A,THS_SEAT,TST_CV,LV,2012,0,
ESTAT:RAIL_EQ_TRSET(1.0),31/07/24 23:00:00,A,THS_SEAT,TST_CV,LV,2013,0,
ESTAT:RAIL_EQ_TRSET(1.0),31/07/24 23:00:00,A,THS_SEAT,TST_CV,LV,2014,0,
ESTAT:RAIL_EQ_TRSET(1.0),31/07/24 23:00:00,A,THS_SEAT,TST_CV,LV,2015,0,
ESTAT:RAIL_EQ_TRSET(1.0),31/07/24 23:00:00,A,THS_SEAT,TST_CV,LV,2016,0,
ESTAT:RAIL_EQ_TRSET(1.0),31/07/24 23:00:00,A,THS_SEAT,TST_CV,LV,2017,0,
ESTAT:RAIL_EQ_TRSET(1.0),31/07/24 23:00:00,A,THS_SEAT,TST_CV,LV,2018,0,
ESTAT:RAIL_EQ_TRSET(1.0),31/07/24 23:00:00,A,THS_SEAT,TST_CV,LV,2019,0,
ESTAT:RAIL_EQ_TRSET(1.0),31/07/24 23:00:00,A,THS_SEAT,TST_CV,LV,2020,0,
ESTAT:RAIL_EQ_TRSET(1.0),31/07/24 23:00:00,A,THS_SEAT,TST_CV,LV,2021,0,
ESTAT:RAIL_EQ_TRSET(1.0),31/07/24 23:00:00,A,THS_SEAT,TST_CV,LV,2022,0,
ESTAT:RAIL_EQ_TRSET(1.0),31/07/24 23:00:00,A,THS_SEAT,TST_CV,ME,2016,0,
ESTAT:RAIL_EQ_TRSET(1.0),31/07/24 23:00:00,A,THS_SEAT,TST_CV,ME,2017,0,
ESTAT:RAIL_EQ_TRSET(1.0),31/07/24 23:00:00,A,THS_SEAT,TST_CV,ME,2018,0,
ESTAT:RAIL_EQ_TRSET(1.0),31/07/24 23:00:00,A,THS_SEAT,TST_CV,MK,2016,3.100,
ESTAT:RAIL_EQ_TRSET(1.0),31/07/24 23:00:00,A,THS_SEAT,TST_CV,MK,2017,3.100,
ESTAT:RAIL_EQ_TRSET(1.0),31/07/24 23:00:00,A,THS_SEAT,TST_CV,MK,2018,3.100,
ESTAT:RAIL_EQ_TRSET(1.0),31/07/24 23:00:00,A,THS_SEAT,TST_CV,MK,2019,3.100,
ESTAT:RAIL_EQ_TRSET(1.0),31/07/24 23:00:00,A,THS_SEAT,TST_CV,MK,2020,3.100,
ESTAT:RAIL_EQ_TRSET(1.0),31/07/24 23:00:00,A,THS_SEAT,TST_CV,MK,2021,3.100,
ESTAT:RAIL_EQ_TRSET(1.0),31/07/24 23:00:00,A,THS_SEAT,TST_CV,MK,2022,2.968,
ESTAT:RAIL_EQ_TRSET(1.0),31/07/24 23:00:00,A,THS_SEAT,TST_CV,PL,2015,,z
ESTAT:RAIL_EQ_TRSET(1.0),31/07/24 23:00:00,A,THS_SEAT,TST_CV,RO,2019,,z
ESTAT:RAIL_EQ_TRSET(1.0),31/07/24 23:00:00,A,THS_SEAT,TST_CV,RS,2008,49,
ESTAT:RAIL_EQ_TRSET(1.0),31/07/24 23:00:00,A,THS_SEAT,TST_CV,RS,2009,49,
ESTAT:RAIL_EQ_TRSET(1.0),31/07/24 23:00:00,A,THS_SEAT,TST_CV,RS,2010,49,
ESTAT:RAIL_EQ_TRSET(1.0),31/07/24 23:00:00,A,THS_SEAT,TST_CV,RS,2011,0,
ESTAT:RAIL_EQ_TRSET(1.0),31/07/24 23:00:00,A,THS_SEAT,TST_CV,RS,2013,19,
ESTAT:RAIL_EQ_TRSET(1.0),31/07/24 23:00:00,A,THS_SEAT,TST_CV,RS,2014,19,
ESTAT:RAIL_EQ_TRSET(1.0),31/07/24 23:00:00,A,THS_SEAT,TST_CV,RS,2015,30,
ESTAT:RAIL_EQ_TRSET(1.0),31/07/24 23:00:00,A,THS_SEAT,TST_CV,RS,2016,0,
ESTAT:RAIL_EQ_TRSET(1.0),31/07/24 23:00:00,A,THS_SEAT,TST_CV,RS,2019,0,
ESTAT:RAIL_EQ_TRSET(1.0),31/07/24 23:00:00,A,THS_SEAT,TST_CV,SE,2008,87,
ESTAT:RAIL_EQ_TRSET(1.0),31/07/24 23:00:00,A,THS_SEAT,TST_CV,SE,2009,85,
ESTAT:RAIL_EQ_TRSET(1.0),31/07/24 23:00:00,A,THS_SEAT,TST_CV,SE,2010,89,
ESTAT:RAIL_EQ_TRSET(1.0),31/07/24 23:00:00,A,THS_SEAT,TST_CV,SE,2011,91,
ESTAT:RAIL_EQ_TRSET(1.0),31/07/24 23:00:00,A,THS_SEAT,TST_CV,SE,2012,109,
ESTAT:RAIL_EQ_TRSET(1.0),31/07/24 23:00:00,A,THS_SEAT,TST_CV,SE,2013,110,
ESTAT:RAIL_EQ_TRSET(1.0),31/07/24 23:00:00,A,THS_SEAT,TST_CV,SE,2014,117,
ESTAT:RAIL_EQ_TRSET(1.0),31/07/24 23:00:00,A,THS_SEAT,TST_CV,SE,2015,116,
ESTAT:RAIL_EQ_TRSET(1.0),31/07/24 23:00:00,A,THS_SEAT,TST_CV,SE,2016,122,
ESTAT:RAIL_EQ_TRSET(1.0),31/07/24 23:00:00,A,THS_SEAT,TST_CV,SE,2017,125,
ESTAT:RAIL_EQ_TRSET(1.0),31/07/24 23:00:00,A,THS_SEAT,TST_CV,SE,2018,129,
ESTAT:RAIL_EQ_TRSET(1.0),31/07/24 23:00:00,A,THS_SEAT,TST_CV,SE,2019,130,
ESTAT:RAIL_EQ_TRSET(1.0),31/07/24 23:00:00,A,THS_SEAT,TST_CV,SE,2020,130,
ESTAT:RAIL_EQ_TRSET(1.0),31/07/24 23:00:00,A,THS_SEAT,TST_CV,SE,2021,131,
ESTAT:RAIL_EQ_TRSET(1.0),31/07/24 23:00:00,A,THS_SEAT,TST_CV,SE,2022,137,
ESTAT:RAIL_EQ_TRSET(1.0),31/07/24 23:00:00,A,THS_SEAT,TST_CV,SI,2008,22.580,
ESTAT:RAIL_EQ_TRSET(1.0),31/07/24 23:00:00,A,THS_SEAT,TST_CV,SI,2009,22.440,
ESTAT:RAIL_EQ_TRSET(1.0),31/07/24 23:00:00,A,THS_SEAT,TST_CV,SI,2010,22.160,
ESTAT:RAIL_EQ_TRSET(1.0),31/07/24 23:00:00,A,THS_SEAT,TST_CV,SI,2011,22.160,
ESTAT:RAIL_EQ_TRSET(1.0),31/07/24 23:00:00,A,THS_SEAT,TST_CV,SI,2012,22,
ESTAT:RAIL_EQ_TRSET(1.0),31/07/24 23:00:00,A,THS_SEAT,TST_CV,SI,2013,22,
ESTAT:RAIL_EQ_TRSET(1.0),31/07/24 23:00:00,A,THS_SEAT,TST_CV,SI,2014,22,
ESTAT:RAIL_EQ_TRSET(1.0),31/07/24 23:00:00,A,THS_SEAT,TST_CV,SI,2015,22,
ESTAT:RAIL_EQ_TRSET(1.0),31/07/24 23:00:00,A,THS_SEAT,TST_CV,SI,2016,22,
ESTAT:RAIL_EQ_TRSET(1.0),31/07/24 23:00:00,A,THS_SEAT,TST_CV,SI,2017,22,
ESTAT:RAIL_EQ_TRSET(1.0),31/07/24 23:00:00,A,THS_SEAT,TST_CV,SI,2018,22,
ESTAT:RAIL_EQ_TRSET(1.0),31/07/24 23:00:00,A,THS_SEAT,TST_CV,SI,2019,22,
ESTAT:RAIL_EQ_TRSET(1.0),31/07/24 23:00:00,A,THS_SEAT,TST_CV,SI,2020,22,
ESTAT:RAIL_EQ_TRSET(1.0),31/07/24 23:00:00,A,THS_SEAT,TST_CV,SI,2021,28,
ESTAT:RAIL_EQ_TRSET(1.0),31/07/24 23:00:00,A,THS_SEAT,TST_CV,SI,2022,25,
ESTAT:RAIL_EQ_TRSET(1.0),31/07/24 23:00:00,A,THS_SEAT,TST_CV,TR,2012,81.790,
ESTAT:RAIL_EQ_TRSET(1.0),31/07/24 23:00:00,A,THS_SEAT,TST_CV,TR,2013,103.680,
ESTAT:RAIL_EQ_TRSET(1.0),31/07/24 23:00:00,A,THS_SEAT,TST_CV,TR,2014,110.994,
ESTAT:RAIL_EQ_TRSET(1.0),31/07/24 23:00:00,A,THS_SEAT,TST_CV,TR,2015,113,
ESTAT:RAIL_EQ_TRSET(1.0),31/07/24 23:00:00,A,THS_SEAT,TST_CV,TR,2016,113,
ESTAT:RAIL_EQ_TRSET(1.0),31/07/24 23:00:00,A,THS_SEAT,TST_CV,TR,2017,110,
ESTAT:RAIL_EQ_TRSET(1.0),31/07/24 23:00:00,A,THS_SEAT,TST_CV,TR,2018,175,
ESTAT:RAIL_EQ_TRSET(1.0),31/07/24 23:00:00,A,THS_SEAT,TST_CV,TR,2019,176,
ESTAT:RAIL_EQ_TRSET(1.0),31/07/24 23:00:00,A,THS_SEAT,TST_CV,TR,2020,174,
ESTAT:RAIL_EQ_TRSET(1.0),31/07/24 23:00:00,A,THS_SEAT,TST_CV,XK,2018,0,
ESTAT:RAIL_EQ_TRSET(1.0),31/07/24 23:00:00,A,THS_SEAT,TST_CV,XK,2019,0,
ESTAT:RAIL_EQ_TRSET(1.0),31/07/24 23:00:00,A,THS_SEAT,TST_CV,XK,2020,0,
ESTAT:RAIL_EQ_TRSET(1.0),31/07/24 23:00:00,A,THS_SEAT,TST_CV,XK,2021,0,
ESTAT:RAIL_EQ_TRSET(1.0),31/07/24 23:00:00,A,THS_SEAT,TST_HSPD,AL,2020,0,
ESTAT:RAIL_EQ_TRSET(1.0),31/07/24 23:00:00,A,THS_SEAT,TST_HSPD,BA,2017,0,
ESTAT:RAIL_EQ_TRSET(1.0),31/07/24 23:00:00,A,THS_SEAT,TST_HSPD,DK,2008,0,s
ESTAT:RAIL_EQ_TRSET(1.0),31/07/24 23:00:00,A,THS_SEAT,TST_HSPD,DK,2009,0,s
ESTAT:RAIL_EQ_TRSET(1.0),31/07/24 23:00:00,A,THS_SEAT,TST_HSPD,DK,2010,0,s
ESTAT:RAIL_EQ_TRSET(1.0),31/07/24 23:00:00,A,THS_SEAT,TST_HSPD,DK,2011,0,s
ESTAT:RAIL_EQ_TRSET(1.0),31/07/24 23:00:00,A,THS_SEAT,TST_HSPD,DK,2012,0,s
ESTAT:RAIL_EQ_TRSET(1.0),31/07/24 23:00:00,A,THS_SEAT,TST_HSPD,DK,2013,0,
ESTAT:RAIL_EQ_TRSET(1.0),31/07/24 23:00:00,A,THS_SEAT,TST_HSPD,DK,2014,0,
ESTAT:RAIL_EQ_TRSET(1.0),31/07/24 23:00:00,A,THS_SEAT,TST_HSPD,DK,2015,0,
ESTAT:RAIL_EQ_TRSET(1.0),31/07/24 23:00:00,A,THS_SEAT,TST_HSPD,DK,2016,0,
ESTAT:RAIL_EQ_TRSET(1.0),31/07/24 23:00:00,A,THS_SEAT,TST_HSPD,DK,2017,0,
ESTAT:RAIL_EQ_TRSET(1.0),31/07/24 23:00:00,A,THS_SEAT,TST_HSPD,DK,2018,0,
ESTAT:RAIL_EQ_TRSET(1.0),31/07/24 23:00:00,A,THS_SEAT,TST_HSPD,DK,2019,0,
ESTAT:RAIL_EQ_TRSET(1.0),31/07/24 23:00:00,A,THS_SEAT,TST_HSPD,DK,2020,0,
ESTAT:RAIL_EQ_TRSET(1.0),31/07/24 23:00:00,A,THS_SEAT,TST_HSPD,DK,2021,0,
ESTAT:RAIL_EQ_TRSET(1.0),31/07/24 23:00:00,A,THS_SEAT,TST_HSPD,DK,2022,0,
ESTAT:RAIL_EQ_TRSET(1.0),31/07/24 23:00:00,A,THS_SEAT,TST_HSPD,EE,2014,,z
ESTAT:RAIL_EQ_TRSET(1.0),31/07/24 23:00:00,A,THS_SEAT,TST_HSPD,EE,2015,,z
ESTAT:RAIL_EQ_TRSET(1.0),31/07/24 23:00:00,A,THS_SEAT,TST_HSPD,EE,2016,,z
ESTAT:RAIL_EQ_TRSET(1.0),31/07/24 23:00:00,A,THS_SEAT,TST_HSPD,EE,2017,,z
ESTAT:RAIL_EQ_TRSET(1.0),31/07/24 23:00:00,A,THS_SEAT,TST_HSPD,EE,2018,,z
ESTAT:RAIL_EQ_TRSET(1.0),31/07/24 23:00:00,A,THS_SEAT,TST_HSPD,EE,2019,0,
ESTAT:RAIL_EQ_TRSET(1.0),31/07/24 23:00:00,A,THS_SEAT,TST_HSPD,EE,2020,0,
ESTAT:RAIL_EQ_TRSET(1.0),31/07/24 23:00:00,A,THS_SEAT,TST_HSPD,EE,2021,0,
ESTAT:RAIL_EQ_TRSET(1.0),31/07/24 23:00:00,A,THS_SEAT,TST_HSPD,EE,2022,0,
ESTAT:RAIL_EQ_TRSET(1.0),31/07/24 23:00:00,A,THS_SEAT,TST_HSPD,EL,2014,0,
ESTAT:RAIL_EQ_TRSET(1.0),31/07/24 23:00:00,A,THS_SEAT,TST_HSPD,EL,2015,0,
ESTAT:RAIL_EQ_TRSET(1.0),31/07/24 23:00:00,A,THS_SEAT,TST_HSPD,EL,2016,0,
ESTAT:RAIL_EQ_TRSET(1.0),31/07/24 23:00:00,A,THS_SEAT,TST_HSPD,EL,2017,0,
ESTAT:RAIL_EQ_TRSET(1.0),31/07/24 23:00:00,A,THS_SEAT,TST_HSPD,EL,2018,0,
ESTAT:RAIL_EQ_TRSET(1.0),31/07/24 23:00:00,A,THS_SEAT,TST_HSPD,EL,2019,0,
ESTAT:RAIL_EQ_TRSET(1.0),31/07/24 23:00:00,A,THS_SEAT,TST_HSPD,EL,2020,0,
ESTAT:RAIL_EQ_TRSET(1.0),31/07/24 23:00:00,A,THS_SEAT,TST_HSPD,EL,2021,0,
ESTAT:RAIL_EQ_TRSET(1.0),31/07/24 23:00:00,A,THS_SEAT,TST_HSPD,EL,2022,0,
ESTAT:RAIL_EQ_TRSET(1.0),31/07/24 23:00:00,A,THS_SEAT,TST_HSPD,ES,2016,3288,
ESTAT:RAIL_EQ_TRSET(1.0),31/07/24 23:00:00,A,THS_SEAT,TST_HSPD,ES,2017,3350,
ESTAT:RAIL_EQ_TRSET(1.0),31/07/24 23:00:00,A,THS_SEAT,TST_HSPD,ES,2018,12301,
ESTAT:RAIL_EQ_TRSET(1.0),31/07/24 23:00:00,A,THS_SEAT,TST_HSPD,ES,2019,0,
ESTAT:RAIL_EQ_TRSET(1.0),31/07/24 23:00:00,A,THS_SEAT,TST_HSPD,ES,2020,0,
ESTAT:RAIL_EQ_TRSET(1.0),31/07/24 23:00:00,A,THS_SEAT,TST_HSPD,ES,2021,0,
ESTAT:RAIL_EQ_TRSET(1.0),31/07/24 23:00:00,A,THS_SEAT,TST_HSPD,ES,2022,0,
ESTAT:RAIL_EQ_TRSET(1.0),31/07/24 23:00:00,A,THS_SEAT,TST_HSPD,FI,2008,0,
ESTAT:RAIL_EQ_TRSET(1.0),31/07/24 23:00:00,A,THS_SEAT,TST_HSPD,FI,2013,0,
ESTAT:RAIL_EQ_TRSET(1.0),31/07/24 23:00:00,A,THS_SEAT,TST_HSPD,FI,2014,0,
ESTAT:RAIL_EQ_TRSET(1.0),31/07/24 23:00:00,A,THS_SEAT,TST_HSPD,FI,2015,0,
ESTAT:RAIL_EQ_TRSET(1.0),31/07/24 23:00:00,A,THS_SEAT,TST_HSPD,FI,2016,0,
ESTAT:RAIL_EQ_TRSET(1.0),31/07/24 23:00:00,A,THS_SEAT,TST_HSPD,FI,2017,0,
ESTAT:RAIL_EQ_TRSET(1.0),31/07/24 23:00:00,A,THS_SEAT,TST_HSPD,FI,2018,0,
ESTAT:RAIL_EQ_TRSET(1.0),31/07/24 23:00:00,A,THS_SEAT,TST_HSPD,HR,2008,,z
ESTAT:RAIL_EQ_TRSET(1.0),31/07/24 23:00:00,A,THS_SEAT,TST_HSPD,HR,2009,,z
ESTAT:RAIL_EQ_TRSET(1.0),31/07/24 23:00:00,A,THS_SEAT,TST_HSPD,HR,2010,,z
ESTAT:RAIL_EQ_TRSET(1.0),31/07/24 23:00:00,A,THS_SEAT,TST_HSPD,HR,2011,,z
ESTAT:RAIL_EQ_TRSET(1.0),31/07/24 23:00:00,A,THS_SEAT,TST_HSPD,HR,2012,,z
ESTAT:RAIL_EQ_TRSET(1.0),31/07/24 23:00:00,A,THS_SEAT,TST_HSPD,HR,2013,0,
ESTAT:RAIL_EQ_TRSET(1.0),31/07/24 23:00:00,A,THS_SEAT,TST_HSPD,HR,2014,0,
ESTAT:RAIL_EQ_TRSET(1.0),31/07/24 23:00:00,A,THS_SEAT,TST_HSPD,HR,2015,0,
ESTAT:RAIL_EQ_TRSET(1.0),31/07/24 23:00:00,A,THS_SEAT,TST_HSPD,HR,2016,0,
ESTAT:RAIL_EQ_TRSET(1.0),31/07/24 23:00:00,A,THS_SEAT,TST_HSPD,HR,2017,0,
ESTAT:RAIL_EQ_TRSET(1.0),31/07/24 23:00:00,A,THS_SEAT,TST_HSPD,HR,2018,0,
ESTAT:RAIL_EQ_TRSET(1.0),31/07/24 23:00:00,A,THS_SEAT,TST_HSPD,HR,2019,0,
ESTAT:RAIL_EQ_TRSET(1.0),31/07/24 23:00:00,A,THS_SEAT,TST_HSPD,HR,2020,0,
ESTAT:RAIL_EQ_TRSET(1.0),31/07/24 23:00:00,A,THS_SEAT,TST_HSPD,HR,2021,0,
ESTAT:RAIL_EQ_TRSET(1.0),31/07/24 23:00:00,A,THS_SEAT,TST_HSPD,HR,2022,0,
ESTAT:RAIL_EQ_TRSET(1.0),31/07/24 23:00:00,A,THS_SEAT,TST_HSPD,IT,2008,39,
ESTAT:RAIL_EQ_TRSET(1.0),31/07/24 23:00:00,A,THS_SEAT,TST_HSPD,LT,2012,0,
ESTAT:RAIL_EQ_TRSET(1.0),31/07/24 23:00:00,A,THS_SEAT,TST_HSPD,LT,2013,0,
ESTAT:RAIL_EQ_TRSET(1.0),31/07/24 23:00:00,A,THS_SEAT,TST_HSPD,LT,2014,0,
ESTAT:RAIL_EQ_TRSET(1.0),31/07/24 23:00:00,A,THS_SEAT,TST_HSPD,LT,2015,0,
ESTAT:RAIL_EQ_TRSET(1.0),31/07/24 23:00:00,A,THS_SEAT,TST_HSPD,LT,2016,0,
ESTAT:RAIL_EQ_TRSET(1.0),31/07/24 23:00:00,A,THS_SEAT,TST_HSPD,LT,2017,0,
ESTAT:RAIL_EQ_TRSET(1.0),31/07/24 23:00:00,A,THS_SEAT,TST_HSPD,LT,2018,0,
ESTAT:RAIL_EQ_TRSET(1.0),31/07/24 23:00:00,A,THS_SEAT,TST_HSPD,LT,2019,0,
ESTAT:RAIL_EQ_TRSET(1.0),31/07/24 23:00:00,A,THS_SEAT,TST_HSPD,LT,2020,0,
ESTAT:RAIL_EQ_TRSET(1.0),31/07/24 23:00:00,A,THS_SEAT,TST_HSPD,LT,2021,0,
ESTAT:RAIL_EQ_TRSET(1.0),31/07/24 23:00:00,A,THS_SEAT,TST_HSPD,LT,2022,0,
ESTAT:RAIL_EQ_TRSET(1.0),31/07/24 23:00:00,A,THS_SEAT,TST_HSPD,LU,2013,0,
ESTAT:RAIL_EQ_TRSET(1.0),31/07/24 23:00:00,A,THS_SEAT,TST_HSPD,LU,2021,0,
ESTAT:RAIL_EQ_TRSET(1.0),31/07/24 23:00:00,A,THS_SEAT,TST_HSPD,LU,2022,0,
ESTAT:RAIL_EQ_TRSET(1.0),31/07/24 23:00:00,A,THS_SEAT,TST_HSPD,LV,2008,0,
ESTAT:RAIL_EQ_TRSET(1.0),31/07/24 23:00:00,A,THS_SEAT,TST_HSPD,LV,2009,0,
ESTAT:RAIL_EQ_TRSET(1.0),31/07/24 23:00:00,A,THS_SEAT,TST_HSPD,LV,2010,0,
ESTAT:RAIL_EQ_TRSET(1.0),31/07/24 23:00:00,A,THS_SEAT,TST_HSPD,LV,2011,0,
ESTAT:RAIL_EQ_TRSET(1.0),31/07/24 23:00:00,A,THS_SEAT,TST_HSPD,LV,2012,0,
ESTAT:RAIL_EQ_TRSET(1.0),31/07/24 23:00:00,A,THS_SEAT,TST_HSPD,LV,2013,0,
ESTAT:RAIL_EQ_TRSET(1.0),31/07/24 23:00:00,A,THS_SEAT,TST_HSPD,LV,2014,0,
ESTAT:RAIL_EQ_TRSET(1.0),31/07/24 23:00:00,A,THS_SEAT,TST_HSPD,LV,2015,0,
ESTAT:RAIL_EQ_TRSET(1.0),31/07/24 23:00:00,A,THS_SEAT,TST_HSPD,LV,2016,0,
ESTAT:RAIL_EQ_TRSET(1.0),31/07/24 23:00:00,A,THS_SEAT,TST_HSPD,LV,2017,0,
ESTAT:RAIL_EQ_TRSET(1.0),31/07/24 23:00:00,A,THS_SEAT,TST_HSPD,LV,2018,0,
ESTAT:RAIL_EQ_TRSET(1.0),31/07/24 23:00:00,A,THS_SEAT,TST_HSPD,LV,2019,0,
ESTAT:RAIL_EQ_TRSET(1.0),31/07/24 23:00:00,A,THS_SEAT,TST_HSPD,LV,2021,0,
ESTAT:RAIL_EQ_TRSET(1.0),31/07/24 23:00:00,A,THS_SEAT,TST_HSPD,LV,2022,0,
ESTAT:RAIL_EQ_TRSET(1.0),31/07/24 23:00:00,A,THS_SEAT,TST_HSPD,MD,2022,0,
ESTAT:RAIL_EQ_TRSET(1.0),31/07/24 23:00:00,A,THS_SEAT,TST_HSPD,ME,2016,0,
ESTAT:RAIL_EQ_TRSET(1.0),31/07/24 23:00:00,A,THS_SEAT,TST_HSPD,ME,2017,0,
ESTAT:RAIL_EQ_TRSET(1.0),31/07/24 23:00:00,A,THS_SEAT,TST_HSPD,ME,2018,0,
ESTAT:RAIL_EQ_TRSET(1.0),31/07/24 23:00:00,A,THS_SEAT,TST_HSPD,PL,2015,,z
ESTAT:RAIL_EQ_TRSET(1.0),31/07/24 23:00:00,A,THS_SEAT,TST_HSPD,PT,2013,0,
ESTAT:RAIL_EQ_TRSET(1.0),31/07/24 23:00:00,A,THS_SEAT,TST_HSPD,PT,2014,0,
ESTAT:RAIL_EQ_TRSET(1.0),31/07/24 23:00:00,A,THS_SEAT,TST_HSPD,PT,2015,0,
ESTAT:RAIL_EQ_TRSET(1.0),31/07/24 23:00:00,A,THS_SEAT,TST_HSPD,PT,2016,0,
ESTAT:RAIL_EQ_TRSET(1.0),31/07/24 23:00:00,A,THS_SEAT,TST_HSPD,PT,2017,0,
ESTAT:RAIL_EQ_TRSET(1.0),31/07/24 23:00:00,A,THS_SEAT,TST_HSPD,PT,2018,0,
ESTAT:RAIL_EQ_TRSET(1.0),31/07/24 23:00:00,A,THS_SEAT,TST_HSPD,PT,2019,0,
ESTAT:RAIL_EQ_TRSET(1.0),31/07/24 23:00:00,A,THS_SEAT,TST_HSPD,PT,2020,0,
ESTAT:RAIL_EQ_TRSET(1.0),31/07/24 23:00:00,A,THS_SEAT,TST_HSPD,PT,2021,0,
ESTAT:RAIL_EQ_TRSET(1.0),31/07/24 23:00:00,A,THS_SEAT,TST_HSPD,PT,2022,0,
ESTAT:RAIL_EQ_TRSET(1.0),31/07/24 23:00:00,A,THS_SEAT,TST_HSPD,RO,2019,,z
ESTAT:RAIL_EQ_TRSET(1.0),31/07/24 23:00:00,A,THS_SEAT,TST_HSPD,RS,2008,0,
ESTAT:RAIL_EQ_TRSET(1.0),31/07/24 23:00:00,A,THS_SEAT,TST_HSPD,RS,2009,0,
ESTAT:RAIL_EQ_TRSET(1.0),31/07/24 23:00:00,A,THS_SEAT,TST_HSPD,RS,2010,0,
ESTAT:RAIL_EQ_TRSET(1.0),31/07/24 23:00:00,A,THS_SEAT,TST_HSPD,RS,2011,0,
ESTAT:RAIL_EQ_TRSET(1.0),31/07/24 23:00:00,A,THS_SEAT,TST_HSPD,RS,2013,0,
ESTAT:RAIL_EQ_TRSET(1.0),31/07/24 23:00:00,A,THS_SEAT,TST_HSPD,RS,2014,0,
ESTAT:RAIL_EQ_TRSET(1.0),31/07/24 23:00:00,A,THS_SEAT,TST_HSPD,RS,2015,0,
ESTAT:RAIL_EQ_TRSET(1.0),31/07/24 23:00:00,A,THS_SEAT,TST_HSPD,RS,2016,0,
ESTAT:RAIL_EQ_TRSET(1.0),31/07/24 23:00:00,A,THS_SEAT,TST_HSPD,RS,2019,0,
ESTAT:RAIL_EQ_TRSET(1.0),31/07/24 23:00:00,A,THS_SEAT,TST_HSPD,SE,2008,0,
ESTAT:RAIL_EQ_TRSET(1.0),31/07/24 23:00:00,A,THS_SEAT,TST_HSPD,SE,2009,0,
ESTAT:RAIL_EQ_TRSET(1.0),31/07/24 23:00:00,A,THS_SEAT,TST_HSPD,SE,2010,0,
ESTAT:RAIL_EQ_TRSET(1.0),31/07/24 23:00:00,A,THS_SEAT,TST_HSPD,SE,2011,0,
ESTAT:RAIL_EQ_TRSET(1.0),31/07/24 23:00:00,A,THS_SEAT,TST_HSPD,SE,2012,36,
ESTAT:RAIL_EQ_TRSET(1.0),31/07/24 23:00:00,A,THS_SEAT,TST_HSPD,SE,2013,39,
ESTAT:RAIL_EQ_TRSET(1.0),31/07/24 23:00:00,A,THS_SEAT,TST_HSPD,SE,2014,39,
ESTAT:RAIL_EQ_TRSET(1.0),31/07/24 23:00:00,A,THS_SEAT,TST_HSPD,SE,2015,41,
ESTAT:RAIL_EQ_TRSET(1.0),31/07/24 23:00:00,A,THS_SEAT,TST_HSPD,SE,2016,41,
ESTAT:RAIL_EQ_TRSET(1.0),31/07/24 23:00:00,A,THS_SEAT,TST_HSPD,SE,2017,42,
ESTAT:RAIL_EQ_TRSET(1.0),31/07/24 23:00:00,A,THS_SEAT,TST_HSPD,SE,2018,40,
ESTAT:RAIL_EQ_TRSET(1.0),31/07/24 23:00:00,A,THS_SEAT,TST_HSPD,SE,2019,42,
ESTAT:RAIL_EQ_TRSET(1.0),31/07/24 23:00:00,A,THS_SEAT,TST_HSPD,SE,2020,55,
ESTAT:RAIL_EQ_TRSET(1.0),31/07/24 23:00:00,A,THS_SEAT,TST_HSPD,SE,2021,59,
ESTAT:RAIL_EQ_TRSET(1.0),31/07/24 23:00:00,A,THS_SEAT,TST_HSPD,SE,2022,60,
ESTAT:RAIL_EQ_TRSET(1.0),31/07/24 23:00:00,A,THS_SEAT,TST_HSPD,SI,2014,,z
ESTAT:RAIL_EQ_TRSET(1.0),31/07/24 23:00:00,A,THS_SEAT,TST_HSPD,SI,2015,,z
ESTAT:RAIL_EQ_TRSET(1.0),31/07/24 23:00:00,A,THS_SEAT,TST_HSPD,SI,2016,,z
ESTAT:RAIL_EQ_TRSET(1.0),31/07/24 23:00:00,A,THS_SEAT,TST_HSPD,SI,2017,,z
ESTAT:RAIL_EQ_TRSET(1.0),31/07/24 23:00:00,A,THS_SEAT,TST_HSPD,SI,2018,,z
ESTAT:RAIL_EQ_TRSET(1.0),31/07/24 23:00:00,A,THS_SEAT,TST_HSPD,SI,2019,,z
ESTAT:RAIL_EQ_TRSET(1.0),31/07/24 23:00:00,A,THS_SEAT,TST_HSPD,SI,2020,0,
ESTAT:RAIL_EQ_TRSET(1.0),31/07/24 23:00:00,A,THS_SEAT,TST_HSPD,SI,2021,0,
ESTAT:RAIL_EQ_TRSET(1.0),31/07/24 23:00:00,A,THS_SEAT,TST_HSPD,SI,2022,0,
ESTAT:RAIL_EQ_TRSET(1.0),31/07/24 23:00:00,A,THS_SEAT,TST_HSPD,SK,2013,0,
ESTAT:RAIL_EQ_TRSET(1.0),31/07/24 23:00:00,A,THS_SEAT,TST_HSPD,SK,2014,0,
ESTAT:RAIL_EQ_TRSET(1.0),31/07/24 23:00:00,A,THS_SEAT,TST_HSPD,SK,2015,0,
ESTAT:RAIL_EQ_TRSET(1.0),31/07/24 23:00:00,A,THS_SEAT,TST_HSPD,SK,2016,0,
ESTAT:RAIL_EQ_TRSET(1.0),31/07/24 23:00:00,A,THS_SEAT,TST_HSPD,SK,2017,0,
ESTAT:RAIL_EQ_TRSET(1.0),31/07/24 23:00:00,A,THS_SEAT,TST_HSPD,SK,2018,0,
ESTAT:RAIL_EQ_TRSET(1.0),31/07/24 23:00:00,A,THS_SEAT,TST_HSPD,SK,2019,0,
ESTAT:RAIL_EQ_TRSET(1.0),31/07/24 23:00:00,A,THS_SEAT,TST_HSPD,SK,2020,0,
ESTAT:RAIL_EQ_TRSET(1.0),31/07/24 23:00:00,A,THS_SEAT,TST_HSPD,SK,2021,0,
ESTAT:RAIL_EQ_TRSET(1.0),31/07/24 23:00:00,A,THS_SEAT,TST_HSPD,SK,2022,0,
ESTAT:RAIL_EQ_TRSET(1.0),31/07/24 23:00:00,A,THS_SEAT,TST_HSPD,TR,2009,2.930,
ESTAT:RAIL_EQ_TRSET(1.0),31/07/24 23:00:00,A,THS_SEAT,TST_HSPD,TR,2010,5.030,
ESTAT:RAIL_EQ_TRSET(1.0),31/07/24 23:00:00,A,THS_SEAT,TST_HSPD,TR,2011,5.030,
ESTAT:RAIL_EQ_TRSET(1.0),31/07/24 23:00:00,A,THS_SEAT,TST_HSPD,TR,2012,5.030,
ESTAT:RAIL_EQ_TRSET(1.0),31/07/24 23:00:00,A,THS_SEAT,TST_HSPD,TR,2013,5.030,
ESTAT:RAIL_EQ_TRSET(1.0),31/07/24 23:00:00,A,THS_SEAT,TST_HSPD,TR,2014,4.908,
ESTAT:RAIL_EQ_TRSET(1.0),31/07/24 23:00:00,A,THS_SEAT,TST_HSPD,TR,2015,5,
ESTAT:RAIL_EQ_TRSET(1.0),31/07/24 23:00:00,A,THS_SEAT,TST_HSPD,TR,2016,8,
ESTAT:RAIL_EQ_TRSET(1.0),31/07/24 23:00:00,A,THS_SEAT,TST_HSPD,TR,2017,8,
ESTAT:RAIL_EQ_TRSET(1.0),31/07/24 23:00:00,A,THS_SEAT,TST_HSPD,TR,2018,8,
ESTAT:RAIL_EQ_TRSET(1.0),31/07/24 23:00:00,A,THS_SEAT,TST_HSPD,TR,2019,8,
ESTAT:RAIL_EQ_TRSET(1.0),31/07/24 23:00:00,A,THS_SEAT,TST_HSPD,TR,2020,12,
ESTAT:RAIL_EQ_TRSET(1.0),31/07/24 23:00:00,A,THS_SEAT,TST_HSPD,XK,2018,0,
ESTAT:RAIL_EQ_TRSET(1.0),31/07/24 23:00:00,A,THS_SEAT,TST_HSPD,XK,2019,0,
ESTAT:RAIL_EQ_TRSET(1.0),31/07/24 23:00:00,A,THS_SEAT,TST_HSPD,XK,2020,0,
ESTAT:RAIL_EQ_TRSET(1.0),31/07/24 23:00:00,A,THS_SEAT,TST_HSPD,XK,2021,0,
ESTAT:RAIL_EQ_TRSET(1.0),31/07/24 23:00:00,A,THS_SEAT,TST_THSPD,AL,2020,0,
ESTAT:RAIL_EQ_TRSET(1.0),31/07/24 23:00:00,A,THS_SEAT,TST_THSPD,BA,2017,2,
ESTAT:RAIL_EQ_TRSET(1.0),31/07/24 23:00:00,A,THS_SEAT,TST_THSPD,BA,2018,2,
ESTAT:RAIL_EQ_TRSET(1.0),31/07/24 23:00:00,A,THS_SEAT,TST_THSPD,BA,2019,2,
ESTAT:RAIL_EQ_TRSET(1.0),31/07/24 23:00:00,A,THS_SEAT,TST_THSPD,BA,2020,2,
ESTAT:RAIL_EQ_TRSET(1.0),31/07/24 23:00:00,A,THS_SEAT,TST_THSPD,BA,2021,2,
ESTAT:RAIL_EQ_TRSET(1.0),31/07/24 23:00:00,A,THS_SEAT,TST_THSPD,BA,2022,2,
ESTAT:RAIL_EQ_TRSET(1.0),31/07/24 23:00:00,A,THS_SEAT,TST_THSPD,DK,2008,0,s
ESTAT:RAIL_EQ_TRSET(1.0),31/07/24 23:00:00,A,THS_SEAT,TST_THSPD,DK,2009,0,s
ESTAT:RAIL_EQ_TRSET(1.0),31/07/24 23:00:00,A,THS_SEAT,TST_THSPD,DK,2010,0,s
ESTAT:RAIL_EQ_TRSET(1.0),31/07/24 23:00:00,A,THS_SEAT,TST_THSPD,DK,2011,0,s
ESTAT:RAIL_EQ_TRSET(1.0),31/07/24 23:00:00,A,THS_SEAT,TST_THSPD,DK,2012,0,s
ESTAT:RAIL_EQ_TRSET(1.0),31/07/24 23:00:00,A,THS_SEAT,TST_THSPD,DK,2013,0,
ESTAT:RAIL_EQ_TRSET(1.0),31/07/24 23:00:00,A,THS_SEAT,TST_THSPD,DK,2014,0,
ESTAT:RAIL_EQ_TRSET(1.0),31/07/24 23:00:00,A,THS_SEAT,TST_THSPD,DK,2015,0,
ESTAT:RAIL_EQ_TRSET(1.0),31/07/24 23:00:00,A,THS_SEAT,TST_THSPD,DK,2016,0,
ESTAT:RAIL_EQ_TRSET(1.0),31/07/24 23:00:00,A,THS_SEAT,TST_THSPD,DK,2017,0,
ESTAT:RAIL_EQ_TRSET(1.0),31/07/24 23:00:00,A,THS_SEAT,TST_THSPD,DK,2018,0,
ESTAT:RAIL_EQ_TRSET(1.0),31/07/24 23:00:00,A,THS_SEAT,TST_THSPD,DK,2019,0,
ESTAT:RAIL_EQ_TRSET(1.0),31/07/24 23:00:00,A,THS_SEAT,TST_THSPD,DK,2020,0,
ESTAT:RAIL_EQ_TRSET(1.0),31/07/24 23:00:00,A,THS_SEAT,TST_THSPD,DK,2021,0,
ESTAT:RAIL_EQ_TRSET(1.0),31/07/24 23:00:00,A,THS_SEAT,TST_THSPD,DK,2022,0,
ESTAT:RAIL_EQ_TRSET(1.0),31/07/24 23:00:00,A,THS_SEAT,TST_THSPD,EE,2014,,z
ESTAT:RAIL_EQ_TRSET(1.0),31/07/24 23:00:00,A,THS_SEAT,TST_THSPD,EE,2015,,z
ESTAT:RAIL_EQ_TRSET(1.0),31/07/24 23:00:00,A,THS_SEAT,TST_THSPD,EE,2016,,z
ESTAT:RAIL_EQ_TRSET(1.0),31/07/24 23:00:00,A,THS_SEAT,TST_THSPD,EE,2017,,z
ESTAT:RAIL_EQ_TRSET(1.0),31/07/24 23:00:00,A,THS_SEAT,TST_THSPD,EE,2018,,z
ESTAT:RAIL_EQ_TRSET(1.0),31/07/24 23:00:00,A,THS_SEAT,TST_THSPD,EE,2019,0,
ESTAT:RAIL_EQ_TRSET(1.0),31/07/24 23:00:00,A,THS_SEAT,TST_THSPD,EE,2020,0,
ESTAT:RAIL_EQ_TRSET(1.0),31/07/24 23:00:00,A,THS_SEAT,TST_THSPD,EE,2021,0,
ESTAT:RAIL_EQ_TRSET(1.0),31/07/24 23:00:00,A,THS_SEAT,TST_THSPD,EE,2022,0,
ESTAT:RAIL_EQ_TRSET(1.0),31/07/24 23:00:00,A,THS_SEAT,TST_THSPD,EL,2014,0,
ESTAT:RAIL_EQ_TRSET(1.0),31/07/24 23:00:00,A,THS_SEAT,TST_THSPD,EL,2015,0,
ESTAT:RAIL_EQ_TRSET(1.0),31/07/24 23:00:00,A,THS_SEAT,TST_THSPD,EL,2016,0,
ESTAT:RAIL_EQ_TRSET(1.0),31/07/24 23:00:00,A,THS_SEAT,TST_THSPD,EL,2017,0,
ESTAT:RAIL_EQ_TRSET(1.0),31/07/24 23:00:00,A,THS_SEAT,TST_THSPD,EL,2018,0,
ESTAT:RAIL_EQ_TRSET(1.0),31/07/24 23:00:00,A,THS_SEAT,TST_THSPD,EL,2019,0,
ESTAT:RAIL_EQ_TRSET(1.0),31/07/24 23:00:00,A,THS_SEAT,TST_THSPD,EL,2020,0,
ESTAT:RAIL_EQ_TRSET(1.0),31/07/24 23:00:00,A,THS_SEAT,TST_THSPD,EL,2021,0,
ESTAT:RAIL_EQ_TRSET(1.0),31/07/24 23:00:00,A,THS_SEAT,TST_THSPD,EL,2022,0,
ESTAT:RAIL_EQ_TRSET(1.0),31/07/24 23:00:00,A,THS_SEAT,TST_THSPD,ES,2009,24615,
ESTAT:RAIL_EQ_TRSET(1.0),31/07/24 23:00:00,A,THS_SEAT,TST_THSPD,ES,2016,0,
ESTAT:RAIL_EQ_TRSET(1.0),31/07/24 23:00:00,A,THS_SEAT,TST_THSPD,ES,2017,0,
ESTAT:RAIL_EQ_TRSET(1.0),31/07/24 23:00:00,A,THS_SEAT,TST_THSPD,ES,2019,13,
ESTAT:RAIL_EQ_TRSET(1.0),31/07/24 23:00:00,A,THS_SEAT,TST_THSPD,ES,2020,13,
ESTAT:RAIL_EQ_TRSET(1.0),31/07/24 23:00:00,A,THS_SEAT,TST_THSPD,ES,2021,13,
ESTAT:RAIL_EQ_TRSET(1.0),31/07/24 23:00:00,A,THS_SEAT,TST_THSPD,ES,2022,14,
ESTAT:RAIL_EQ_TRSET(1.0),31/07/24 23:00:00,A,THS_SEAT,TST_THSPD,FI,2008,5,
ESTAT:RAIL_EQ_TRSET(1.0),31/07/24 23:00:00,A,THS_SEAT,TST_THSPD,FI,2009,5,
ESTAT:RAIL_EQ_TRSET(1.0),31/07/24 23:00:00,A,THS_SEAT,TST_THSPD,FI,2010,7,
ESTAT:RAIL_EQ_TRSET(1.0),31/07/24 23:00:00,A,THS_SEAT,TST_THSPD,FI,2011,7,
ESTAT:RAIL_EQ_TRSET(1.0),31/07/24 23:00:00,A,THS_SEAT,TST_THSPD,FI,2012,7,
ESTAT:RAIL_EQ_TRSET(1.0),31/07/24 23:00:00,A,THS_SEAT,TST_THSPD,FI,2013,7,
ESTAT:RAIL_EQ_TRSET(1.0),31/07/24 23:00:00,A,THS_SEAT,TST_THSPD,FI,2014,7,
ESTAT:RAIL_EQ_TRSET(1.0),31/07/24 23:00:00,A,THS_SEAT,TST_THSPD,FI,2015,7,
ESTAT:RAIL_EQ_TRSET(1.0),31/07/24 23:00:00,A,THS_SEAT,TST_THSPD,FI,2016,7,
ESTAT:RAIL_EQ_TRSET(1.0),31/07/24 23:00:00,A,THS_SEAT,TST_THSPD,FI,2017,7,
ESTAT:RAIL_EQ_TRSET(1.0),31/07/24 23:00:00,A,THS_SEAT,TST_THSPD,FI,2018,7,
ESTAT:RAIL_EQ_TRSET(1.0),31/07/24 23:00:00,A,THS_SEAT,TST_THSPD,HR,2008,,z
ESTAT:RAIL_EQ_TRSET(1.0),31/07/24 23:00:00,A,THS_SEAT,TST_THSPD,HR,2009,,z
ESTAT:RAIL_EQ_TRSET(1.0),31/07/24 23:00:00,A,THS_SEAT,TST_THSPD,HR,2010,,z
ESTAT:RAIL_EQ_TRSET(1.0),31/07/24 23:00:00,A,THS_SEAT,TST_THSPD,HR,2011,,z
ESTAT:RAIL_EQ_TRSET(1.0),31/07/24 23:00:00,A,THS_SEAT,TST_THSPD,HR,2012,,z
ESTAT:RAIL_EQ_TRSET(1.0),31/07/24 23:00:00,A,THS_SEAT,TST_THSPD,HR,2013,0,
ESTAT:RAIL_EQ_TRSET(1.0),31/07/24 23:00:00,A,THS_SEAT,TST_THSPD,HR,2014,0,
ESTAT:RAIL_EQ_TRSET(1.0),31/07/24 23:00:00,A,THS_SEAT,TST_THSPD,HR,2015,0,
ESTAT:RAIL_EQ_TRSET(1.0),31/07/24 23:00:00,A,THS_SEAT,TST_THSPD,HR,2016,0,
ESTAT:RAIL_EQ_TRSET(1.0),31/07/24 23:00:00,A,THS_SEAT,TST_THSPD,HR,2017,0,
ESTAT:RAIL_EQ_TRSET(1.0),31/07/24 23:00:00,A,THS_SEAT,TST_THSPD,HR,2018,0,
ESTAT:RAIL_EQ_TRSET(1.0),31/07/24 23:00:00,A,THS_SEAT,TST_THSPD,HR,2019,0,
ESTAT:RAIL_EQ_TRSET(1.0),31/07/24 23:00:00,A,THS_SEAT,TST_THSPD,HR,2020,0,
ESTAT:RAIL_EQ_TRSET(1.0),31/07/24 23:00:00,A,THS_SEAT,TST_THSPD,HR,2021,0,
ESTAT:RAIL_EQ_TRSET(1.0),31/07/24 23:00:00,A,THS_SEAT,TST_THSPD,HR,2022,0,
ESTAT:RAIL_EQ_TRSET(1.0),31/07/24 23:00:00,A,THS_SEAT,TST_THSPD,IT,2008,16,
ESTAT:RAIL_EQ_TRSET(1.0),31/07/24 23:00:00,A,THS_SEAT,TST_THSPD,LT,2012,0,
ESTAT:RAIL_EQ_TRSET(1.0),31/07/24 23:00:00,A,THS_SEAT,TST_THSPD,LT,2013,0,
ESTAT:RAIL_EQ_TRSET(1.0),31/07/24 23:00:00,A,THS_SEAT,TST_THSPD,LT,2014,0,
ESTAT:RAIL_EQ_TRSET(1.0),31/07/24 23:00:00,A,THS_SEAT,TST_THSPD,LT,2015,0,
ESTAT:RAIL_EQ_TRSET(1.0),31/07/24 23:00:00,A,THS_SEAT,TST_THSPD,LT,2016,0,
ESTAT:RAIL_EQ_TRSET(1.0),31/07/24 23:00:00,A,THS_SEAT,TST_THSPD,LT,2017,0,
ESTAT:RAIL_EQ_TRSET(1.0),31/07/24 23:00:00,A,THS_SEAT,TST_THSPD,LT,2018,0,
ESTAT:RAIL_EQ_TRSET(1.0),31/07/24 23:00:00,A,THS_SEAT,TST_THSPD,LT,2019,0,
ESTAT:RAIL_EQ_TRSET(1.0),31/07/24 23:00:00,A,THS_SEAT,TST_THSPD,LT,2020,0,
ESTAT:RAIL_EQ_TRSET(1.0),31/07/24 23:00:00,A,THS_SEAT,TST_THSPD,LT,2021,0,
ESTAT:RAIL_EQ_TRSET(1.0),31/07/24 23:00:00,A,THS_SEAT,TST_THSPD,LT,2022,0,
ESTAT:RAIL_EQ_TRSET(1.0),31/07/24 23:00:00,A,THS_SEAT,TST_THSPD,LU,2013,0,
ESTAT:RAIL_EQ_TRSET(1.0),31/07/24 23:00:00,A,THS_SEAT,TST_THSPD,LU,2021,0,
ESTAT:RAIL_EQ_TRSET(1.0),31/07/24 23:00:00,A,THS_SEAT,TST_THSPD,LU,2022,0,
ESTAT:RAIL_EQ_TRSET(1.0),31/07/24 23:00:00,A,THS_SEAT,TST_THSPD,LV,2008,0,
ESTAT:RAIL_EQ_TRSET(1.0),31/07/24 23:00:00,A,THS_SEAT,TST_THSPD,LV,2009,0,
ESTAT:RAIL_EQ_TRSET(1.0),31/07/24 23:00:00,A,THS_SEAT,TST_THSPD,LV,2010,0,
ESTAT:RAIL_EQ_TRSET(1.0),31/07/24 23:00:00,A,THS_SEAT,TST_THSPD,LV,2011,0,
ESTAT:RAIL_EQ_TRSET(1.0),31/07/24 23:00:00,A,THS_SEAT,TST_THSPD,LV,2012,0,
ESTAT:RAIL_EQ_TRSET(1.0),31/07/24 23:00:00,A,THS_SEAT,TST_THSPD,LV,2013,0,
ESTAT:RAIL_EQ_TRSET(1.0),31/07/24 23:00:00,A,THS_SEAT,TST_THSPD,LV,2014,0,
ESTAT:RAIL_EQ_TRSET(1.0),31/07/24 23:00:00,A,THS_SEAT,TST_THSPD,LV,2015,0,
ESTAT:RAIL_EQ_TRSET(1.0),31/07/24 23:00:00,A,THS_SEAT,TST_THSPD,LV,2016,0,
ESTAT:RAIL_EQ_TRSET(1.0),31/07/24 23:00:00,A,THS_SEAT,TST_THSPD,LV,2017,0,
ESTAT:RAIL_EQ_TRSET(1.0),31/07/24 23:00:00,A,THS_SEAT,TST_THSPD,LV,2018,0,
ESTAT:RAIL_EQ_TRSET(1.0),31/07/24 23:00:00,A,THS_SEAT,TST_THSPD,LV,2019,0,
ESTAT:RAIL_EQ_TRSET(1.0),31/07/24 23:00:00,A,THS_SEAT,TST_THSPD,LV,2020,0,
ESTAT:RAIL_EQ_TRSET(1.0),31/07/24 23:00:00,A,THS_SEAT,TST_THSPD,LV,2021,0,
ESTAT:RAIL_EQ_TRSET(1.0),31/07/24 23:00:00,A,THS_SEAT,TST_THSPD,LV,2022,0,
ESTAT:RAIL_EQ_TRSET(1.0),31/07/24 23:00:00,A,THS_SEAT,TST_THSPD,MD,2022,0,
ESTAT:RAIL_EQ_TRSET(1.0),31/07/24 23:00:00,A,THS_SEAT,TST_THSPD,ME,2016,0,
ESTAT:RAIL_EQ_TRSET(1.0),31/07/24 23:00:00,A,THS_SEAT,TST_THSPD,ME,2017,0,
ESTAT:RAIL_EQ_TRSET(1.0),31/07/24 23:00:00,A,THS_SEAT,TST_THSPD,ME,2018,0,
ESTAT:RAIL_EQ_TRSET(1.0),31/07/24 23:00:00,A,THS_SEAT,TST_THSPD,PL,2015,,z
ESTAT:RAIL_EQ_TRSET(1.0),31/07/24 23:00:00,A,THS_SEAT,TST_THSPD,PL,2017,0,
ESTAT:RAIL_EQ_TRSET(1.0),31/07/24 23:00:00,A,THS_SEAT,TST_THSPD,RO,2019,,z
ESTAT:RAIL_EQ_TRSET(1.0),31/07/24 23:00:00,A,THS_SEAT,TST_THSPD,RS,2008,0,
ESTAT:RAIL_EQ_TRSET(1.0),31/07/24 23:00:00,A,THS_SEAT,TST_THSPD,RS,2009,0,
ESTAT:RAIL_EQ_TRSET(1.0),31/07/24 23:00:00,A,THS_SEAT,TST_THSPD,RS,2010,0,
ESTAT:RAIL_EQ_TRSET(1.0),31/07/24 23:00:00,A,THS_SEAT,TST_THSPD,RS,2011,0,
ESTAT:RAIL_EQ_TRSET(1.0),31/07/24 23:00:00,A,THS_SEAT,TST_THSPD,RS,2013,0,
ESTAT:RAIL_EQ_TRSET(1.0),31/07/24 23:00:00,A,THS_SEAT,TST_THSPD,RS,2014,0,
ESTAT:RAIL_EQ_TRSET(1.0),31/07/24 23:00:00,A,THS_SEAT,TST_THSPD,RS,2015,0,
ESTAT:RAIL_EQ_TRSET(1.0),31/07/24 23:00:00,A,THS_SEAT,TST_THSPD,RS,2016,0,
ESTAT:RAIL_EQ_TRSET(1.0),31/07/24 23:00:00,A,THS_SEAT,TST_THSPD,RS,2019,0,
ESTAT:RAIL_EQ_TRSET(1.0),31/07/24 23:00:00,A,THS_SEAT,TST_THSPD,SE,2008,28,
ESTAT:RAIL_EQ_TRSET(1.0),31/07/24 23:00:00,A,THS_SEAT,TST_THSPD,SE,2009,28,
ESTAT:RAIL_EQ_TRSET(1.0),31/07/24 23:00:00,A,THS_SEAT,TST_THSPD,SE,2010,29,
ESTAT:RAIL_EQ_TRSET(1.0),31/07/24 23:00:00,A,THS_SEAT,TST_THSPD,SE,2011,30,
ESTAT:RAIL_EQ_TRSET(1.0),31/07/24 23:00:00,A,THS_SEAT,TST_THSPD,SI,2014,,z
ESTAT:RAIL_EQ_TRSET(1.0),31/07/24 23:00:00,A,THS_SEAT,TST_THSPD,SI,2015,,z
ESTAT:RAIL_EQ_TRSET(1.0),31/07/24 23:00:00,A,THS_SEAT,TST_THSPD,SI,2016,,z
ESTAT:RAIL_EQ_TRSET(1.0),31/07/24 23:00:00,A,THS_SEAT,TST_THSPD,SI,2017,,z
ESTAT:RAIL_EQ_TRSET(1.0),31/07/24 23:00:00,A,THS_SEAT,TST_THSPD,SI,2018,,z
ESTAT:RAIL_EQ_TRSET(1.0),31/07/24 23:00:00,A,THS_SEAT,TST_THSPD,SI,2019,,z
ESTAT:RAIL_EQ_TRSET(1.0),31/07/24 23:00:00,A,THS_SEAT,TST_THSPD,SI,2020,0,
ESTAT:RAIL_EQ_TRSET(1.0),31/07/24 23:00:00,A,THS_SEAT,TST_THSPD,SI,2021,0,
ESTAT:RAIL_EQ_TRSET(1.0),31/07/24 23:00:00,A,THS_SEAT,TST_THSPD,SI,2022,0,
ESTAT:RAIL_EQ_TRSET(1.0),31/07/24 23:00:00,A,THS_SEAT,TST_THSPD,SK,2013,0,
ESTAT:RAIL_EQ_TRSET(1.0),31/07/24 23:00:00,A,THS_SEAT,TST_THSPD,SK,2014,0,
ESTAT:RAIL_EQ_TRSET(1.0),31/07/24 23:00:00,A,THS_SEAT,TST_THSPD,SK,2015,0,
ESTAT:RAIL_EQ_TRSET(1.0),31/07/24 23:00:00,A,THS_SEAT,TST_THSPD,SK,2016,0,
ESTAT:RAIL_EQ_TRSET(1.0),31/07/24 23:00:00,A,THS_SEAT,TST_THSPD,SK,2017,0,
ESTAT:RAIL_EQ_TRSET(1.0),31/07/24 23:00:00,A,THS_SEAT,TST_THSPD,SK,2018,0,
ESTAT:RAIL_EQ_TRSET(1.0),31/07/24 23:00:00,A,THS_SEAT,TST_THSPD,SK,2019,0,
ESTAT:RAIL_EQ_TRSET(1.0),31/07/24 23:00:00,A,THS_SEAT,TST_THSPD,SK,2020,0,
ESTAT:RAIL_EQ_TRSET(1.0),31/07/24 23:00:00,A,THS_SEAT,TST_THSPD,SK,2021,0,
ESTAT:RAIL_EQ_TRSET(1.0),31/07/24 23:00:00,A,THS_SEAT,TST_THSPD,SK,2022,0,
ESTAT:RAIL_EQ_TRSET(1.0),31/07/24 23:00:00,A,THS_SEAT,TST_THSPD,TR,2016,0,
ESTAT:RAIL_EQ_TRSET(1.0),31/07/24 23:00:00,A,THS_SEAT,TST_THSPD,TR,2017,0,
ESTAT:RAIL_EQ_TRSET(1.0),31/07/24 23:00:00,A,THS_SEAT,TST_THSPD,TR,2018,0,
ESTAT:RAIL_EQ_TRSET(1.0),31/07/24 23:00:00,A,THS_SEAT,TST_THSPD,TR,2019,0,
ESTAT:RAIL_EQ_TRSET(1.0),31/07/24 23:00:00,A,THS_SEAT,TST_THSPD,TR,2020,0,
ESTAT:RAIL_EQ_TRSET(1.0),31/07/24 23:00:00,A,THS_SEAT,TST_THSPD,XK,2018,0,
ESTAT:RAIL_EQ_TRSET(1.0),31/07/24 23:00:00,A,THS_SEAT,TST_THSPD,XK,2019,0,
ESTAT:RAIL_EQ_TRSET(1.0),31/07/24 23:00:00,A,THS_SEAT,TST_THSPD,XK,2020,0,
ESTAT:RAIL_EQ_TRSET(1.0),31/07/24 23:00:00,A,THS_SEAT,TST_THSPD,XK,2021,0,
