DATAFLOW,LAST UPDATE,freq,unit,geo,TIME_PERIOD,OBS_VALUE,OBS_FLAG
ESTAT:RAIL_GO_TOTAL(1.0),04/09/24 23:00:00,A,MIO_TKM,AT,2004,18757,
ESTAT:RAIL_GO_TOTAL(1.0),04/09/24 23:00:00,A,MIO_TKM,AT,2005,18957,
ESTAT:RAIL_GO_TOTAL(1.0),04/09/24 23:00:00,A,MIO_TKM,AT,2006,20980,
ESTAT:RAIL_GO_TOTAL(1.0),04/09/24 23:00:00,A,MIO_TKM,AT,2007,21371,
ESTAT:RAIL_GO_TOTAL(1.0),04/09/24 23:00:00,A,MIO_TKM,AT,2008,21915,
ESTAT:RAIL_GO_TOTAL(1.0),04/09/24 23:00:00,A,MIO_TKM,AT,2009,17767,
ESTAT:RAIL_GO_TOTAL(1.0),04/09/24 23:00:00,A,MIO_TKM,AT,2010,19833,
ESTAT:RAIL_GO_TOTAL(1.0),04/09/24 23:00:00,A,MIO_TKM,AT,2011,20345,
ESTAT:RAIL_GO_TOTAL(1.0),04/09/24 23:00:00,A,MIO_TKM,AT,2012,19499,
ESTAT:RAIL_GO_TOTAL(1.0),04/09/24 23:00:00,A,MIO_TKM,AT,2013,19356,
ESTAT:RAIL_GO_TOTAL(1.0),04/09/24 23:00:00,A,MIO_TKM,AT,2014,20746,
ESTAT:RAIL_GO_TOTAL(1.0),04/09/24 23:00:00,A,MIO_TKM,AT,2015,20814,
ESTAT:RAIL_GO_TOTAL(1.0),04/09/24 23:00:00,A,MIO_TKM,AT,2016,21361,
ESTAT:RAIL_GO_TOTAL(1.0),04/09/24 23:00:00,A,MIO_TKM,AT,2017,22256,
ESTAT:RAIL_GO_TOTAL(1.0),04/09/24 23:00:00,A,MIO_TKM,AT,2018,21996,
ESTAT:RAIL_GO_TOTAL(1.0),04/09/24 23:00:00,A,MIO_TKM,AT,2019,21736,
ESTAT:RAIL_GO_TOTAL(1.0),04/09/24 23:00:00,A,MIO_TKM,AT,2020,20498,
ESTAT:RAIL_GO_TOTAL(1.0),04/09/24 23:00:00,A,MIO_TKM,AT,2021,21980,
ESTAT:RAIL_GO_TOTAL(1.0),04/09/24 23:00:00,A,MIO_TKM,AT,2022,22167,
ESTAT:RAIL_GO_TOTAL(1.0),04/09/24 23:00:00,A,MIO_TKM,AT,2023,20205,
ESTAT:RAIL_GO_TOTAL(1.0),04/09/24 23:00:00,A,MIO_TKM,BA,2014,1313,
ESTAT:RAIL_GO_TOTAL(1.0),04/09/24 23:00:00,A,MIO_TKM,BA,2015,1285,
ESTAT:RAIL_GO_TOTAL(1.0),04/09/24 23:00:00,A,MIO_TKM,BA,2016,1142,
ESTAT:RAIL_GO_TOTAL(1.0),04/09/24 23:00:00,A,MIO_TKM,BA,2017,1116,
ESTAT:RAIL_GO_TOTAL(1.0),04/09/24 23:00:00,A,MIO_TKM,BA,2018,1179,
ESTAT:RAIL_GO_TOTAL(1.0),04/09/24 23:00:00,A,MIO_TKM,BA,2019,1275,
ESTAT:RAIL_GO_TOTAL(1.0),04/09/24 23:00:00,A,MIO_TKM,BA,2020,1030,
ESTAT:RAIL_GO_TOTAL(1.0),04/09/24 23:00:00,A,MIO_TKM,BA,2021,1181,
ESTAT:RAIL_GO_TOTAL(1.0),04/09/24 23:00:00,A,MIO_TKM,BA,2022,1250,
ESTAT:RAIL_GO_TOTAL(1.0),04/09/24 23:00:00,A,MIO_TKM,BA,2023,1262,
ESTAT:RAIL_GO_TOTAL(1.0),04/09/24 23:00:00,A,MIO_TKM,BE,2004,,c
ESTAT:RAIL_GO_TOTAL(1.0),04/09/24 23:00:00,A,MIO_TKM,BE,2005,,c
ESTAT:RAIL_GO_TOTAL(1.0),04/09/24 23:00:00,A,MIO_TKM,BE,2006,,c
ESTAT:RAIL_GO_TOTAL(1.0),04/09/24 23:00:00,A,MIO_TKM,BE,2007,9258,
ESTAT:RAIL_GO_TOTAL(1.0),04/09/24 23:00:00,A,MIO_TKM,BE,2008,8927,
ESTAT:RAIL_GO_TOTAL(1.0),04/09/24 23:00:00,A,MIO_TKM,BE,2009,6374,
ESTAT:RAIL_GO_TOTAL(1.0),04/09/24 23:00:00,A,MIO_TKM,BE,2010,7476,
ESTAT:RAIL_GO_TOTAL(1.0),04/09/24 23:00:00,A,MIO_TKM,BE,2011,7593,
ESTAT:RAIL_GO_TOTAL(1.0),04/09/24 23:00:00,A,MIO_TKM,BE,2013,,c
ESTAT:RAIL_GO_TOTAL(1.0),04/09/24 23:00:00,A,MIO_TKM,BE,2014,,c
ESTAT:RAIL_GO_TOTAL(1.0),04/09/24 23:00:00,A,MIO_TKM,BE,2015,,c
ESTAT:RAIL_GO_TOTAL(1.0),04/09/24 23:00:00,A,MIO_TKM,BE,2016,,c
ESTAT:RAIL_GO_TOTAL(1.0),04/09/24 23:00:00,A,MIO_TKM,BE,2017,,c
ESTAT:RAIL_GO_TOTAL(1.0),04/09/24 23:00:00,A,MIO_TKM,BE,2018,,c
ESTAT:RAIL_GO_TOTAL(1.0),04/09/24 23:00:00,A,MIO_TKM,BE,2019,,c
ESTAT:RAIL_GO_TOTAL(1.0),04/09/24 23:00:00,A,MIO_TKM,BE,2020,,c
ESTAT:RAIL_GO_TOTAL(1.0),04/09/24 23:00:00,A,MIO_TKM,BE,2021,,c
ESTAT:RAIL_GO_TOTAL(1.0),04/09/24 23:00:00,A,MIO_TKM,BE,2022,,c
ESTAT:RAIL_GO_TOTAL(1.0),04/09/24 23:00:00,A,MIO_TKM,BE,2023,,c
ESTAT:RAIL_GO_TOTAL(1.0),04/09/24 23:00:00,A,MIO_TKM,BG,2006,5396,
ESTAT:RAIL_GO_TOTAL(1.0),04/09/24 23:00:00,A,MIO_TKM,BG,2007,5241,
ESTAT:RAIL_GO_TOTAL(1.0),04/09/24 23:00:00,A,MIO_TKM,BG,2008,4693,
ESTAT:RAIL_GO_TOTAL(1.0),04/09/24 23:00:00,A,MIO_TKM,BG,2009,3145,
ESTAT:RAIL_GO_TOTAL(1.0),04/09/24 23:00:00,A,MIO_TKM,BG,2010,3064,
ESTAT:RAIL_GO_TOTAL(1.0),04/09/24 23:00:00,A,MIO_TKM,BG,2011,3291,
ESTAT:RAIL_GO_TOTAL(1.0),04/09/24 23:00:00,A,MIO_TKM,BG,2012,2907,
ESTAT:RAIL_GO_TOTAL(1.0),04/09/24 23:00:00,A,MIO_TKM,BG,2013,3246,
ESTAT:RAIL_GO_TOTAL(1.0),04/09/24 23:00:00,A,MIO_TKM,BG,2014,3439,
ESTAT:RAIL_GO_TOTAL(1.0),04/09/24 23:00:00,A,MIO_TKM,BG,2015,3650,
ESTAT:RAIL_GO_TOTAL(1.0),04/09/24 23:00:00,A,MIO_TKM,BG,2016,3434,
ESTAT:RAIL_GO_TOTAL(1.0),04/09/24 23:00:00,A,MIO_TKM,BG,2017,3931,
ESTAT:RAIL_GO_TOTAL(1.0),04/09/24 23:00:00,A,MIO_TKM,BG,2018,3824,
ESTAT:RAIL_GO_TOTAL(1.0),04/09/24 23:00:00,A,MIO_TKM,BG,2019,3902,
ESTAT:RAIL_GO_TOTAL(1.0),04/09/24 23:00:00,A,MIO_TKM,BG,2020,4503,
ESTAT:RAIL_GO_TOTAL(1.0),04/09/24 23:00:00,A,MIO_TKM,BG,2021,4657,
ESTAT:RAIL_GO_TOTAL(1.0),04/09/24 23:00:00,A,MIO_TKM,BG,2022,5239,
ESTAT:RAIL_GO_TOTAL(1.0),04/09/24 23:00:00,A,MIO_TKM,BG,2023,4555,
ESTAT:RAIL_GO_TOTAL(1.0),04/09/24 23:00:00,A,MIO_TKM,CH,2008,12265,
ESTAT:RAIL_GO_TOTAL(1.0),04/09/24 23:00:00,A,MIO_TKM,CH,2009,10565,
ESTAT:RAIL_GO_TOTAL(1.0),04/09/24 23:00:00,A,MIO_TKM,CH,2010,11074,
ESTAT:RAIL_GO_TOTAL(1.0),04/09/24 23:00:00,A,MIO_TKM,CH,2011,11526,
ESTAT:RAIL_GO_TOTAL(1.0),04/09/24 23:00:00,A,MIO_TKM,CH,2012,11061,
ESTAT:RAIL_GO_TOTAL(1.0),04/09/24 23:00:00,A,MIO_TKM,CH,2013,11812,
ESTAT:RAIL_GO_TOTAL(1.0),04/09/24 23:00:00,A,MIO_TKM,CH,2014,12313,
ESTAT:RAIL_GO_TOTAL(1.0),04/09/24 23:00:00,A,MIO_TKM,CH,2015,12431,
ESTAT:RAIL_GO_TOTAL(1.0),04/09/24 23:00:00,A,MIO_TKM,CH,2016,12447,
ESTAT:RAIL_GO_TOTAL(1.0),04/09/24 23:00:00,A,MIO_TKM,CH,2017,11653,
ESTAT:RAIL_GO_TOTAL(1.0),04/09/24 23:00:00,A,MIO_TKM,CH,2018,11776,
ESTAT:RAIL_GO_TOTAL(1.0),04/09/24 23:00:00,A,MIO_TKM,CH,2019,11666,
ESTAT:RAIL_GO_TOTAL(1.0),04/09/24 23:00:00,A,MIO_TKM,CH,2020,11063,
ESTAT:RAIL_GO_TOTAL(1.0),04/09/24 23:00:00,A,MIO_TKM,CH,2021,12023,
ESTAT:RAIL_GO_TOTAL(1.0),04/09/24 23:00:00,A,MIO_TKM,CH,2022,12135,
ESTAT:RAIL_GO_TOTAL(1.0),04/09/24 23:00:00,A,MIO_TKM,CH,2023,11540,
ESTAT:RAIL_GO_TOTAL(1.0),04/09/24 23:00:00,A,MIO_TKM,CZ,2004,15092,
ESTAT:RAIL_GO_TOTAL(1.0),04/09/24 23:00:00,A,MIO_TKM,CZ,2005,14866,
ESTAT:RAIL_GO_TOTAL(1.0),04/09/24 23:00:00,A,MIO_TKM,CZ,2006,15779,
ESTAT:RAIL_GO_TOTAL(1.0),04/09/24 23:00:00,A,MIO_TKM,CZ,2007,16304,
ESTAT:RAIL_GO_TOTAL(1.0),04/09/24 23:00:00,A,MIO_TKM,CZ,2008,15437,
ESTAT:RAIL_GO_TOTAL(1.0),04/09/24 23:00:00,A,MIO_TKM,CZ,2009,12791,
ESTAT:RAIL_GO_TOTAL(1.0),04/09/24 23:00:00,A,MIO_TKM,CZ,2010,13770,
ESTAT:RAIL_GO_TOTAL(1.0),04/09/24 23:00:00,A,MIO_TKM,CZ,2011,14316,
ESTAT:RAIL_GO_TOTAL(1.0),04/09/24 23:00:00,A,MIO_TKM,CZ,2012,14267,
ESTAT:RAIL_GO_TOTAL(1.0),04/09/24 23:00:00,A,MIO_TKM,CZ,2013,13965,
ESTAT:RAIL_GO_TOTAL(1.0),04/09/24 23:00:00,A,MIO_TKM,CZ,2014,14575,
ESTAT:RAIL_GO_TOTAL(1.0),04/09/24 23:00:00,A,MIO_TKM,CZ,2015,15261,
ESTAT:RAIL_GO_TOTAL(1.0),04/09/24 23:00:00,A,MIO_TKM,CZ,2016,15619,
ESTAT:RAIL_GO_TOTAL(1.0),04/09/24 23:00:00,A,MIO_TKM,CZ,2017,15843,
ESTAT:RAIL_GO_TOTAL(1.0),04/09/24 23:00:00,A,MIO_TKM,CZ,2018,16564,
ESTAT:RAIL_GO_TOTAL(1.0),04/09/24 23:00:00,A,MIO_TKM,CZ,2019,16180,
ESTAT:RAIL_GO_TOTAL(1.0),04/09/24 23:00:00,A,MIO_TKM,CZ,2020,15251,
ESTAT:RAIL_GO_TOTAL(1.0),04/09/24 23:00:00,A,MIO_TKM,CZ,2021,16326,
ESTAT:RAIL_GO_TOTAL(1.0),04/09/24 23:00:00,A,MIO_TKM,CZ,2022,16368,
ESTAT:RAIL_GO_TOTAL(1.0),04/09/24 23:00:00,A,MIO_TKM,CZ,2023,15038,
ESTAT:RAIL_GO_TOTAL(1.0),04/09/24 23:00:00,A,MIO_TKM,DE,2004,86409,
ESTAT:RAIL_GO_TOTAL(1.0),04/09/24 23:00:00,A,MIO_TKM,DE,2005,95420,
ESTAT:RAIL_GO_TOTAL(1.0),04/09/24 23:00:00,A,MIO_TKM,DE,2006,107007,
ESTAT:RAIL_GO_TOTAL(1.0),04/09/24 23:00:00,A,MIO_TKM,DE,2007,114615,
ESTAT:RAIL_GO_TOTAL(1.0),04/09/24 23:00:00,A,MIO_TKM,DE,2008,115969,
ESTAT:RAIL_GO_TOTAL(1.0),04/09/24 23:00:00,A,MIO_TKM,DE,2009,95652,
ESTAT:RAIL_GO_TOTAL(1.0),04/09/24 23:00:00,A,MIO_TKM,DE,2010,107317,
ESTAT:RAIL_GO_TOTAL(1.0),04/09/24 23:00:00,A,MIO_TKM,DE,2011,113160,
ESTAT:RAIL_GO_TOTAL(1.0),04/09/24 23:00:00,A,MIO_TKM,DE,2012,110065,
ESTAT:RAIL_GO_TOTAL(1.0),04/09/24 23:00:00,A,MIO_TKM,DE,2013,110655,
ESTAT:RAIL_GO_TOTAL(1.0),04/09/24 23:00:00,A,MIO_TKM,DE,2014,112629,
ESTAT:RAIL_GO_TOTAL(1.0),04/09/24 23:00:00,A,MIO_TKM,DE,2015,114341,
ESTAT:RAIL_GO_TOTAL(1.0),04/09/24 23:00:00,A,MIO_TKM,DE,2016,135875,
ESTAT:RAIL_GO_TOTAL(1.0),04/09/24 23:00:00,A,MIO_TKM,DE,2017,126897,
ESTAT:RAIL_GO_TOTAL(1.0),04/09/24 23:00:00,A,MIO_TKM,DE,2018,127620,
ESTAT:RAIL_GO_TOTAL(1.0),04/09/24 23:00:00,A,MIO_TKM,DE,2019,128545,
ESTAT:RAIL_GO_TOTAL(1.0),04/09/24 23:00:00,A,MIO_TKM,DE,2020,109219,
ESTAT:RAIL_GO_TOTAL(1.0),04/09/24 23:00:00,A,MIO_TKM,DE,2021,123935,
ESTAT:RAIL_GO_TOTAL(1.0),04/09/24 23:00:00,A,MIO_TKM,DE,2022,128637,
ESTAT:RAIL_GO_TOTAL(1.0),04/09/24 23:00:00,A,MIO_TKM,DE,2023,125364,
ESTAT:RAIL_GO_TOTAL(1.0),04/09/24 23:00:00,A,MIO_TKM,DK,2004,2321,
ESTAT:RAIL_GO_TOTAL(1.0),04/09/24 23:00:00,A,MIO_TKM,DK,2005,1976,
ESTAT:RAIL_GO_TOTAL(1.0),04/09/24 23:00:00,A,MIO_TKM,DK,2006,1892,
ESTAT:RAIL_GO_TOTAL(1.0),04/09/24 23:00:00,A,MIO_TKM,DK,2007,1779,
ESTAT:RAIL_GO_TOTAL(1.0),04/09/24 23:00:00,A,MIO_TKM,DK,2008,1866,
ESTAT:RAIL_GO_TOTAL(1.0),04/09/24 23:00:00,A,MIO_TKM,DK,2009,1700,
ESTAT:RAIL_GO_TOTAL(1.0),04/09/24 23:00:00,A,MIO_TKM,DK,2010,2239,
ESTAT:RAIL_GO_TOTAL(1.0),04/09/24 23:00:00,A,MIO_TKM,DK,2011,2614,
ESTAT:RAIL_GO_TOTAL(1.0),04/09/24 23:00:00,A,MIO_TKM,DK,2012,2278,
ESTAT:RAIL_GO_TOTAL(1.0),04/09/24 23:00:00,A,MIO_TKM,DK,2013,2449,
ESTAT:RAIL_GO_TOTAL(1.0),04/09/24 23:00:00,A,MIO_TKM,DK,2014,2453,
ESTAT:RAIL_GO_TOTAL(1.0),04/09/24 23:00:00,A,MIO_TKM,DK,2015,2603,
ESTAT:RAIL_GO_TOTAL(1.0),04/09/24 23:00:00,A,MIO_TKM,DK,2016,2616,
ESTAT:RAIL_GO_TOTAL(1.0),04/09/24 23:00:00,A,MIO_TKM,DK,2017,2653,
ESTAT:RAIL_GO_TOTAL(1.0),04/09/24 23:00:00,A,MIO_TKM,DK,2018,2594,
ESTAT:RAIL_GO_TOTAL(1.0),04/09/24 23:00:00,A,MIO_TKM,DK,2019,2525,
ESTAT:RAIL_GO_TOTAL(1.0),04/09/24 23:00:00,A,MIO_TKM,DK,2020,2450,
ESTAT:RAIL_GO_TOTAL(1.0),04/09/24 23:00:00,A,MIO_TKM,DK,2021,1986,
ESTAT:RAIL_GO_TOTAL(1.0),04/09/24 23:00:00,A,MIO_TKM,DK,2022,2211,
ESTAT:RAIL_GO_TOTAL(1.0),04/09/24 23:00:00,A,MIO_TKM,DK,2023,1906,
ESTAT:RAIL_GO_TOTAL(1.0),04/09/24 23:00:00,A,MIO_TKM,EE,2004,10488,
ESTAT:RAIL_GO_TOTAL(1.0),04/09/24 23:00:00,A,MIO_TKM,EE,2005,10639,
ESTAT:RAIL_GO_TOTAL(1.0),04/09/24 23:00:00,A,MIO_TKM,EE,2006,10418,
ESTAT:RAIL_GO_TOTAL(1.0),04/09/24 23:00:00,A,MIO_TKM,EE,2007,8430,
ESTAT:RAIL_GO_TOTAL(1.0),04/09/24 23:00:00,A,MIO_TKM,EE,2008,5943,
ESTAT:RAIL_GO_TOTAL(1.0),04/09/24 23:00:00,A,MIO_TKM,EE,2009,5947,
ESTAT:RAIL_GO_TOTAL(1.0),04/09/24 23:00:00,A,MIO_TKM,EE,2010,6638,
ESTAT:RAIL_GO_TOTAL(1.0),04/09/24 23:00:00,A,MIO_TKM,EE,2011,6271,
ESTAT:RAIL_GO_TOTAL(1.0),04/09/24 23:00:00,A,MIO_TKM,EE,2012,5129,
ESTAT:RAIL_GO_TOTAL(1.0),04/09/24 23:00:00,A,MIO_TKM,EE,2013,4722,
ESTAT:RAIL_GO_TOTAL(1.0),04/09/24 23:00:00,A,MIO_TKM,EE,2014,3256,
ESTAT:RAIL_GO_TOTAL(1.0),04/09/24 23:00:00,A,MIO_TKM,EE,2015,3117,
ESTAT:RAIL_GO_TOTAL(1.0),04/09/24 23:00:00,A,MIO_TKM,EE,2016,2340,
ESTAT:RAIL_GO_TOTAL(1.0),04/09/24 23:00:00,A,MIO_TKM,EE,2017,2325,
ESTAT:RAIL_GO_TOTAL(1.0),04/09/24 23:00:00,A,MIO_TKM,EE,2018,2588,
ESTAT:RAIL_GO_TOTAL(1.0),04/09/24 23:00:00,A,MIO_TKM,EE,2019,2155,
ESTAT:RAIL_GO_TOTAL(1.0),04/09/24 23:00:00,A,MIO_TKM,EE,2020,1729,
ESTAT:RAIL_GO_TOTAL(1.0),04/09/24 23:00:00,A,MIO_TKM,EE,2021,2124,
ESTAT:RAIL_GO_TOTAL(1.0),04/09/24 23:00:00,A,MIO_TKM,EE,2022,1286,
ESTAT:RAIL_GO_TOTAL(1.0),04/09/24 23:00:00,A,MIO_TKM,EE,2023,771,
ESTAT:RAIL_GO_TOTAL(1.0),04/09/24 23:00:00,A,MIO_TKM,EL,2004,592,
ESTAT:RAIL_GO_TOTAL(1.0),04/09/24 23:00:00,A,MIO_TKM,EL,2005,613,
ESTAT:RAIL_GO_TOTAL(1.0),04/09/24 23:00:00,A,MIO_TKM,EL,2006,662,
ESTAT:RAIL_GO_TOTAL(1.0),04/09/24 23:00:00,A,MIO_TKM,EL,2007,835,
ESTAT:RAIL_GO_TOTAL(1.0),04/09/24 23:00:00,A,MIO_TKM,EL,2008,786,
ESTAT:RAIL_GO_TOTAL(1.0),04/09/24 23:00:00,A,MIO_TKM,EL,2009,552,
ESTAT:RAIL_GO_TOTAL(1.0),04/09/24 23:00:00,A,MIO_TKM,EL,2010,614,
ESTAT:RAIL_GO_TOTAL(1.0),04/09/24 23:00:00,A,MIO_TKM,EL,2011,352,
ESTAT:RAIL_GO_TOTAL(1.0),04/09/24 23:00:00,A,MIO_TKM,EL,2012,283,
ESTAT:RAIL_GO_TOTAL(1.0),04/09/24 23:00:00,A,MIO_TKM,EL,2013,237,
ESTAT:RAIL_GO_TOTAL(1.0),04/09/24 23:00:00,A,MIO_TKM,EL,2014,311,
ESTAT:RAIL_GO_TOTAL(1.0),04/09/24 23:00:00,A,MIO_TKM,EL,2015,294,
ESTAT:RAIL_GO_TOTAL(1.0),04/09/24 23:00:00,A,MIO_TKM,EL,2016,254,
ESTAT:RAIL_GO_TOTAL(1.0),04/09/24 23:00:00,A,MIO_TKM,EL,2017,358,
ESTAT:RAIL_GO_TOTAL(1.0),04/09/24 23:00:00,A,MIO_TKM,EL,2018,,c
ESTAT:RAIL_GO_TOTAL(1.0),04/09/24 23:00:00,A,MIO_TKM,EL,2019,,c
ESTAT:RAIL_GO_TOTAL(1.0),04/09/24 23:00:00,A,MIO_TKM,EL,2020,,c
ESTAT:RAIL_GO_TOTAL(1.0),04/09/24 23:00:00,A,MIO_TKM,EL,2021,,c
ESTAT:RAIL_GO_TOTAL(1.0),04/09/24 23:00:00,A,MIO_TKM,EL,2022,,c
ESTAT:RAIL_GO_TOTAL(1.0),04/09/24 23:00:00,A,MIO_TKM,EL,2023,,c
ESTAT:RAIL_GO_TOTAL(1.0),04/09/24 23:00:00,A,MIO_TKM,ES,2004,12436,
ESTAT:RAIL_GO_TOTAL(1.0),04/09/24 23:00:00,A,MIO_TKM,ES,2005,11585,
ESTAT:RAIL_GO_TOTAL(1.0),04/09/24 23:00:00,A,MIO_TKM,ES,2006,11541,
ESTAT:RAIL_GO_TOTAL(1.0),04/09/24 23:00:00,A,MIO_TKM,ES,2007,11237,
ESTAT:RAIL_GO_TOTAL(1.0),04/09/24 23:00:00,A,MIO_TKM,ES,2008,10959,
ESTAT:RAIL_GO_TOTAL(1.0),04/09/24 23:00:00,A,MIO_TKM,ES,2009,7806,
ESTAT:RAIL_GO_TOTAL(1.0),04/09/24 23:00:00,A,MIO_TKM,ES,2010,8913,
ESTAT:RAIL_GO_TOTAL(1.0),04/09/24 23:00:00,A,MIO_TKM,ES,2011,9451,
ESTAT:RAIL_GO_TOTAL(1.0),04/09/24 23:00:00,A,MIO_TKM,ES,2012,9458,
ESTAT:RAIL_GO_TOTAL(1.0),04/09/24 23:00:00,A,MIO_TKM,ES,2013,9338,
ESTAT:RAIL_GO_TOTAL(1.0),04/09/24 23:00:00,A,MIO_TKM,ES,2014,10385,
ESTAT:RAIL_GO_TOTAL(1.0),04/09/24 23:00:00,A,MIO_TKM,ES,2015,11028,
ESTAT:RAIL_GO_TOTAL(1.0),04/09/24 23:00:00,A,MIO_TKM,ES,2016,10550,
ESTAT:RAIL_GO_TOTAL(1.0),04/09/24 23:00:00,A,MIO_TKM,ES,2017,10549,
ESTAT:RAIL_GO_TOTAL(1.0),04/09/24 23:00:00,A,MIO_TKM,ES,2018,10650,
ESTAT:RAIL_GO_TOTAL(1.0),04/09/24 23:00:00,A,MIO_TKM,ES,2019,10710,
ESTAT:RAIL_GO_TOTAL(1.0),04/09/24 23:00:00,A,MIO_TKM,ES,2020,8920,
ESTAT:RAIL_GO_TOTAL(1.0),04/09/24 23:00:00,A,MIO_TKM,ES,2021,10299,
ESTAT:RAIL_GO_TOTAL(1.0),04/09/24 23:00:00,A,MIO_TKM,ES,2022,10566,
ESTAT:RAIL_GO_TOTAL(1.0),04/09/24 23:00:00,A,MIO_TKM,ES,2023,9972,
ESTAT:RAIL_GO_TOTAL(1.0),04/09/24 23:00:00,A,MIO_TKM,EU27_2007,2006,,c
ESTAT:RAIL_GO_TOTAL(1.0),04/09/24 23:00:00,A,MIO_TKM,EU27_2007,2007,448414,
ESTAT:RAIL_GO_TOTAL(1.0),04/09/24 23:00:00,A,MIO_TKM,EU27_2007,2008,439756,
ESTAT:RAIL_GO_TOTAL(1.0),04/09/24 23:00:00,A,MIO_TKM,EU27_2007,2009,360718,
ESTAT:RAIL_GO_TOTAL(1.0),04/09/24 23:00:00,A,MIO_TKM,EU27_2007,2010,390911,
ESTAT:RAIL_GO_TOTAL(1.0),04/09/24 23:00:00,A,MIO_TKM,EU27_2007,2011,419502,
ESTAT:RAIL_GO_TOTAL(1.0),04/09/24 23:00:00,A,MIO_TKM,EU27_2007,2013,,c
ESTAT:RAIL_GO_TOTAL(1.0),04/09/24 23:00:00,A,MIO_TKM,EU27_2007,2014,,c
ESTAT:RAIL_GO_TOTAL(1.0),04/09/24 23:00:00,A,MIO_TKM,EU27_2007,2015,,c
ESTAT:RAIL_GO_TOTAL(1.0),04/09/24 23:00:00,A,MIO_TKM,EU27_2007,2016,,c
ESTAT:RAIL_GO_TOTAL(1.0),04/09/24 23:00:00,A,MIO_TKM,EU27_2007,2017,,c
ESTAT:RAIL_GO_TOTAL(1.0),04/09/24 23:00:00,A,MIO_TKM,EU27_2007,2018,,c
ESTAT:RAIL_GO_TOTAL(1.0),04/09/24 23:00:00,A,MIO_TKM,EU27_2007,2019,,c
ESTAT:RAIL_GO_TOTAL(1.0),04/09/24 23:00:00,A,MIO_TKM,EU27_2020,2006,,c
ESTAT:RAIL_GO_TOTAL(1.0),04/09/24 23:00:00,A,MIO_TKM,EU27_2020,2007,430724,
ESTAT:RAIL_GO_TOTAL(1.0),04/09/24 23:00:00,A,MIO_TKM,EU27_2020,2008,421992,
ESTAT:RAIL_GO_TOTAL(1.0),04/09/24 23:00:00,A,MIO_TKM,EU27_2020,2009,344187,
ESTAT:RAIL_GO_TOTAL(1.0),04/09/24 23:00:00,A,MIO_TKM,EU27_2020,2010,374952,
ESTAT:RAIL_GO_TOTAL(1.0),04/09/24 23:00:00,A,MIO_TKM,EU27_2020,2011,400966,
ESTAT:RAIL_GO_TOTAL(1.0),04/09/24 23:00:00,A,MIO_TKM,EU27_2020,2013,,c
ESTAT:RAIL_GO_TOTAL(1.0),04/09/24 23:00:00,A,MIO_TKM,EU27_2020,2014,,c
ESTAT:RAIL_GO_TOTAL(1.0),04/09/24 23:00:00,A,MIO_TKM,EU27_2020,2015,,c
ESTAT:RAIL_GO_TOTAL(1.0),04/09/24 23:00:00,A,MIO_TKM,EU27_2020,2016,,c
ESTAT:RAIL_GO_TOTAL(1.0),04/09/24 23:00:00,A,MIO_TKM,EU27_2020,2017,,c
ESTAT:RAIL_GO_TOTAL(1.0),04/09/24 23:00:00,A,MIO_TKM,EU27_2020,2018,,c
ESTAT:RAIL_GO_TOTAL(1.0),04/09/24 23:00:00,A,MIO_TKM,EU27_2020,2019,,c
ESTAT:RAIL_GO_TOTAL(1.0),04/09/24 23:00:00,A,MIO_TKM,EU27_2020,2020,,c
ESTAT:RAIL_GO_TOTAL(1.0),04/09/24 23:00:00,A,MIO_TKM,EU27_2020,2021,,c
ESTAT:RAIL_GO_TOTAL(1.0),04/09/24 23:00:00,A,MIO_TKM,EU27_2020,2022,,c
ESTAT:RAIL_GO_TOTAL(1.0),04/09/24 23:00:00,A,MIO_TKM,EU28,2006,,c
ESTAT:RAIL_GO_TOTAL(1.0),04/09/24 23:00:00,A,MIO_TKM,EU28,2007,451989,
ESTAT:RAIL_GO_TOTAL(1.0),04/09/24 23:00:00,A,MIO_TKM,EU28,2008,443069,
ESTAT:RAIL_GO_TOTAL(1.0),04/09/24 23:00:00,A,MIO_TKM,EU28,2009,363359,
ESTAT:RAIL_GO_TOTAL(1.0),04/09/24 23:00:00,A,MIO_TKM,EU28,2010,393529,
ESTAT:RAIL_GO_TOTAL(1.0),04/09/24 23:00:00,A,MIO_TKM,EU28,2011,421940,
ESTAT:RAIL_GO_TOTAL(1.0),04/09/24 23:00:00,A,MIO_TKM,EU28,2013,,c
ESTAT:RAIL_GO_TOTAL(1.0),04/09/24 23:00:00,A,MIO_TKM,EU28,2014,,c
ESTAT:RAIL_GO_TOTAL(1.0),04/09/24 23:00:00,A,MIO_TKM,EU28,2015,,c
ESTAT:RAIL_GO_TOTAL(1.0),04/09/24 23:00:00,A,MIO_TKM,EU28,2016,,c
ESTAT:RAIL_GO_TOTAL(1.0),04/09/24 23:00:00,A,MIO_TKM,EU28,2017,,c
ESTAT:RAIL_GO_TOTAL(1.0),04/09/24 23:00:00,A,MIO_TKM,EU28,2018,,c
ESTAT:RAIL_GO_TOTAL(1.0),04/09/24 23:00:00,A,MIO_TKM,EU28,2019,,c
ESTAT:RAIL_GO_TOTAL(1.0),04/09/24 23:00:00,A,MIO_TKM,FI,2004,10105,
ESTAT:RAIL_GO_TOTAL(1.0),04/09/24 23:00:00,A,MIO_TKM,FI,2005,9706,
ESTAT:RAIL_GO_TOTAL(1.0),04/09/24 23:00:00,A,MIO_TKM,FI,2006,11060,
ESTAT:RAIL_GO_TOTAL(1.0),04/09/24 23:00:00,A,MIO_TKM,FI,2007,10434,
ESTAT:RAIL_GO_TOTAL(1.0),04/09/24 23:00:00,A,MIO_TKM,FI,2008,10777,
ESTAT:RAIL_GO_TOTAL(1.0),04/09/24 23:00:00,A,MIO_TKM,FI,2009,8872,
ESTAT:RAIL_GO_TOTAL(1.0),04/09/24 23:00:00,A,MIO_TKM,FI,2010,9750,
ESTAT:RAIL_GO_TOTAL(1.0),04/09/24 23:00:00,A,MIO_TKM,FI,2011,9395,
ESTAT:RAIL_GO_TOTAL(1.0),04/09/24 23:00:00,A,MIO_TKM,FI,2012,9275,
ESTAT:RAIL_GO_TOTAL(1.0),04/09/24 23:00:00,A,MIO_TKM,FI,2013,9470,
ESTAT:RAIL_GO_TOTAL(1.0),04/09/24 23:00:00,A,MIO_TKM,FI,2014,9597,
ESTAT:RAIL_GO_TOTAL(1.0),04/09/24 23:00:00,A,MIO_TKM,FI,2015,8468,
ESTAT:RAIL_GO_TOTAL(1.0),04/09/24 23:00:00,A,MIO_TKM,FI,2016,9456,
ESTAT:RAIL_GO_TOTAL(1.0),04/09/24 23:00:00,A,MIO_TKM,FI,2017,10362,
ESTAT:RAIL_GO_TOTAL(1.0),04/09/24 23:00:00,A,MIO_TKM,FI,2018,11175,
ESTAT:RAIL_GO_TOTAL(1.0),04/09/24 23:00:00,A,MIO_TKM,FI,2019,10271,
ESTAT:RAIL_GO_TOTAL(1.0),04/09/24 23:00:00,A,MIO_TKM,FI,2020,10137,
ESTAT:RAIL_GO_TOTAL(1.0),04/09/24 23:00:00,A,MIO_TKM,FI,2021,10750,
ESTAT:RAIL_GO_TOTAL(1.0),04/09/24 23:00:00,A,MIO_TKM,FI,2022,8844,
ESTAT:RAIL_GO_TOTAL(1.0),04/09/24 23:00:00,A,MIO_TKM,FI,2023,7869,
ESTAT:RAIL_GO_TOTAL(1.0),04/09/24 23:00:00,A,MIO_TKM,FR,2004,45121,
ESTAT:RAIL_GO_TOTAL(1.0),04/09/24 23:00:00,A,MIO_TKM,FR,2005,40701,
ESTAT:RAIL_GO_TOTAL(1.0),04/09/24 23:00:00,A,MIO_TKM,FR,2006,41179,
ESTAT:RAIL_GO_TOTAL(1.0),04/09/24 23:00:00,A,MIO_TKM,FR,2007,42612,
ESTAT:RAIL_GO_TOTAL(1.0),04/09/24 23:00:00,A,MIO_TKM,FR,2008,40436,
ESTAT:RAIL_GO_TOTAL(1.0),04/09/24 23:00:00,A,MIO_TKM,FR,2009,32129,
ESTAT:RAIL_GO_TOTAL(1.0),04/09/24 23:00:00,A,MIO_TKM,FR,2010,29965,
ESTAT:RAIL_GO_TOTAL(1.0),04/09/24 23:00:00,A,MIO_TKM,FR,2011,34202,
ESTAT:RAIL_GO_TOTAL(1.0),04/09/24 23:00:00,A,MIO_TKM,FR,2012,32539,
ESTAT:RAIL_GO_TOTAL(1.0),04/09/24 23:00:00,A,MIO_TKM,FR,2013,32230,
ESTAT:RAIL_GO_TOTAL(1.0),04/09/24 23:00:00,A,MIO_TKM,FR,2014,32596,
ESTAT:RAIL_GO_TOTAL(1.0),04/09/24 23:00:00,A,MIO_TKM,FR,2015,36328,
ESTAT:RAIL_GO_TOTAL(1.0),04/09/24 23:00:00,A,MIO_TKM,FR,2016,34714,
ESTAT:RAIL_GO_TOTAL(1.0),04/09/24 23:00:00,A,MIO_TKM,FR,2017,35481,
ESTAT:RAIL_GO_TOTAL(1.0),04/09/24 23:00:00,A,MIO_TKM,FR,2018,33850,
ESTAT:RAIL_GO_TOTAL(1.0),04/09/24 23:00:00,A,MIO_TKM,FR,2019,33909,
ESTAT:RAIL_GO_TOTAL(1.0),04/09/24 23:00:00,A,MIO_TKM,FR,2020,31297,
ESTAT:RAIL_GO_TOTAL(1.0),04/09/24 23:00:00,A,MIO_TKM,FR,2021,35770,
ESTAT:RAIL_GO_TOTAL(1.0),04/09/24 23:00:00,A,MIO_TKM,FR,2022,35282,
ESTAT:RAIL_GO_TOTAL(1.0),04/09/24 23:00:00,A,MIO_TKM,FR,2023,29399,
ESTAT:RAIL_GO_TOTAL(1.0),04/09/24 23:00:00,A,MIO_TKM,HR,2004,2493,
ESTAT:RAIL_GO_TOTAL(1.0),04/09/24 23:00:00,A,MIO_TKM,HR,2005,2835,
ESTAT:RAIL_GO_TOTAL(1.0),04/09/24 23:00:00,A,MIO_TKM,HR,2006,3305,
ESTAT:RAIL_GO_TOTAL(1.0),04/09/24 23:00:00,A,MIO_TKM,HR,2007,3574,
ESTAT:RAIL_GO_TOTAL(1.0),04/09/24 23:00:00,A,MIO_TKM,HR,2008,3312,
ESTAT:RAIL_GO_TOTAL(1.0),04/09/24 23:00:00,A,MIO_TKM,HR,2009,2641,
ESTAT:RAIL_GO_TOTAL(1.0),04/09/24 23:00:00,A,MIO_TKM,HR,2010,2618,
ESTAT:RAIL_GO_TOTAL(1.0),04/09/24 23:00:00,A,MIO_TKM,HR,2011,2438,
ESTAT:RAIL_GO_TOTAL(1.0),04/09/24 23:00:00,A,MIO_TKM,HR,2012,2332,
ESTAT:RAIL_GO_TOTAL(1.0),04/09/24 23:00:00,A,MIO_TKM,HR,2013,2086,
ESTAT:RAIL_GO_TOTAL(1.0),04/09/24 23:00:00,A,MIO_TKM,HR,2014,2119,
ESTAT:RAIL_GO_TOTAL(1.0),04/09/24 23:00:00,A,MIO_TKM,HR,2015,2184,
ESTAT:RAIL_GO_TOTAL(1.0),04/09/24 23:00:00,A,MIO_TKM,HR,2016,2160,
ESTAT:RAIL_GO_TOTAL(1.0),04/09/24 23:00:00,A,MIO_TKM,HR,2017,2592,
ESTAT:RAIL_GO_TOTAL(1.0),04/09/24 23:00:00,A,MIO_TKM,HR,2018,2743,
ESTAT:RAIL_GO_TOTAL(1.0),04/09/24 23:00:00,A,MIO_TKM,HR,2019,2911,
ESTAT:RAIL_GO_TOTAL(1.0),04/09/24 23:00:00,A,MIO_TKM,HR,2020,3279,
ESTAT:RAIL_GO_TOTAL(1.0),04/09/24 23:00:00,A,MIO_TKM,HR,2021,3172,
ESTAT:RAIL_GO_TOTAL(1.0),04/09/24 23:00:00,A,MIO_TKM,HR,2022,3529,
ESTAT:RAIL_GO_TOTAL(1.0),04/09/24 23:00:00,A,MIO_TKM,HR,2023,3145,
ESTAT:RAIL_GO_TOTAL(1.0),04/09/24 23:00:00,A,MIO_TKM,HU,2004,8749,
ESTAT:RAIL_GO_TOTAL(1.0),04/09/24 23:00:00,A,MIO_TKM,HU,2005,9090,
ESTAT:RAIL_GO_TOTAL(1.0),04/09/24 23:00:00,A,MIO_TKM,HU,2006,10167,
ESTAT:RAIL_GO_TOTAL(1.0),04/09/24 23:00:00,A,MIO_TKM,HU,2007,10048,
ESTAT:RAIL_GO_TOTAL(1.0),04/09/24 23:00:00,A,MIO_TKM,HU,2008,9874,
ESTAT:RAIL_GO_TOTAL(1.0),04/09/24 23:00:00,A,MIO_TKM,HU,2009,7673,
ESTAT:RAIL_GO_TOTAL(1.0),04/09/24 23:00:00,A,MIO_TKM,HU,2010,8809,
ESTAT:RAIL_GO_TOTAL(1.0),04/09/24 23:00:00,A,MIO_TKM,HU,2011,9118,
ESTAT:RAIL_GO_TOTAL(1.0),04/09/24 23:00:00,A,MIO_TKM,HU,2012,9230,
ESTAT:RAIL_GO_TOTAL(1.0),04/09/24 23:00:00,A,MIO_TKM,HU,2013,9722,
ESTAT:RAIL_GO_TOTAL(1.0),04/09/24 23:00:00,A,MIO_TKM,HU,2014,10158,
ESTAT:RAIL_GO_TOTAL(1.0),04/09/24 23:00:00,A,MIO_TKM,HU,2015,10010,
ESTAT:RAIL_GO_TOTAL(1.0),04/09/24 23:00:00,A,MIO_TKM,HU,2016,10528,
ESTAT:RAIL_GO_TOTAL(1.0),04/09/24 23:00:00,A,MIO_TKM,HU,2017,13356,
ESTAT:RAIL_GO_TOTAL(1.0),04/09/24 23:00:00,A,MIO_TKM,HU,2018,10584,
ESTAT:RAIL_GO_TOTAL(1.0),04/09/24 23:00:00,A,MIO_TKM,HU,2019,10625,
ESTAT:RAIL_GO_TOTAL(1.0),04/09/24 23:00:00,A,MIO_TKM,HU,2020,11595,
ESTAT:RAIL_GO_TOTAL(1.0),04/09/24 23:00:00,A,MIO_TKM,HU,2021,11347,
ESTAT:RAIL_GO_TOTAL(1.0),04/09/24 23:00:00,A,MIO_TKM,HU,2022,11351,
ESTAT:RAIL_GO_TOTAL(1.0),04/09/24 23:00:00,A,MIO_TKM,HU,2023,10460,
ESTAT:RAIL_GO_TOTAL(1.0),04/09/24 23:00:00,A,MIO_TKM,IE,2004,399,
ESTAT:RAIL_GO_TOTAL(1.0),04/09/24 23:00:00,A,MIO_TKM,IE,2005,303,
ESTAT:RAIL_GO_TOTAL(1.0),04/09/24 23:00:00,A,MIO_TKM,IE,2006,205,
ESTAT:RAIL_GO_TOTAL(1.0),04/09/24 23:00:00,A,MIO_TKM,IE,2007,129,
ESTAT:RAIL_GO_TOTAL(1.0),04/09/24 23:00:00,A,MIO_TKM,IE,2008,103,
ESTAT:RAIL_GO_TOTAL(1.0),04/09/24 23:00:00,A,MIO_TKM,IE,2009,79,
ESTAT:RAIL_GO_TOTAL(1.0),04/09/24 23:00:00,A,MIO_TKM,IE,2010,92,
ESTAT:RAIL_GO_TOTAL(1.0),04/09/24 23:00:00,A,MIO_TKM,IE,2011,105,
ESTAT:RAIL_GO_TOTAL(1.0),04/09/24 23:00:00,A,MIO_TKM,IE,2012,91,
ESTAT:RAIL_GO_TOTAL(1.0),04/09/24 23:00:00,A,MIO_TKM,IE,2013,99,
ESTAT:RAIL_GO_TOTAL(1.0),04/09/24 23:00:00,A,MIO_TKM,IE,2014,100,
ESTAT:RAIL_GO_TOTAL(1.0),04/09/24 23:00:00,A,MIO_TKM,IE,2015,96,
ESTAT:RAIL_GO_TOTAL(1.0),04/09/24 23:00:00,A,MIO_TKM,IE,2016,101,
ESTAT:RAIL_GO_TOTAL(1.0),04/09/24 23:00:00,A,MIO_TKM,IE,2017,100,
ESTAT:RAIL_GO_TOTAL(1.0),04/09/24 23:00:00,A,MIO_TKM,IE,2018,89,
ESTAT:RAIL_GO_TOTAL(1.0),04/09/24 23:00:00,A,MIO_TKM,IE,2019,72,
ESTAT:RAIL_GO_TOTAL(1.0),04/09/24 23:00:00,A,MIO_TKM,IE,2020,74,
ESTAT:RAIL_GO_TOTAL(1.0),04/09/24 23:00:00,A,MIO_TKM,IE,2021,70,
ESTAT:RAIL_GO_TOTAL(1.0),04/09/24 23:00:00,A,MIO_TKM,IE,2022,81,
ESTAT:RAIL_GO_TOTAL(1.0),04/09/24 23:00:00,A,MIO_TKM,IE,2023,76,
ESTAT:RAIL_GO_TOTAL(1.0),04/09/24 23:00:00,A,MIO_TKM,IT,2004,22183,
ESTAT:RAIL_GO_TOTAL(1.0),04/09/24 23:00:00,A,MIO_TKM,IT,2005,22761,
ESTAT:RAIL_GO_TOTAL(1.0),04/09/24 23:00:00,A,MIO_TKM,IT,2006,24151,
ESTAT:RAIL_GO_TOTAL(1.0),04/09/24 23:00:00,A,MIO_TKM,IT,2007,25285,
ESTAT:RAIL_GO_TOTAL(1.0),04/09/24 23:00:00,A,MIO_TKM,IT,2008,23831,
ESTAT:RAIL_GO_TOTAL(1.0),04/09/24 23:00:00,A,MIO_TKM,IT,2009,17791,
ESTAT:RAIL_GO_TOTAL(1.0),04/09/24 23:00:00,A,MIO_TKM,IT,2010,18616,
ESTAT:RAIL_GO_TOTAL(1.0),04/09/24 23:00:00,A,MIO_TKM,IT,2011,19787,
ESTAT:RAIL_GO_TOTAL(1.0),04/09/24 23:00:00,A,MIO_TKM,IT,2012,20244,
ESTAT:RAIL_GO_TOTAL(1.0),04/09/24 23:00:00,A,MIO_TKM,IT,2013,19037,
ESTAT:RAIL_GO_TOTAL(1.0),04/09/24 23:00:00,A,MIO_TKM,IT,2014,20157,
ESTAT:RAIL_GO_TOTAL(1.0),04/09/24 23:00:00,A,MIO_TKM,IT,2015,20781,
ESTAT:RAIL_GO_TOTAL(1.0),04/09/24 23:00:00,A,MIO_TKM,IT,2016,22712,
ESTAT:RAIL_GO_TOTAL(1.0),04/09/24 23:00:00,A,MIO_TKM,IT,2017,22335,
ESTAT:RAIL_GO_TOTAL(1.0),04/09/24 23:00:00,A,MIO_TKM,IT,2018,22070,
ESTAT:RAIL_GO_TOTAL(1.0),04/09/24 23:00:00,A,MIO_TKM,IT,2019,21309,
ESTAT:RAIL_GO_TOTAL(1.0),04/09/24 23:00:00,A,MIO_TKM,IT,2020,20750,
ESTAT:RAIL_GO_TOTAL(1.0),04/09/24 23:00:00,A,MIO_TKM,IT,2021,24262,
ESTAT:RAIL_GO_TOTAL(1.0),04/09/24 23:00:00,A,MIO_TKM,IT,2022,24330,
ESTAT:RAIL_GO_TOTAL(1.0),04/09/24 23:00:00,A,MIO_TKM,IT,2023,22693,
ESTAT:RAIL_GO_TOTAL(1.0),04/09/24 23:00:00,A,MIO_TKM,LI,2004,21,
ESTAT:RAIL_GO_TOTAL(1.0),04/09/24 23:00:00,A,MIO_TKM,LI,2005,17,
ESTAT:RAIL_GO_TOTAL(1.0),04/09/24 23:00:00,A,MIO_TKM,LI,2006,18,
ESTAT:RAIL_GO_TOTAL(1.0),04/09/24 23:00:00,A,MIO_TKM,LI,2007,18,
ESTAT:RAIL_GO_TOTAL(1.0),04/09/24 23:00:00,A,MIO_TKM,LI,2008,17,
ESTAT:RAIL_GO_TOTAL(1.0),04/09/24 23:00:00,A,MIO_TKM,LI,2009,10,
ESTAT:RAIL_GO_TOTAL(1.0),04/09/24 23:00:00,A,MIO_TKM,LI,2010,11,
ESTAT:RAIL_GO_TOTAL(1.0),04/09/24 23:00:00,A,MIO_TKM,LI,2011,10,
ESTAT:RAIL_GO_TOTAL(1.0),04/09/24 23:00:00,A,MIO_TKM,LI,2012,10,
ESTAT:RAIL_GO_TOTAL(1.0),04/09/24 23:00:00,A,MIO_TKM,LI,2013,9,
ESTAT:RAIL_GO_TOTAL(1.0),04/09/24 23:00:00,A,MIO_TKM,LI,2014,,c
ESTAT:RAIL_GO_TOTAL(1.0),04/09/24 23:00:00,A,MIO_TKM,LI,2015,,c
ESTAT:RAIL_GO_TOTAL(1.0),04/09/24 23:00:00,A,MIO_TKM,LI,2016,,c
ESTAT:RAIL_GO_TOTAL(1.0),04/09/24 23:00:00,A,MIO_TKM,LI,2017,,c
ESTAT:RAIL_GO_TOTAL(1.0),04/09/24 23:00:00,A,MIO_TKM,LI,2018,,c
ESTAT:RAIL_GO_TOTAL(1.0),04/09/24 23:00:00,A,MIO_TKM,LI,2019,,c
ESTAT:RAIL_GO_TOTAL(1.0),04/09/24 23:00:00,A,MIO_TKM,LI,2020,,c
ESTAT:RAIL_GO_TOTAL(1.0),04/09/24 23:00:00,A,MIO_TKM,LI,2021,,c
ESTAT:RAIL_GO_TOTAL(1.0),04/09/24 23:00:00,A,MIO_TKM,LI,2022,11,
ESTAT:RAIL_GO_TOTAL(1.0),04/09/24 23:00:00,A,MIO_TKM,LI,2023,10,
ESTAT:RAIL_GO_TOTAL(1.0),04/09/24 23:00:00,A,MIO_TKM,LT,2004,11637,
ESTAT:RAIL_GO_TOTAL(1.0),04/09/24 23:00:00,A,MIO_TKM,LT,2005,12457,
ESTAT:RAIL_GO_TOTAL(1.0),04/09/24 23:00:00,A,MIO_TKM,LT,2006,12896,
ESTAT:RAIL_GO_TOTAL(1.0),04/09/24 23:00:00,A,MIO_TKM,LT,2007,14373,
ESTAT:RAIL_GO_TOTAL(1.0),04/09/24 23:00:00,A,MIO_TKM,LT,2008,14748,
ESTAT:RAIL_GO_TOTAL(1.0),04/09/24 23:00:00,A,MIO_TKM,LT,2009,11888,
ESTAT:RAIL_GO_TOTAL(1.0),04/09/24 23:00:00,A,MIO_TKM,LT,2010,13431,
ESTAT:RAIL_GO_TOTAL(1.0),04/09/24 23:00:00,A,MIO_TKM,LT,2011,15088,
ESTAT:RAIL_GO_TOTAL(1.0),04/09/24 23:00:00,A,MIO_TKM,LT,2012,14172,
ESTAT:RAIL_GO_TOTAL(1.0),04/09/24 23:00:00,A,MIO_TKM,LT,2013,13344,
ESTAT:RAIL_GO_TOTAL(1.0),04/09/24 23:00:00,A,MIO_TKM,LT,2014,14307,
ESTAT:RAIL_GO_TOTAL(1.0),04/09/24 23:00:00,A,MIO_TKM,LT,2015,14036,
ESTAT:RAIL_GO_TOTAL(1.0),04/09/24 23:00:00,A,MIO_TKM,LT,2016,13790,
ESTAT:RAIL_GO_TOTAL(1.0),04/09/24 23:00:00,A,MIO_TKM,LT,2017,15414,
ESTAT:RAIL_GO_TOTAL(1.0),04/09/24 23:00:00,A,MIO_TKM,LT,2018,16885,
ESTAT:RAIL_GO_TOTAL(1.0),04/09/24 23:00:00,A,MIO_TKM,LT,2019,16181,
ESTAT:RAIL_GO_TOTAL(1.0),04/09/24 23:00:00,A,MIO_TKM,LT,2020,15865,
ESTAT:RAIL_GO_TOTAL(1.0),04/09/24 23:00:00,A,MIO_TKM,LT,2021,14566,
ESTAT:RAIL_GO_TOTAL(1.0),04/09/24 23:00:00,A,MIO_TKM,LT,2022,7375,
ESTAT:RAIL_GO_TOTAL(1.0),04/09/24 23:00:00,A,MIO_TKM,LT,2023,6307,
ESTAT:RAIL_GO_TOTAL(1.0),04/09/24 23:00:00,A,MIO_TKM,LU,2004,559,
ESTAT:RAIL_GO_TOTAL(1.0),04/09/24 23:00:00,A,MIO_TKM,LU,2005,392,
ESTAT:RAIL_GO_TOTAL(1.0),04/09/24 23:00:00,A,MIO_TKM,LU,2006,441,
ESTAT:RAIL_GO_TOTAL(1.0),04/09/24 23:00:00,A,MIO_TKM,LU,2007,574,
ESTAT:RAIL_GO_TOTAL(1.0),04/09/24 23:00:00,A,MIO_TKM,LU,2008,279,
ESTAT:RAIL_GO_TOTAL(1.0),04/09/24 23:00:00,A,MIO_TKM,LU,2009,200,
ESTAT:RAIL_GO_TOTAL(1.0),04/09/24 23:00:00,A,MIO_TKM,LU,2010,323,
ESTAT:RAIL_GO_TOTAL(1.0),04/09/24 23:00:00,A,MIO_TKM,LU,2011,288,
ESTAT:RAIL_GO_TOTAL(1.0),04/09/24 23:00:00,A,MIO_TKM,LU,2012,231,
ESTAT:RAIL_GO_TOTAL(1.0),04/09/24 23:00:00,A,MIO_TKM,LU,2013,218,
ESTAT:RAIL_GO_TOTAL(1.0),04/09/24 23:00:00,A,MIO_TKM,LU,2014,208,
ESTAT:RAIL_GO_TOTAL(1.0),04/09/24 23:00:00,A,MIO_TKM,LU,2015,207,
ESTAT:RAIL_GO_TOTAL(1.0),04/09/24 23:00:00,A,MIO_TKM,LU,2016,201,
ESTAT:RAIL_GO_TOTAL(1.0),04/09/24 23:00:00,A,MIO_TKM,LU,2017,213,
ESTAT:RAIL_GO_TOTAL(1.0),04/09/24 23:00:00,A,MIO_TKM,LU,2018,223,
ESTAT:RAIL_GO_TOTAL(1.0),04/09/24 23:00:00,A,MIO_TKM,LU,2019,191,
ESTAT:RAIL_GO_TOTAL(1.0),04/09/24 23:00:00,A,MIO_TKM,LU,2020,162,
ESTAT:RAIL_GO_TOTAL(1.0),04/09/24 23:00:00,A,MIO_TKM,LU,2021,176,
ESTAT:RAIL_GO_TOTAL(1.0),04/09/24 23:00:00,A,MIO_TKM,LU,2022,167,
ESTAT:RAIL_GO_TOTAL(1.0),04/09/24 23:00:00,A,MIO_TKM,LU,2023,174,
ESTAT:RAIL_GO_TOTAL(1.0),04/09/24 23:00:00,A,MIO_TKM,LV,2004,18618,
ESTAT:RAIL_GO_TOTAL(1.0),04/09/24 23:00:00,A,MIO_TKM,LV,2005,19779,
ESTAT:RAIL_GO_TOTAL(1.0),04/09/24 23:00:00,A,MIO_TKM,LV,2006,16831,
ESTAT:RAIL_GO_TOTAL(1.0),04/09/24 23:00:00,A,MIO_TKM,LV,2007,18313,
ESTAT:RAIL_GO_TOTAL(1.0),04/09/24 23:00:00,A,MIO_TKM,LV,2008,19581,
ESTAT:RAIL_GO_TOTAL(1.0),04/09/24 23:00:00,A,MIO_TKM,LV,2009,18725,
ESTAT:RAIL_GO_TOTAL(1.0),04/09/24 23:00:00,A,MIO_TKM,LV,2010,17179,
ESTAT:RAIL_GO_TOTAL(1.0),04/09/24 23:00:00,A,MIO_TKM,LV,2011,21410,
ESTAT:RAIL_GO_TOTAL(1.0),04/09/24 23:00:00,A,MIO_TKM,LV,2012,21867,
ESTAT:RAIL_GO_TOTAL(1.0),04/09/24 23:00:00,A,MIO_TKM,LV,2013,19532,
ESTAT:RAIL_GO_TOTAL(1.0),04/09/24 23:00:00,A,MIO_TKM,LV,2014,19441,
ESTAT:RAIL_GO_TOTAL(1.0),04/09/24 23:00:00,A,MIO_TKM,LV,2015,18906,
ESTAT:RAIL_GO_TOTAL(1.0),04/09/24 23:00:00,A,MIO_TKM,LV,2016,15873,
ESTAT:RAIL_GO_TOTAL(1.0),04/09/24 23:00:00,A,MIO_TKM,LV,2017,15014,
ESTAT:RAIL_GO_TOTAL(1.0),04/09/24 23:00:00,A,MIO_TKM,LV,2018,17859,
ESTAT:RAIL_GO_TOTAL(1.0),04/09/24 23:00:00,A,MIO_TKM,LV,2019,15019,
ESTAT:RAIL_GO_TOTAL(1.0),04/09/24 23:00:00,A,MIO_TKM,LV,2020,7979,
ESTAT:RAIL_GO_TOTAL(1.0),04/09/24 23:00:00,A,MIO_TKM,LV,2021,7367,
ESTAT:RAIL_GO_TOTAL(1.0),04/09/24 23:00:00,A,MIO_TKM,LV,2022,7410,
ESTAT:RAIL_GO_TOTAL(1.0),04/09/24 23:00:00,A,MIO_TKM,LV,2023,5191,
ESTAT:RAIL_GO_TOTAL(1.0),04/09/24 23:00:00,A,MIO_TKM,ME,2013,105,
ESTAT:RAIL_GO_TOTAL(1.0),04/09/24 23:00:00,A,MIO_TKM,ME,2014,94,
ESTAT:RAIL_GO_TOTAL(1.0),04/09/24 23:00:00,A,MIO_TKM,ME,2015,112,
ESTAT:RAIL_GO_TOTAL(1.0),04/09/24 23:00:00,A,MIO_TKM,ME,2016,112,
ESTAT:RAIL_GO_TOTAL(1.0),04/09/24 23:00:00,A,MIO_TKM,ME,2017,169,
ESTAT:RAIL_GO_TOTAL(1.0),04/09/24 23:00:00,A,MIO_TKM,ME,2018,113,
ESTAT:RAIL_GO_TOTAL(1.0),04/09/24 23:00:00,A,MIO_TKM,ME,2019,130,
ESTAT:RAIL_GO_TOTAL(1.0),04/09/24 23:00:00,A,MIO_TKM,ME,2020,130,
ESTAT:RAIL_GO_TOTAL(1.0),04/09/24 23:00:00,A,MIO_TKM,ME,2022,189,
ESTAT:RAIL_GO_TOTAL(1.0),04/09/24 23:00:00,A,MIO_TKM,MK,2009,497,
ESTAT:RAIL_GO_TOTAL(1.0),04/09/24 23:00:00,A,MIO_TKM,MK,2010,525,
ESTAT:RAIL_GO_TOTAL(1.0),04/09/24 23:00:00,A,MIO_TKM,MK,2011,479,
ESTAT:RAIL_GO_TOTAL(1.0),04/09/24 23:00:00,A,MIO_TKM,MK,2012,423,
ESTAT:RAIL_GO_TOTAL(1.0),04/09/24 23:00:00,A,MIO_TKM,MK,2013,421,
ESTAT:RAIL_GO_TOTAL(1.0),04/09/24 23:00:00,A,MIO_TKM,MK,2014,411,
ESTAT:RAIL_GO_TOTAL(1.0),04/09/24 23:00:00,A,MIO_TKM,MK,2015,278,
ESTAT:RAIL_GO_TOTAL(1.0),04/09/24 23:00:00,A,MIO_TKM,MK,2016,222,
ESTAT:RAIL_GO_TOTAL(1.0),04/09/24 23:00:00,A,MIO_TKM,MK,2017,277,
ESTAT:RAIL_GO_TOTAL(1.0),04/09/24 23:00:00,A,MIO_TKM,MK,2018,307,
ESTAT:RAIL_GO_TOTAL(1.0),04/09/24 23:00:00,A,MIO_TKM,MK,2019,350,
ESTAT:RAIL_GO_TOTAL(1.0),04/09/24 23:00:00,A,MIO_TKM,MK,2020,342,
ESTAT:RAIL_GO_TOTAL(1.0),04/09/24 23:00:00,A,MIO_TKM,MK,2021,381,
ESTAT:RAIL_GO_TOTAL(1.0),04/09/24 23:00:00,A,MIO_TKM,MK,2022,286,
ESTAT:RAIL_GO_TOTAL(1.0),04/09/24 23:00:00,A,MIO_TKM,NL,2004,5831,
ESTAT:RAIL_GO_TOTAL(1.0),04/09/24 23:00:00,A,MIO_TKM,NL,2005,5865,
ESTAT:RAIL_GO_TOTAL(1.0),04/09/24 23:00:00,A,MIO_TKM,NL,2006,6289,
ESTAT:RAIL_GO_TOTAL(1.0),04/09/24 23:00:00,A,MIO_TKM,NL,2007,7216,
ESTAT:RAIL_GO_TOTAL(1.0),04/09/24 23:00:00,A,MIO_TKM,NL,2008,6984,
ESTAT:RAIL_GO_TOTAL(1.0),04/09/24 23:00:00,A,MIO_TKM,NL,2009,5578,
ESTAT:RAIL_GO_TOTAL(1.0),04/09/24 23:00:00,A,MIO_TKM,NL,2010,5925,
ESTAT:RAIL_GO_TOTAL(1.0),04/09/24 23:00:00,A,MIO_TKM,NL,2011,6378,
ESTAT:RAIL_GO_TOTAL(1.0),04/09/24 23:00:00,A,MIO_TKM,NL,2012,6142,
ESTAT:RAIL_GO_TOTAL(1.0),04/09/24 23:00:00,A,MIO_TKM,NL,2013,6078,
ESTAT:RAIL_GO_TOTAL(1.0),04/09/24 23:00:00,A,MIO_TKM,NL,2014,6169,
ESTAT:RAIL_GO_TOTAL(1.0),04/09/24 23:00:00,A,MIO_TKM,NL,2015,6545,
ESTAT:RAIL_GO_TOTAL(1.0),04/09/24 23:00:00,A,MIO_TKM,NL,2016,6641,
ESTAT:RAIL_GO_TOTAL(1.0),04/09/24 23:00:00,A,MIO_TKM,NL,2017,6467,
ESTAT:RAIL_GO_TOTAL(1.0),04/09/24 23:00:00,A,MIO_TKM,NL,2018,7023,
ESTAT:RAIL_GO_TOTAL(1.0),04/09/24 23:00:00,A,MIO_TKM,NL,2019,7080,
ESTAT:RAIL_GO_TOTAL(1.0),04/09/24 23:00:00,A,MIO_TKM,NL,2020,6665,
ESTAT:RAIL_GO_TOTAL(1.0),04/09/24 23:00:00,A,MIO_TKM,NL,2021,7188,
ESTAT:RAIL_GO_TOTAL(1.0),04/09/24 23:00:00,A,MIO_TKM,NL,2022,7176,
ESTAT:RAIL_GO_TOTAL(1.0),04/09/24 23:00:00,A,MIO_TKM,NL,2023,6493,
ESTAT:RAIL_GO_TOTAL(1.0),04/09/24 23:00:00,A,MIO_TKM,NO,2004,2845,
ESTAT:RAIL_GO_TOTAL(1.0),04/09/24 23:00:00,A,MIO_TKM,NO,2005,3182,
ESTAT:RAIL_GO_TOTAL(1.0),04/09/24 23:00:00,A,MIO_TKM,NO,2006,3351,
ESTAT:RAIL_GO_TOTAL(1.0),04/09/24 23:00:00,A,MIO_TKM,NO,2007,3502,
ESTAT:RAIL_GO_TOTAL(1.0),04/09/24 23:00:00,A,MIO_TKM,NO,2008,3621,
ESTAT:RAIL_GO_TOTAL(1.0),04/09/24 23:00:00,A,MIO_TKM,NO,2009,3506,
ESTAT:RAIL_GO_TOTAL(1.0),04/09/24 23:00:00,A,MIO_TKM,NO,2010,3496,
ESTAT:RAIL_GO_TOTAL(1.0),04/09/24 23:00:00,A,MIO_TKM,NO,2011,3574,
ESTAT:RAIL_GO_TOTAL(1.0),04/09/24 23:00:00,A,MIO_TKM,NO,2012,3489,
ESTAT:RAIL_GO_TOTAL(1.0),04/09/24 23:00:00,A,MIO_TKM,NO,2013,3383,
ESTAT:RAIL_GO_TOTAL(1.0),04/09/24 23:00:00,A,MIO_TKM,NO,2014,3539,
ESTAT:RAIL_GO_TOTAL(1.0),04/09/24 23:00:00,A,MIO_TKM,NO,2015,3498,
ESTAT:RAIL_GO_TOTAL(1.0),04/09/24 23:00:00,A,MIO_TKM,NO,2016,3312,
ESTAT:RAIL_GO_TOTAL(1.0),04/09/24 23:00:00,A,MIO_TKM,NO,2017,4040,
ESTAT:RAIL_GO_TOTAL(1.0),04/09/24 23:00:00,A,MIO_TKM,NO,2018,3970,
ESTAT:RAIL_GO_TOTAL(1.0),04/09/24 23:00:00,A,MIO_TKM,NO,2019,3903,
ESTAT:RAIL_GO_TOTAL(1.0),04/09/24 23:00:00,A,MIO_TKM,NO,2020,4110,
ESTAT:RAIL_GO_TOTAL(1.0),04/09/24 23:00:00,A,MIO_TKM,NO,2021,4305,
ESTAT:RAIL_GO_TOTAL(1.0),04/09/24 23:00:00,A,MIO_TKM,NO,2022,4246,
ESTAT:RAIL_GO_TOTAL(1.0),04/09/24 23:00:00,A,MIO_TKM,NO,2023,3928,
ESTAT:RAIL_GO_TOTAL(1.0),04/09/24 23:00:00,A,MIO_TKM,PL,2004,52332,
ESTAT:RAIL_GO_TOTAL(1.0),04/09/24 23:00:00,A,MIO_TKM,PL,2005,49972,
ESTAT:RAIL_GO_TOTAL(1.0),04/09/24 23:00:00,A,MIO_TKM,PL,2006,53622,
ESTAT:RAIL_GO_TOTAL(1.0),04/09/24 23:00:00,A,MIO_TKM,PL,2007,54253,
ESTAT:RAIL_GO_TOTAL(1.0),04/09/24 23:00:00,A,MIO_TKM,PL,2008,52043,
ESTAT:RAIL_GO_TOTAL(1.0),04/09/24 23:00:00,A,MIO_TKM,PL,2009,43445,
ESTAT:RAIL_GO_TOTAL(1.0),04/09/24 23:00:00,A,MIO_TKM,PL,2010,48705,
ESTAT:RAIL_GO_TOTAL(1.0),04/09/24 23:00:00,A,MIO_TKM,PL,2011,53746,
ESTAT:RAIL_GO_TOTAL(1.0),04/09/24 23:00:00,A,MIO_TKM,PL,2012,48903,
ESTAT:RAIL_GO_TOTAL(1.0),04/09/24 23:00:00,A,MIO_TKM,PL,2013,50881,
ESTAT:RAIL_GO_TOTAL(1.0),04/09/24 23:00:00,A,MIO_TKM,PL,2014,50073,
ESTAT:RAIL_GO_TOTAL(1.0),04/09/24 23:00:00,A,MIO_TKM,PL,2015,50603,
ESTAT:RAIL_GO_TOTAL(1.0),04/09/24 23:00:00,A,MIO_TKM,PL,2016,50650,
ESTAT:RAIL_GO_TOTAL(1.0),04/09/24 23:00:00,A,MIO_TKM,PL,2017,54797,
ESTAT:RAIL_GO_TOTAL(1.0),04/09/24 23:00:00,A,MIO_TKM,PL,2018,59388,
ESTAT:RAIL_GO_TOTAL(1.0),04/09/24 23:00:00,A,MIO_TKM,PL,2019,54584,
ESTAT:RAIL_GO_TOTAL(1.0),04/09/24 23:00:00,A,MIO_TKM,PL,2020,51096,
ESTAT:RAIL_GO_TOTAL(1.0),04/09/24 23:00:00,A,MIO_TKM,PL,2021,54387,
ESTAT:RAIL_GO_TOTAL(1.0),04/09/24 23:00:00,A,MIO_TKM,PL,2022,59306,
ESTAT:RAIL_GO_TOTAL(1.0),04/09/24 23:00:00,A,MIO_TKM,PL,2023,61085,
ESTAT:RAIL_GO_TOTAL(1.0),04/09/24 23:00:00,A,MIO_TKM,PT,2004,2282,
ESTAT:RAIL_GO_TOTAL(1.0),04/09/24 23:00:00,A,MIO_TKM,PT,2005,2422,
ESTAT:RAIL_GO_TOTAL(1.0),04/09/24 23:00:00,A,MIO_TKM,PT,2006,2430,
ESTAT:RAIL_GO_TOTAL(1.0),04/09/24 23:00:00,A,MIO_TKM,PT,2007,2586,
ESTAT:RAIL_GO_TOTAL(1.0),04/09/24 23:00:00,A,MIO_TKM,PT,2008,2549,
ESTAT:RAIL_GO_TOTAL(1.0),04/09/24 23:00:00,A,MIO_TKM,PT,2009,2174,
ESTAT:RAIL_GO_TOTAL(1.0),04/09/24 23:00:00,A,MIO_TKM,PT,2010,2313,
ESTAT:RAIL_GO_TOTAL(1.0),04/09/24 23:00:00,A,MIO_TKM,PT,2011,2322,
ESTAT:RAIL_GO_TOTAL(1.0),04/09/24 23:00:00,A,MIO_TKM,PT,2012,2421,
ESTAT:RAIL_GO_TOTAL(1.0),04/09/24 23:00:00,A,MIO_TKM,PT,2013,2290,
ESTAT:RAIL_GO_TOTAL(1.0),04/09/24 23:00:00,A,MIO_TKM,PT,2014,2434,
ESTAT:RAIL_GO_TOTAL(1.0),04/09/24 23:00:00,A,MIO_TKM,PT,2015,2688,
ESTAT:RAIL_GO_TOTAL(1.0),04/09/24 23:00:00,A,MIO_TKM,PT,2016,2774,
ESTAT:RAIL_GO_TOTAL(1.0),04/09/24 23:00:00,A,MIO_TKM,PT,2017,2751,
ESTAT:RAIL_GO_TOTAL(1.0),04/09/24 23:00:00,A,MIO_TKM,PT,2018,2765,
ESTAT:RAIL_GO_TOTAL(1.0),04/09/24 23:00:00,A,MIO_TKM,PT,2019,2478,
ESTAT:RAIL_GO_TOTAL(1.0),04/09/24 23:00:00,A,MIO_TKM,PT,2020,2302,
ESTAT:RAIL_GO_TOTAL(1.0),04/09/24 23:00:00,A,MIO_TKM,PT,2021,1881,
ESTAT:RAIL_GO_TOTAL(1.0),04/09/24 23:00:00,A,MIO_TKM,PT,2022,2190,
ESTAT:RAIL_GO_TOTAL(1.0),04/09/24 23:00:00,A,MIO_TKM,PT,2023,2263,
ESTAT:RAIL_GO_TOTAL(1.0),04/09/24 23:00:00,A,MIO_TKM,RO,2004,17022,
ESTAT:RAIL_GO_TOTAL(1.0),04/09/24 23:00:00,A,MIO_TKM,RO,2005,16582,
ESTAT:RAIL_GO_TOTAL(1.0),04/09/24 23:00:00,A,MIO_TKM,RO,2006,15791,
ESTAT:RAIL_GO_TOTAL(1.0),04/09/24 23:00:00,A,MIO_TKM,RO,2007,15757,
ESTAT:RAIL_GO_TOTAL(1.0),04/09/24 23:00:00,A,MIO_TKM,RO,2008,15236,
ESTAT:RAIL_GO_TOTAL(1.0),04/09/24 23:00:00,A,MIO_TKM,RO,2009,11088,
ESTAT:RAIL_GO_TOTAL(1.0),04/09/24 23:00:00,A,MIO_TKM,RO,2010,12375,
ESTAT:RAIL_GO_TOTAL(1.0),04/09/24 23:00:00,A,MIO_TKM,RO,2011,14719,
ESTAT:RAIL_GO_TOTAL(1.0),04/09/24 23:00:00,A,MIO_TKM,RO,2012,13472,
ESTAT:RAIL_GO_TOTAL(1.0),04/09/24 23:00:00,A,MIO_TKM,RO,2013,12941,
ESTAT:RAIL_GO_TOTAL(1.0),04/09/24 23:00:00,A,MIO_TKM,RO,2014,12264,
ESTAT:RAIL_GO_TOTAL(1.0),04/09/24 23:00:00,A,MIO_TKM,RO,2015,13673,
ESTAT:RAIL_GO_TOTAL(1.0),04/09/24 23:00:00,A,MIO_TKM,RO,2016,13535,
ESTAT:RAIL_GO_TOTAL(1.0),04/09/24 23:00:00,A,MIO_TKM,RO,2017,13782,
ESTAT:RAIL_GO_TOTAL(1.0),04/09/24 23:00:00,A,MIO_TKM,RO,2018,13076,
ESTAT:RAIL_GO_TOTAL(1.0),04/09/24 23:00:00,A,MIO_TKM,RO,2019,13312,
ESTAT:RAIL_GO_TOTAL(1.0),04/09/24 23:00:00,A,MIO_TKM,RO,2020,12291,
ESTAT:RAIL_GO_TOTAL(1.0),04/09/24 23:00:00,A,MIO_TKM,RO,2021,13625,
ESTAT:RAIL_GO_TOTAL(1.0),04/09/24 23:00:00,A,MIO_TKM,RO,2022,13324,
ESTAT:RAIL_GO_TOTAL(1.0),04/09/24 23:00:00,A,MIO_TKM,RO,2023,12878,
ESTAT:RAIL_GO_TOTAL(1.0),04/09/24 23:00:00,A,MIO_TKM,SE,2004,20856,
ESTAT:RAIL_GO_TOTAL(1.0),04/09/24 23:00:00,A,MIO_TKM,SE,2005,21675,
ESTAT:RAIL_GO_TOTAL(1.0),04/09/24 23:00:00,A,MIO_TKM,SE,2006,22271,
ESTAT:RAIL_GO_TOTAL(1.0),04/09/24 23:00:00,A,MIO_TKM,SE,2007,23250,
ESTAT:RAIL_GO_TOTAL(1.0),04/09/24 23:00:00,A,MIO_TKM,SE,2008,22924,
ESTAT:RAIL_GO_TOTAL(1.0),04/09/24 23:00:00,A,MIO_TKM,SE,2009,20389,
ESTAT:RAIL_GO_TOTAL(1.0),04/09/24 23:00:00,A,MIO_TKM,SE,2010,23464,
ESTAT:RAIL_GO_TOTAL(1.0),04/09/24 23:00:00,A,MIO_TKM,SE,2011,22864,
ESTAT:RAIL_GO_TOTAL(1.0),04/09/24 23:00:00,A,MIO_TKM,SE,2012,22043,
ESTAT:RAIL_GO_TOTAL(1.0),04/09/24 23:00:00,A,MIO_TKM,SE,2013,20970,
ESTAT:RAIL_GO_TOTAL(1.0),04/09/24 23:00:00,A,MIO_TKM,SE,2014,21296,
ESTAT:RAIL_GO_TOTAL(1.0),04/09/24 23:00:00,A,MIO_TKM,SE,2015,20699,
ESTAT:RAIL_GO_TOTAL(1.0),04/09/24 23:00:00,A,MIO_TKM,SE,2016,21406,
ESTAT:RAIL_GO_TOTAL(1.0),04/09/24 23:00:00,A,MIO_TKM,SE,2017,21838,
ESTAT:RAIL_GO_TOTAL(1.0),04/09/24 23:00:00,A,MIO_TKM,SE,2018,22794,
ESTAT:RAIL_GO_TOTAL(1.0),04/09/24 23:00:00,A,MIO_TKM,SE,2019,22222,
ESTAT:RAIL_GO_TOTAL(1.0),04/09/24 23:00:00,A,MIO_TKM,SE,2020,22094,
ESTAT:RAIL_GO_TOTAL(1.0),04/09/24 23:00:00,A,MIO_TKM,SE,2021,23449,
ESTAT:RAIL_GO_TOTAL(1.0),04/09/24 23:00:00,A,MIO_TKM,SE,2022,23161,
ESTAT:RAIL_GO_TOTAL(1.0),04/09/24 23:00:00,A,MIO_TKM,SE,2023,21953,
ESTAT:RAIL_GO_TOTAL(1.0),04/09/24 23:00:00,A,MIO_TKM,SI,2004,3149,
ESTAT:RAIL_GO_TOTAL(1.0),04/09/24 23:00:00,A,MIO_TKM,SI,2005,3245,
ESTAT:RAIL_GO_TOTAL(1.0),04/09/24 23:00:00,A,MIO_TKM,SI,2006,3373,
ESTAT:RAIL_GO_TOTAL(1.0),04/09/24 23:00:00,A,MIO_TKM,SI,2007,3603,
ESTAT:RAIL_GO_TOTAL(1.0),04/09/24 23:00:00,A,MIO_TKM,SI,2008,3520,
ESTAT:RAIL_GO_TOTAL(1.0),04/09/24 23:00:00,A,MIO_TKM,SI,2009,2817,
ESTAT:RAIL_GO_TOTAL(1.0),04/09/24 23:00:00,A,MIO_TKM,SI,2010,3421,
ESTAT:RAIL_GO_TOTAL(1.0),04/09/24 23:00:00,A,MIO_TKM,SI,2011,3752,
ESTAT:RAIL_GO_TOTAL(1.0),04/09/24 23:00:00,A,MIO_TKM,SI,2012,3470,
ESTAT:RAIL_GO_TOTAL(1.0),04/09/24 23:00:00,A,MIO_TKM,SI,2013,3799,
ESTAT:RAIL_GO_TOTAL(1.0),04/09/24 23:00:00,A,MIO_TKM,SI,2014,4110,
ESTAT:RAIL_GO_TOTAL(1.0),04/09/24 23:00:00,A,MIO_TKM,SI,2015,4175,
ESTAT:RAIL_GO_TOTAL(1.0),04/09/24 23:00:00,A,MIO_TKM,SI,2016,4360,
ESTAT:RAIL_GO_TOTAL(1.0),04/09/24 23:00:00,A,MIO_TKM,SI,2017,5128,
ESTAT:RAIL_GO_TOTAL(1.0),04/09/24 23:00:00,A,MIO_TKM,SI,2018,5151,
ESTAT:RAIL_GO_TOTAL(1.0),04/09/24 23:00:00,A,MIO_TKM,SI,2019,5292,
ESTAT:RAIL_GO_TOTAL(1.0),04/09/24 23:00:00,A,MIO_TKM,SI,2020,4726,
ESTAT:RAIL_GO_TOTAL(1.0),04/09/24 23:00:00,A,MIO_TKM,SI,2021,4937,
ESTAT:RAIL_GO_TOTAL(1.0),04/09/24 23:00:00,A,MIO_TKM,SI,2022,4928,
ESTAT:RAIL_GO_TOTAL(1.0),04/09/24 23:00:00,A,MIO_TKM,SI,2023,4629,
ESTAT:RAIL_GO_TOTAL(1.0),04/09/24 23:00:00,A,MIO_TKM,SK,2004,9702,
ESTAT:RAIL_GO_TOTAL(1.0),04/09/24 23:00:00,A,MIO_TKM,SK,2005,9463,
ESTAT:RAIL_GO_TOTAL(1.0),04/09/24 23:00:00,A,MIO_TKM,SK,2006,9988,
ESTAT:RAIL_GO_TOTAL(1.0),04/09/24 23:00:00,A,MIO_TKM,SK,2007,9647,
ESTAT:RAIL_GO_TOTAL(1.0),04/09/24 23:00:00,A,MIO_TKM,SK,2008,9299,
ESTAT:RAIL_GO_TOTAL(1.0),04/09/24 23:00:00,A,MIO_TKM,SK,2009,6964,
ESTAT:RAIL_GO_TOTAL(1.0),04/09/24 23:00:00,A,MIO_TKM,SK,2010,8105,
ESTAT:RAIL_GO_TOTAL(1.0),04/09/24 23:00:00,A,MIO_TKM,SK,2011,7960,
ESTAT:RAIL_GO_TOTAL(1.0),04/09/24 23:00:00,A,MIO_TKM,SK,2012,7591,
ESTAT:RAIL_GO_TOTAL(1.0),04/09/24 23:00:00,A,MIO_TKM,SK,2013,8494,
ESTAT:RAIL_GO_TOTAL(1.0),04/09/24 23:00:00,A,MIO_TKM,SK,2014,8829,
ESTAT:RAIL_GO_TOTAL(1.0),04/09/24 23:00:00,A,MIO_TKM,SK,2015,8439,
ESTAT:RAIL_GO_TOTAL(1.0),04/09/24 23:00:00,A,MIO_TKM,SK,2016,8370,
ESTAT:RAIL_GO_TOTAL(1.0),04/09/24 23:00:00,A,MIO_TKM,SK,2017,8477,
ESTAT:RAIL_GO_TOTAL(1.0),04/09/24 23:00:00,A,MIO_TKM,SK,2018,8373,
ESTAT:RAIL_GO_TOTAL(1.0),04/09/24 23:00:00,A,MIO_TKM,SK,2019,8134,
ESTAT:RAIL_GO_TOTAL(1.0),04/09/24 23:00:00,A,MIO_TKM,SK,2020,6908,
ESTAT:RAIL_GO_TOTAL(1.0),04/09/24 23:00:00,A,MIO_TKM,SK,2021,8190,
ESTAT:RAIL_GO_TOTAL(1.0),04/09/24 23:00:00,A,MIO_TKM,SK,2022,7838,
ESTAT:RAIL_GO_TOTAL(1.0),04/09/24 23:00:00,A,MIO_TKM,SK,2023,7488,
ESTAT:RAIL_GO_TOTAL(1.0),04/09/24 23:00:00,A,MIO_TKM,TR,2004,9332,
ESTAT:RAIL_GO_TOTAL(1.0),04/09/24 23:00:00,A,MIO_TKM,TR,2005,9077,
ESTAT:RAIL_GO_TOTAL(1.0),04/09/24 23:00:00,A,MIO_TKM,TR,2006,9544,
ESTAT:RAIL_GO_TOTAL(1.0),04/09/24 23:00:00,A,MIO_TKM,TR,2007,9755,
ESTAT:RAIL_GO_TOTAL(1.0),04/09/24 23:00:00,A,MIO_TKM,TR,2008,10552,
ESTAT:RAIL_GO_TOTAL(1.0),04/09/24 23:00:00,A,MIO_TKM,TR,2009,10163,
ESTAT:RAIL_GO_TOTAL(1.0),04/09/24 23:00:00,A,MIO_TKM,TR,2010,11300,
ESTAT:RAIL_GO_TOTAL(1.0),04/09/24 23:00:00,A,MIO_TKM,TR,2011,11303,
ESTAT:RAIL_GO_TOTAL(1.0),04/09/24 23:00:00,A,MIO_TKM,TR,2012,11223,
ESTAT:RAIL_GO_TOTAL(1.0),04/09/24 23:00:00,A,MIO_TKM,TR,2013,10750,
ESTAT:RAIL_GO_TOTAL(1.0),04/09/24 23:00:00,A,MIO_TKM,TR,2014,11601,
ESTAT:RAIL_GO_TOTAL(1.0),04/09/24 23:00:00,A,MIO_TKM,TR,2015,10178,
ESTAT:RAIL_GO_TOTAL(1.0),04/09/24 23:00:00,A,MIO_TKM,TR,2016,11424,
ESTAT:RAIL_GO_TOTAL(1.0),04/09/24 23:00:00,A,MIO_TKM,TR,2017,12676,
ESTAT:RAIL_GO_TOTAL(1.0),04/09/24 23:00:00,A,MIO_TKM,TR,2018,12637,
ESTAT:RAIL_GO_TOTAL(1.0),04/09/24 23:00:00,A,MIO_TKM,TR,2019,14707,
ESTAT:RAIL_GO_TOTAL(1.0),04/09/24 23:00:00,A,MIO_TKM,TR,2020,15345,
ESTAT:RAIL_GO_TOTAL(1.0),04/09/24 23:00:00,A,MIO_TKM,TR,2021,14621,
ESTAT:RAIL_GO_TOTAL(1.0),04/09/24 23:00:00,A,MIO_TKM,TR,2022,16081,
ESTAT:RAIL_GO_TOTAL(1.0),04/09/24 23:00:00,A,MIO_TKM,TR,2023,12997,
ESTAT:RAIL_GO_TOTAL(1.0),04/09/24 23:00:00,A,MIO_TKM,UA,2021,16214,
ESTAT:RAIL_GO_TOTAL(1.0),04/09/24 23:00:00,A,MIO_TKM,UK,2004,22552,
ESTAT:RAIL_GO_TOTAL(1.0),04/09/24 23:00:00,A,MIO_TKM,UK,2005,21427,
ESTAT:RAIL_GO_TOTAL(1.0),04/09/24 23:00:00,A,MIO_TKM,UK,2006,21919,
ESTAT:RAIL_GO_TOTAL(1.0),04/09/24 23:00:00,A,MIO_TKM,UK,2007,21265,
ESTAT:RAIL_GO_TOTAL(1.0),04/09/24 23:00:00,A,MIO_TKM,UK,2008,21077,
ESTAT:RAIL_GO_TOTAL(1.0),04/09/24 23:00:00,A,MIO_TKM,UK,2009,19171,
ESTAT:RAIL_GO_TOTAL(1.0),04/09/24 23:00:00,A,MIO_TKM,UK,2010,18576,
ESTAT:RAIL_GO_TOTAL(1.0),04/09/24 23:00:00,A,MIO_TKM,UK,2011,20974,
ESTAT:RAIL_GO_TOTAL(1.0),04/09/24 23:00:00,A,MIO_TKM,UK,2012,21444,
ESTAT:RAIL_GO_TOTAL(1.0),04/09/24 23:00:00,A,MIO_TKM,UK,2013,22401,
ESTAT:RAIL_GO_TOTAL(1.0),04/09/24 23:00:00,A,MIO_TKM,UK,2014,22143,
ESTAT:RAIL_GO_TOTAL(1.0),04/09/24 23:00:00,A,MIO_TKM,UK,2015,19342,
ESTAT:RAIL_GO_TOTAL(1.0),04/09/24 23:00:00,A,MIO_TKM,UK,2016,17053,
ESTAT:RAIL_GO_TOTAL(1.0),04/09/24 23:00:00,A,MIO_TKM,UK,2017,17167,
ESTAT:RAIL_GO_TOTAL(1.0),04/09/24 23:00:00,A,MIO_TKM,UK,2018,17206,
ESTAT:RAIL_GO_TOTAL(1.0),04/09/24 23:00:00,A,MIO_TKM,UK,2019,16884,
ESTAT:RAIL_GO_TOTAL(1.0),04/09/24 23:00:00,A,THS_T,AT,2004,92930,
ESTAT:RAIL_GO_TOTAL(1.0),04/09/24 23:00:00,A,THS_T,AT,2005,101829,
ESTAT:RAIL_GO_TOTAL(1.0),04/09/24 23:00:00,A,THS_T,AT,2006,110779,
ESTAT:RAIL_GO_TOTAL(1.0),04/09/24 23:00:00,A,THS_T,AT,2007,115526,
ESTAT:RAIL_GO_TOTAL(1.0),04/09/24 23:00:00,A,THS_T,AT,2008,121579,
ESTAT:RAIL_GO_TOTAL(1.0),04/09/24 23:00:00,A,THS_T,AT,2009,98887,
ESTAT:RAIL_GO_TOTAL(1.0),04/09/24 23:00:00,A,THS_T,AT,2010,107670,
ESTAT:RAIL_GO_TOTAL(1.0),04/09/24 23:00:00,A,THS_T,AT,2011,107587,
ESTAT:RAIL_GO_TOTAL(1.0),04/09/24 23:00:00,A,THS_T,AT,2012,100452,
ESTAT:RAIL_GO_TOTAL(1.0),04/09/24 23:00:00,A,THS_T,AT,2013,96449,
ESTAT:RAIL_GO_TOTAL(1.0),04/09/24 23:00:00,A,THS_T,AT,2014,100267,
ESTAT:RAIL_GO_TOTAL(1.0),04/09/24 23:00:00,A,THS_T,AT,2015,100163,
ESTAT:RAIL_GO_TOTAL(1.0),04/09/24 23:00:00,A,THS_T,AT,2016,102835,
ESTAT:RAIL_GO_TOTAL(1.0),04/09/24 23:00:00,A,THS_T,AT,2017,107579,
ESTAT:RAIL_GO_TOTAL(1.0),04/09/24 23:00:00,A,THS_T,AT,2018,105271,
ESTAT:RAIL_GO_TOTAL(1.0),04/09/24 23:00:00,A,THS_T,AT,2019,102575,
ESTAT:RAIL_GO_TOTAL(1.0),04/09/24 23:00:00,A,THS_T,AT,2020,97512,
ESTAT:RAIL_GO_TOTAL(1.0),04/09/24 23:00:00,A,THS_T,AT,2021,105255,
ESTAT:RAIL_GO_TOTAL(1.0),04/09/24 23:00:00,A,THS_T,AT,2022,103870,
ESTAT:RAIL_GO_TOTAL(1.0),04/09/24 23:00:00,A,THS_T,AT,2023,92443,
ESTAT:RAIL_GO_TOTAL(1.0),04/09/24 23:00:00,A,THS_T,BA,2014,13506,
ESTAT:RAIL_GO_TOTAL(1.0),04/09/24 23:00:00,A,THS_T,BA,2015,13677,
ESTAT:RAIL_GO_TOTAL(1.0),04/09/24 23:00:00,A,THS_T,BA,2016,13155,
ESTAT:RAIL_GO_TOTAL(1.0),04/09/24 23:00:00,A,THS_T,BA,2017,13254,
ESTAT:RAIL_GO_TOTAL(1.0),04/09/24 23:00:00,A,THS_T,BA,2018,13514,
ESTAT:RAIL_GO_TOTAL(1.0),04/09/24 23:00:00,A,THS_T,BA,2019,13693,
ESTAT:RAIL_GO_TOTAL(1.0),04/09/24 23:00:00,A,THS_T,BA,2020,11414,
ESTAT:RAIL_GO_TOTAL(1.0),04/09/24 23:00:00,A,THS_T,BA,2021,12305,
ESTAT:RAIL_GO_TOTAL(1.0),04/09/24 23:00:00,A,THS_T,BA,2022,12685,
ESTAT:RAIL_GO_TOTAL(1.0),04/09/24 23:00:00,A,THS_T,BA,2023,11464,
ESTAT:RAIL_GO_TOTAL(1.0),04/09/24 23:00:00,A,THS_T,BE,2004,,c
ESTAT:RAIL_GO_TOTAL(1.0),04/09/24 23:00:00,A,THS_T,BE,2005,,c
ESTAT:RAIL_GO_TOTAL(1.0),04/09/24 23:00:00,A,THS_T,BE,2006,,c
ESTAT:RAIL_GO_TOTAL(1.0),04/09/24 23:00:00,A,THS_T,BE,2007,66248,
ESTAT:RAIL_GO_TOTAL(1.0),04/09/24 23:00:00,A,THS_T,BE,2008,64648,
ESTAT:RAIL_GO_TOTAL(1.0),04/09/24 23:00:00,A,THS_T,BE,2009,45718,
ESTAT:RAIL_GO_TOTAL(1.0),04/09/24 23:00:00,A,THS_T,BE,2010,54476,
ESTAT:RAIL_GO_TOTAL(1.0),04/09/24 23:00:00,A,THS_T,BE,2011,55876,
ESTAT:RAIL_GO_TOTAL(1.0),04/09/24 23:00:00,A,THS_T,BE,2013,,c
ESTAT:RAIL_GO_TOTAL(1.0),04/09/24 23:00:00,A,THS_T,BE,2014,,c
ESTAT:RAIL_GO_TOTAL(1.0),04/09/24 23:00:00,A,THS_T,BE,2015,,c
ESTAT:RAIL_GO_TOTAL(1.0),04/09/24 23:00:00,A,THS_T,BE,2016,,c
ESTAT:RAIL_GO_TOTAL(1.0),04/09/24 23:00:00,A,THS_T,BE,2017,,c
ESTAT:RAIL_GO_TOTAL(1.0),04/09/24 23:00:00,A,THS_T,BE,2018,,c
ESTAT:RAIL_GO_TOTAL(1.0),04/09/24 23:00:00,A,THS_T,BE,2019,,c
ESTAT:RAIL_GO_TOTAL(1.0),04/09/24 23:00:00,A,THS_T,BE,2020,,c
ESTAT:RAIL_GO_TOTAL(1.0),04/09/24 23:00:00,A,THS_T,BE,2021,,c
ESTAT:RAIL_GO_TOTAL(1.0),04/09/24 23:00:00,A,THS_T,BE,2022,,c
ESTAT:RAIL_GO_TOTAL(1.0),04/09/24 23:00:00,A,THS_T,BE,2023,,c
ESTAT:RAIL_GO_TOTAL(1.0),04/09/24 23:00:00,A,THS_T,BG,2006,21881,
ESTAT:RAIL_GO_TOTAL(1.0),04/09/24 23:00:00,A,THS_T,BG,2007,21905,
ESTAT:RAIL_GO_TOTAL(1.0),04/09/24 23:00:00,A,THS_T,BG,2008,19716,
ESTAT:RAIL_GO_TOTAL(1.0),04/09/24 23:00:00,A,THS_T,BG,2009,13284,
ESTAT:RAIL_GO_TOTAL(1.0),04/09/24 23:00:00,A,THS_T,BG,2010,12939,
ESTAT:RAIL_GO_TOTAL(1.0),04/09/24 23:00:00,A,THS_T,BG,2011,14152,
ESTAT:RAIL_GO_TOTAL(1.0),04/09/24 23:00:00,A,THS_T,BG,2012,12470,
ESTAT:RAIL_GO_TOTAL(1.0),04/09/24 23:00:00,A,THS_T,BG,2013,13539,
ESTAT:RAIL_GO_TOTAL(1.0),04/09/24 23:00:00,A,THS_T,BG,2014,13691,
ESTAT:RAIL_GO_TOTAL(1.0),04/09/24 23:00:00,A,THS_T,BG,2015,14635,
ESTAT:RAIL_GO_TOTAL(1.0),04/09/24 23:00:00,A,THS_T,BG,2016,14226,
ESTAT:RAIL_GO_TOTAL(1.0),04/09/24 23:00:00,A,THS_T,BG,2017,16030,
ESTAT:RAIL_GO_TOTAL(1.0),04/09/24 23:00:00,A,THS_T,BG,2018,14796,
ESTAT:RAIL_GO_TOTAL(1.0),04/09/24 23:00:00,A,THS_T,BG,2019,14948,
ESTAT:RAIL_GO_TOTAL(1.0),04/09/24 23:00:00,A,THS_T,BG,2020,16374,
ESTAT:RAIL_GO_TOTAL(1.0),04/09/24 23:00:00,A,THS_T,BG,2021,18048,
ESTAT:RAIL_GO_TOTAL(1.0),04/09/24 23:00:00,A,THS_T,BG,2022,19291,
ESTAT:RAIL_GO_TOTAL(1.0),04/09/24 23:00:00,A,THS_T,BG,2023,17105,
ESTAT:RAIL_GO_TOTAL(1.0),04/09/24 23:00:00,A,THS_T,CH,2008,69864,
ESTAT:RAIL_GO_TOTAL(1.0),04/09/24 23:00:00,A,THS_T,CH,2009,61848,
ESTAT:RAIL_GO_TOTAL(1.0),04/09/24 23:00:00,A,THS_T,CH,2010,63989,
ESTAT:RAIL_GO_TOTAL(1.0),04/09/24 23:00:00,A,THS_T,CH,2011,65038,
ESTAT:RAIL_GO_TOTAL(1.0),04/09/24 23:00:00,A,THS_T,CH,2012,60270,
ESTAT:RAIL_GO_TOTAL(1.0),04/09/24 23:00:00,A,THS_T,CH,2013,64999,
ESTAT:RAIL_GO_TOTAL(1.0),04/09/24 23:00:00,A,THS_T,CH,2014,65375,
ESTAT:RAIL_GO_TOTAL(1.0),04/09/24 23:00:00,A,THS_T,CH,2015,66089,
ESTAT:RAIL_GO_TOTAL(1.0),04/09/24 23:00:00,A,THS_T,CH,2016,67846,
ESTAT:RAIL_GO_TOTAL(1.0),04/09/24 23:00:00,A,THS_T,CH,2017,67157,
ESTAT:RAIL_GO_TOTAL(1.0),04/09/24 23:00:00,A,THS_T,CH,2018,68719,
ESTAT:RAIL_GO_TOTAL(1.0),04/09/24 23:00:00,A,THS_T,CH,2019,68658,
ESTAT:RAIL_GO_TOTAL(1.0),04/09/24 23:00:00,A,THS_T,CH,2020,64987,
ESTAT:RAIL_GO_TOTAL(1.0),04/09/24 23:00:00,A,THS_T,CH,2021,67901,
ESTAT:RAIL_GO_TOTAL(1.0),04/09/24 23:00:00,A,THS_T,CH,2022,69319,
ESTAT:RAIL_GO_TOTAL(1.0),04/09/24 23:00:00,A,THS_T,CH,2023,67108,
ESTAT:RAIL_GO_TOTAL(1.0),04/09/24 23:00:00,A,THS_T,CZ,2004,88843,
ESTAT:RAIL_GO_TOTAL(1.0),04/09/24 23:00:00,A,THS_T,CZ,2005,85613,
ESTAT:RAIL_GO_TOTAL(1.0),04/09/24 23:00:00,A,THS_T,CZ,2006,97491,
ESTAT:RAIL_GO_TOTAL(1.0),04/09/24 23:00:00,A,THS_T,CZ,2007,99777,
ESTAT:RAIL_GO_TOTAL(1.0),04/09/24 23:00:00,A,THS_T,CZ,2008,95073,
ESTAT:RAIL_GO_TOTAL(1.0),04/09/24 23:00:00,A,THS_T,CZ,2009,76715,
ESTAT:RAIL_GO_TOTAL(1.0),04/09/24 23:00:00,A,THS_T,CZ,2010,82900,
ESTAT:RAIL_GO_TOTAL(1.0),04/09/24 23:00:00,A,THS_T,CZ,2011,87096,
ESTAT:RAIL_GO_TOTAL(1.0),04/09/24 23:00:00,A,THS_T,CZ,2012,82968,
ESTAT:RAIL_GO_TOTAL(1.0),04/09/24 23:00:00,A,THS_T,CZ,2013,83957,
ESTAT:RAIL_GO_TOTAL(1.0),04/09/24 23:00:00,A,THS_T,CZ,2014,91556,
ESTAT:RAIL_GO_TOTAL(1.0),04/09/24 23:00:00,A,THS_T,CZ,2015,97280,
ESTAT:RAIL_GO_TOTAL(1.0),04/09/24 23:00:00,A,THS_T,CZ,2016,98034,
ESTAT:RAIL_GO_TOTAL(1.0),04/09/24 23:00:00,A,THS_T,CZ,2017,96516,
ESTAT:RAIL_GO_TOTAL(1.0),04/09/24 23:00:00,A,THS_T,CZ,2018,99307,
ESTAT:RAIL_GO_TOTAL(1.0),04/09/24 23:00:00,A,THS_T,CZ,2019,98804,
ESTAT:RAIL_GO_TOTAL(1.0),04/09/24 23:00:00,A,THS_T,CZ,2020,90902,
ESTAT:RAIL_GO_TOTAL(1.0),04/09/24 23:00:00,A,THS_T,CZ,2021,99550,
ESTAT:RAIL_GO_TOTAL(1.0),04/09/24 23:00:00,A,THS_T,CZ,2022,90797,
ESTAT:RAIL_GO_TOTAL(1.0),04/09/24 23:00:00,A,THS_T,CZ,2023,83120,
ESTAT:RAIL_GO_TOTAL(1.0),04/09/24 23:00:00,A,THS_T,DE,2004,310261,
ESTAT:RAIL_GO_TOTAL(1.0),04/09/24 23:00:00,A,THS_T,DE,2005,315576,
ESTAT:RAIL_GO_TOTAL(1.0),04/09/24 23:00:00,A,THS_T,DE,2006,344270,
ESTAT:RAIL_GO_TOTAL(1.0),04/09/24 23:00:00,A,THS_T,DE,2007,359299,
ESTAT:RAIL_GO_TOTAL(1.0),04/09/24 23:00:00,A,THS_T,DE,2008,371727,
ESTAT:RAIL_GO_TOTAL(1.0),04/09/24 23:00:00,A,THS_T,DE,2009,310110,
ESTAT:RAIL_GO_TOTAL(1.0),04/09/24 23:00:00,A,THS_T,DE,2010,354328,
ESTAT:RAIL_GO_TOTAL(1.0),04/09/24 23:00:00,A,THS_T,DE,2011,373726,
ESTAT:RAIL_GO_TOTAL(1.0),04/09/24 23:00:00,A,THS_T,DE,2012,365036,
ESTAT:RAIL_GO_TOTAL(1.0),04/09/24 23:00:00,A,THS_T,DE,2013,367533,
ESTAT:RAIL_GO_TOTAL(1.0),04/09/24 23:00:00,A,THS_T,DE,2014,363975,
ESTAT:RAIL_GO_TOTAL(1.0),04/09/24 23:00:00,A,THS_T,DE,2015,360134,
ESTAT:RAIL_GO_TOTAL(1.0),04/09/24 23:00:00,A,THS_T,DE,2016,392962,
ESTAT:RAIL_GO_TOTAL(1.0),04/09/24 23:00:00,A,THS_T,DE,2017,369386,
ESTAT:RAIL_GO_TOTAL(1.0),04/09/24 23:00:00,A,THS_T,DE,2018,355000,
ESTAT:RAIL_GO_TOTAL(1.0),04/09/24 23:00:00,A,THS_T,DE,2019,362624,
ESTAT:RAIL_GO_TOTAL(1.0),04/09/24 23:00:00,A,THS_T,DE,2020,325161,
ESTAT:RAIL_GO_TOTAL(1.0),04/09/24 23:00:00,A,THS_T,DE,2021,363646,
ESTAT:RAIL_GO_TOTAL(1.0),04/09/24 23:00:00,A,THS_T,DE,2022,368876,
ESTAT:RAIL_GO_TOTAL(1.0),04/09/24 23:00:00,A,THS_T,DE,2023,337111,
ESTAT:RAIL_GO_TOTAL(1.0),04/09/24 23:00:00,A,THS_T,DK,2004,8162,
ESTAT:RAIL_GO_TOTAL(1.0),04/09/24 23:00:00,A,THS_T,DK,2005,7706,
ESTAT:RAIL_GO_TOTAL(1.0),04/09/24 23:00:00,A,THS_T,DK,2006,7477,
ESTAT:RAIL_GO_TOTAL(1.0),04/09/24 23:00:00,A,THS_T,DK,2007,6901,
ESTAT:RAIL_GO_TOTAL(1.0),04/09/24 23:00:00,A,THS_T,DK,2008,7198,
ESTAT:RAIL_GO_TOTAL(1.0),04/09/24 23:00:00,A,THS_T,DK,2009,6163,
ESTAT:RAIL_GO_TOTAL(1.0),04/09/24 23:00:00,A,THS_T,DK,2010,8121,
ESTAT:RAIL_GO_TOTAL(1.0),04/09/24 23:00:00,A,THS_T,DK,2011,9276,
ESTAT:RAIL_GO_TOTAL(1.0),04/09/24 23:00:00,A,THS_T,DK,2012,7982,
ESTAT:RAIL_GO_TOTAL(1.0),04/09/24 23:00:00,A,THS_T,DK,2013,7956,
ESTAT:RAIL_GO_TOTAL(1.0),04/09/24 23:00:00,A,THS_T,DK,2014,8082,
ESTAT:RAIL_GO_TOTAL(1.0),04/09/24 23:00:00,A,THS_T,DK,2015,8652,
ESTAT:RAIL_GO_TOTAL(1.0),04/09/24 23:00:00,A,THS_T,DK,2016,9383,
ESTAT:RAIL_GO_TOTAL(1.0),04/09/24 23:00:00,A,THS_T,DK,2017,9314,
ESTAT:RAIL_GO_TOTAL(1.0),04/09/24 23:00:00,A,THS_T,DK,2018,9097,
ESTAT:RAIL_GO_TOTAL(1.0),04/09/24 23:00:00,A,THS_T,DK,2019,8512,
ESTAT:RAIL_GO_TOTAL(1.0),04/09/24 23:00:00,A,THS_T,DK,2020,8615,
ESTAT:RAIL_GO_TOTAL(1.0),04/09/24 23:00:00,A,THS_T,DK,2021,6936,
ESTAT:RAIL_GO_TOTAL(1.0),04/09/24 23:00:00,A,THS_T,DK,2022,7759,
ESTAT:RAIL_GO_TOTAL(1.0),04/09/24 23:00:00,A,THS_T,DK,2023,6756,
ESTAT:RAIL_GO_TOTAL(1.0),04/09/24 23:00:00,A,THS_T,EE,2004,65647,
ESTAT:RAIL_GO_TOTAL(1.0),04/09/24 23:00:00,A,THS_T,EE,2005,68187,
ESTAT:RAIL_GO_TOTAL(1.0),04/09/24 23:00:00,A,THS_T,EE,2006,61284,
ESTAT:RAIL_GO_TOTAL(1.0),04/09/24 23:00:00,A,THS_T,EE,2007,68538,
ESTAT:RAIL_GO_TOTAL(1.0),04/09/24 23:00:00,A,THS_T,EE,2008,52752,
ESTAT:RAIL_GO_TOTAL(1.0),04/09/24 23:00:00,A,THS_T,EE,2009,45954,
ESTAT:RAIL_GO_TOTAL(1.0),04/09/24 23:00:00,A,THS_T,EE,2010,46705,
ESTAT:RAIL_GO_TOTAL(1.0),04/09/24 23:00:00,A,THS_T,EE,2011,48378,
ESTAT:RAIL_GO_TOTAL(1.0),04/09/24 23:00:00,A,THS_T,EE,2012,44725,
ESTAT:RAIL_GO_TOTAL(1.0),04/09/24 23:00:00,A,THS_T,EE,2013,43682,
ESTAT:RAIL_GO_TOTAL(1.0),04/09/24 23:00:00,A,THS_T,EE,2014,36289,
ESTAT:RAIL_GO_TOTAL(1.0),04/09/24 23:00:00,A,THS_T,EE,2015,28026,
ESTAT:RAIL_GO_TOTAL(1.0),04/09/24 23:00:00,A,THS_T,EE,2016,25364,
ESTAT:RAIL_GO_TOTAL(1.0),04/09/24 23:00:00,A,THS_T,EE,2017,27256,
ESTAT:RAIL_GO_TOTAL(1.0),04/09/24 23:00:00,A,THS_T,EE,2018,27813,
ESTAT:RAIL_GO_TOTAL(1.0),04/09/24 23:00:00,A,THS_T,EE,2019,21341,
ESTAT:RAIL_GO_TOTAL(1.0),04/09/24 23:00:00,A,THS_T,EE,2020,15801,
ESTAT:RAIL_GO_TOTAL(1.0),04/09/24 23:00:00,A,THS_T,EE,2021,23306,
ESTAT:RAIL_GO_TOTAL(1.0),04/09/24 23:00:00,A,THS_T,EE,2022,17713,
ESTAT:RAIL_GO_TOTAL(1.0),04/09/24 23:00:00,A,THS_T,EE,2023,10106,
ESTAT:RAIL_GO_TOTAL(1.0),04/09/24 23:00:00,A,THS_T,EL,2004,2968,
ESTAT:RAIL_GO_TOTAL(1.0),04/09/24 23:00:00,A,THS_T,EL,2005,3058,
ESTAT:RAIL_GO_TOTAL(1.0),04/09/24 23:00:00,A,THS_T,EL,2006,3884,
ESTAT:RAIL_GO_TOTAL(1.0),04/09/24 23:00:00,A,THS_T,EL,2007,4943,
ESTAT:RAIL_GO_TOTAL(1.0),04/09/24 23:00:00,A,THS_T,EL,2008,4253,
ESTAT:RAIL_GO_TOTAL(1.0),04/09/24 23:00:00,A,THS_T,EL,2009,3377,
ESTAT:RAIL_GO_TOTAL(1.0),04/09/24 23:00:00,A,THS_T,EL,2010,3982,
ESTAT:RAIL_GO_TOTAL(1.0),04/09/24 23:00:00,A,THS_T,EL,2011,2702,
ESTAT:RAIL_GO_TOTAL(1.0),04/09/24 23:00:00,A,THS_T,EL,2012,2272,
ESTAT:RAIL_GO_TOTAL(1.0),04/09/24 23:00:00,A,THS_T,EL,2013,1980,
ESTAT:RAIL_GO_TOTAL(1.0),04/09/24 23:00:00,A,THS_T,EL,2014,2143,
ESTAT:RAIL_GO_TOTAL(1.0),04/09/24 23:00:00,A,THS_T,EL,2015,1404,
ESTAT:RAIL_GO_TOTAL(1.0),04/09/24 23:00:00,A,THS_T,EL,2016,1094,
ESTAT:RAIL_GO_TOTAL(1.0),04/09/24 23:00:00,A,THS_T,EL,2017,1328,
ESTAT:RAIL_GO_TOTAL(1.0),04/09/24 23:00:00,A,THS_T,EL,2018,,c
ESTAT:RAIL_GO_TOTAL(1.0),04/09/24 23:00:00,A,THS_T,EL,2019,,c
ESTAT:RAIL_GO_TOTAL(1.0),04/09/24 23:00:00,A,THS_T,EL,2020,,c
ESTAT:RAIL_GO_TOTAL(1.0),04/09/24 23:00:00,A,THS_T,EL,2021,,c
ESTAT:RAIL_GO_TOTAL(1.0),04/09/24 23:00:00,A,THS_T,EL,2022,,c
ESTAT:RAIL_GO_TOTAL(1.0),04/09/24 23:00:00,A,THS_T,EL,2023,,c
ESTAT:RAIL_GO_TOTAL(1.0),04/09/24 23:00:00,A,THS_T,ES,2004,30514,
ESTAT:RAIL_GO_TOTAL(1.0),04/09/24 23:00:00,A,THS_T,ES,2005,29731,
ESTAT:RAIL_GO_TOTAL(1.0),04/09/24 23:00:00,A,THS_T,ES,2006,29862,
ESTAT:RAIL_GO_TOTAL(1.0),04/09/24 23:00:00,A,THS_T,ES,2007,29918,
ESTAT:RAIL_GO_TOTAL(1.0),04/09/24 23:00:00,A,THS_T,ES,2008,26856,
ESTAT:RAIL_GO_TOTAL(1.0),04/09/24 23:00:00,A,THS_T,ES,2009,21087,
ESTAT:RAIL_GO_TOTAL(1.0),04/09/24 23:00:00,A,THS_T,ES,2010,21578,
ESTAT:RAIL_GO_TOTAL(1.0),04/09/24 23:00:00,A,THS_T,ES,2011,23899,
ESTAT:RAIL_GO_TOTAL(1.0),04/09/24 23:00:00,A,THS_T,ES,2012,24903,
ESTAT:RAIL_GO_TOTAL(1.0),04/09/24 23:00:00,A,THS_T,ES,2013,24949,
ESTAT:RAIL_GO_TOTAL(1.0),04/09/24 23:00:00,A,THS_T,ES,2014,28436,
ESTAT:RAIL_GO_TOTAL(1.0),04/09/24 23:00:00,A,THS_T,ES,2015,28960,
ESTAT:RAIL_GO_TOTAL(1.0),04/09/24 23:00:00,A,THS_T,ES,2016,26504,
ESTAT:RAIL_GO_TOTAL(1.0),04/09/24 23:00:00,A,THS_T,ES,2017,27654,
ESTAT:RAIL_GO_TOTAL(1.0),04/09/24 23:00:00,A,THS_T,ES,2018,27161,
ESTAT:RAIL_GO_TOTAL(1.0),04/09/24 23:00:00,A,THS_T,ES,2019,26268,
ESTAT:RAIL_GO_TOTAL(1.0),04/09/24 23:00:00,A,THS_T,ES,2020,22254,
ESTAT:RAIL_GO_TOTAL(1.0),04/09/24 23:00:00,A,THS_T,ES,2021,24716,
ESTAT:RAIL_GO_TOTAL(1.0),04/09/24 23:00:00,A,THS_T,ES,2022,24895,
ESTAT:RAIL_GO_TOTAL(1.0),04/09/24 23:00:00,A,THS_T,ES,2023,23890,
ESTAT:RAIL_GO_TOTAL(1.0),04/09/24 23:00:00,A,THS_T,FI,2004,42663,
ESTAT:RAIL_GO_TOTAL(1.0),04/09/24 23:00:00,A,THS_T,FI,2005,40722,
ESTAT:RAIL_GO_TOTAL(1.0),04/09/24 23:00:00,A,THS_T,FI,2006,43560,
ESTAT:RAIL_GO_TOTAL(1.0),04/09/24 23:00:00,A,THS_T,FI,2007,40288,
ESTAT:RAIL_GO_TOTAL(1.0),04/09/24 23:00:00,A,THS_T,FI,2008,41937,
ESTAT:RAIL_GO_TOTAL(1.0),04/09/24 23:00:00,A,THS_T,FI,2009,32860,
ESTAT:RAIL_GO_TOTAL(1.0),04/09/24 23:00:00,A,THS_T,FI,2010,35795,
ESTAT:RAIL_GO_TOTAL(1.0),04/09/24 23:00:00,A,THS_T,FI,2011,34827,
ESTAT:RAIL_GO_TOTAL(1.0),04/09/24 23:00:00,A,THS_T,FI,2012,35267,
ESTAT:RAIL_GO_TOTAL(1.0),04/09/24 23:00:00,A,THS_T,FI,2013,36433,
ESTAT:RAIL_GO_TOTAL(1.0),04/09/24 23:00:00,A,THS_T,FI,2014,37008,
ESTAT:RAIL_GO_TOTAL(1.0),04/09/24 23:00:00,A,THS_T,FI,2015,33392,
ESTAT:RAIL_GO_TOTAL(1.0),04/09/24 23:00:00,A,THS_T,FI,2016,36162,
ESTAT:RAIL_GO_TOTAL(1.0),04/09/24 23:00:00,A,THS_T,FI,2017,38468,
ESTAT:RAIL_GO_TOTAL(1.0),04/09/24 23:00:00,A,THS_T,FI,2018,40721,
ESTAT:RAIL_GO_TOTAL(1.0),04/09/24 23:00:00,A,THS_T,FI,2019,38464,
ESTAT:RAIL_GO_TOTAL(1.0),04/09/24 23:00:00,A,THS_T,FI,2020,38406,
ESTAT:RAIL_GO_TOTAL(1.0),04/09/24 23:00:00,A,THS_T,FI,2021,40180,
ESTAT:RAIL_GO_TOTAL(1.0),04/09/24 23:00:00,A,THS_T,FI,2022,31229,
ESTAT:RAIL_GO_TOTAL(1.0),04/09/24 23:00:00,A,THS_T,FI,2023,27066,
ESTAT:RAIL_GO_TOTAL(1.0),04/09/24 23:00:00,A,THS_T,FR,2004,117415,
ESTAT:RAIL_GO_TOTAL(1.0),04/09/24 23:00:00,A,THS_T,FR,2005,107532,
ESTAT:RAIL_GO_TOTAL(1.0),04/09/24 23:00:00,A,THS_T,FR,2006,109201,
ESTAT:RAIL_GO_TOTAL(1.0),04/09/24 23:00:00,A,THS_T,FR,2007,111214,
ESTAT:RAIL_GO_TOTAL(1.0),04/09/24 23:00:00,A,THS_T,FR,2008,108536,
ESTAT:RAIL_GO_TOTAL(1.0),04/09/24 23:00:00,A,THS_T,FR,2009,86126,
ESTAT:RAIL_GO_TOTAL(1.0),04/09/24 23:00:00,A,THS_T,FR,2010,85045,
ESTAT:RAIL_GO_TOTAL(1.0),04/09/24 23:00:00,A,THS_T,FR,2011,91789,
ESTAT:RAIL_GO_TOTAL(1.0),04/09/24 23:00:00,A,THS_T,FR,2012,87539,
ESTAT:RAIL_GO_TOTAL(1.0),04/09/24 23:00:00,A,THS_T,FR,2013,92712,
ESTAT:RAIL_GO_TOTAL(1.0),04/09/24 23:00:00,A,THS_T,FR,2014,90826,
ESTAT:RAIL_GO_TOTAL(1.0),04/09/24 23:00:00,A,THS_T,FR,2015,102743,
ESTAT:RAIL_GO_TOTAL(1.0),04/09/24 23:00:00,A,THS_T,FR,2016,95913,
ESTAT:RAIL_GO_TOTAL(1.0),04/09/24 23:00:00,A,THS_T,FR,2017,97824,
ESTAT:RAIL_GO_TOTAL(1.0),04/09/24 23:00:00,A,THS_T,FR,2018,87855,
ESTAT:RAIL_GO_TOTAL(1.0),04/09/24 23:00:00,A,THS_T,FR,2019,90211,
ESTAT:RAIL_GO_TOTAL(1.0),04/09/24 23:00:00,A,THS_T,FR,2020,82220,
ESTAT:RAIL_GO_TOTAL(1.0),04/09/24 23:00:00,A,THS_T,FR,2021,93874,
ESTAT:RAIL_GO_TOTAL(1.0),04/09/24 23:00:00,A,THS_T,FR,2022,88651,
ESTAT:RAIL_GO_TOTAL(1.0),04/09/24 23:00:00,A,THS_T,FR,2023,75849,
ESTAT:RAIL_GO_TOTAL(1.0),04/09/24 23:00:00,A,THS_T,HR,2004,12234,
ESTAT:RAIL_GO_TOTAL(1.0),04/09/24 23:00:00,A,THS_T,HR,2005,14333,
ESTAT:RAIL_GO_TOTAL(1.0),04/09/24 23:00:00,A,THS_T,HR,2006,15395,
ESTAT:RAIL_GO_TOTAL(1.0),04/09/24 23:00:00,A,THS_T,HR,2007,15764,
ESTAT:RAIL_GO_TOTAL(1.0),04/09/24 23:00:00,A,THS_T,HR,2008,14851,
ESTAT:RAIL_GO_TOTAL(1.0),04/09/24 23:00:00,A,THS_T,HR,2009,11651,
ESTAT:RAIL_GO_TOTAL(1.0),04/09/24 23:00:00,A,THS_T,HR,2010,12203,
ESTAT:RAIL_GO_TOTAL(1.0),04/09/24 23:00:00,A,THS_T,HR,2011,11794,
ESTAT:RAIL_GO_TOTAL(1.0),04/09/24 23:00:00,A,THS_T,HR,2012,11088,
ESTAT:RAIL_GO_TOTAL(1.0),04/09/24 23:00:00,A,THS_T,HR,2013,10661,
ESTAT:RAIL_GO_TOTAL(1.0),04/09/24 23:00:00,A,THS_T,HR,2014,10390,
ESTAT:RAIL_GO_TOTAL(1.0),04/09/24 23:00:00,A,THS_T,HR,2015,9939,
ESTAT:RAIL_GO_TOTAL(1.0),04/09/24 23:00:00,A,THS_T,HR,2016,9985,
ESTAT:RAIL_GO_TOTAL(1.0),04/09/24 23:00:00,A,THS_T,HR,2017,12178,
ESTAT:RAIL_GO_TOTAL(1.0),04/09/24 23:00:00,A,THS_T,HR,2018,13444,
ESTAT:RAIL_GO_TOTAL(1.0),04/09/24 23:00:00,A,THS_T,HR,2019,14449,
ESTAT:RAIL_GO_TOTAL(1.0),04/09/24 23:00:00,A,THS_T,HR,2020,14992,
ESTAT:RAIL_GO_TOTAL(1.0),04/09/24 23:00:00,A,THS_T,HR,2021,15176,
ESTAT:RAIL_GO_TOTAL(1.0),04/09/24 23:00:00,A,THS_T,HR,2022,16257,
ESTAT:RAIL_GO_TOTAL(1.0),04/09/24 23:00:00,A,THS_T,HR,2023,15069,
ESTAT:RAIL_GO_TOTAL(1.0),04/09/24 23:00:00,A,THS_T,HU,2004,51726,
ESTAT:RAIL_GO_TOTAL(1.0),04/09/24 23:00:00,A,THS_T,HU,2005,50850,
ESTAT:RAIL_GO_TOTAL(1.0),04/09/24 23:00:00,A,THS_T,HU,2006,54705,
ESTAT:RAIL_GO_TOTAL(1.0),04/09/24 23:00:00,A,THS_T,HU,2007,51523,
ESTAT:RAIL_GO_TOTAL(1.0),04/09/24 23:00:00,A,THS_T,HU,2008,51543,
ESTAT:RAIL_GO_TOTAL(1.0),04/09/24 23:00:00,A,THS_T,HU,2009,42277,
ESTAT:RAIL_GO_TOTAL(1.0),04/09/24 23:00:00,A,THS_T,HU,2010,45794,
ESTAT:RAIL_GO_TOTAL(1.0),04/09/24 23:00:00,A,THS_T,HU,2011,47424,
ESTAT:RAIL_GO_TOTAL(1.0),04/09/24 23:00:00,A,THS_T,HU,2012,46884,
ESTAT:RAIL_GO_TOTAL(1.0),04/09/24 23:00:00,A,THS_T,HU,2013,49085,
ESTAT:RAIL_GO_TOTAL(1.0),04/09/24 23:00:00,A,THS_T,HU,2014,50593,
ESTAT:RAIL_GO_TOTAL(1.0),04/09/24 23:00:00,A,THS_T,HU,2015,50333,
ESTAT:RAIL_GO_TOTAL(1.0),04/09/24 23:00:00,A,THS_T,HU,2016,50047,
ESTAT:RAIL_GO_TOTAL(1.0),04/09/24 23:00:00,A,THS_T,HU,2017,52682,
ESTAT:RAIL_GO_TOTAL(1.0),04/09/24 23:00:00,A,THS_T,HU,2018,52471,
ESTAT:RAIL_GO_TOTAL(1.0),04/09/24 23:00:00,A,THS_T,HU,2019,52270,
ESTAT:RAIL_GO_TOTAL(1.0),04/09/24 23:00:00,A,THS_T,HU,2020,51892,
ESTAT:RAIL_GO_TOTAL(1.0),04/09/24 23:00:00,A,THS_T,HU,2021,51031,
ESTAT:RAIL_GO_TOTAL(1.0),04/09/24 23:00:00,A,THS_T,HU,2022,51696,
ESTAT:RAIL_GO_TOTAL(1.0),04/09/24 23:00:00,A,THS_T,HU,2023,45762,
ESTAT:RAIL_GO_TOTAL(1.0),04/09/24 23:00:00,A,THS_T,IE,2004,2140,
ESTAT:RAIL_GO_TOTAL(1.0),04/09/24 23:00:00,A,THS_T,IE,2005,1820,
ESTAT:RAIL_GO_TOTAL(1.0),04/09/24 23:00:00,A,THS_T,IE,2006,1245,
ESTAT:RAIL_GO_TOTAL(1.0),04/09/24 23:00:00,A,THS_T,IE,2007,825,
ESTAT:RAIL_GO_TOTAL(1.0),04/09/24 23:00:00,A,THS_T,IE,2008,717,
ESTAT:RAIL_GO_TOTAL(1.0),04/09/24 23:00:00,A,THS_T,IE,2009,631,
ESTAT:RAIL_GO_TOTAL(1.0),04/09/24 23:00:00,A,THS_T,IE,2010,568,
ESTAT:RAIL_GO_TOTAL(1.0),04/09/24 23:00:00,A,THS_T,IE,2011,611,
ESTAT:RAIL_GO_TOTAL(1.0),04/09/24 23:00:00,A,THS_T,IE,2012,567,
ESTAT:RAIL_GO_TOTAL(1.0),04/09/24 23:00:00,A,THS_T,IE,2013,589,
ESTAT:RAIL_GO_TOTAL(1.0),04/09/24 23:00:00,A,THS_T,IE,2014,578,
ESTAT:RAIL_GO_TOTAL(1.0),04/09/24 23:00:00,A,THS_T,IE,2015,540,
ESTAT:RAIL_GO_TOTAL(1.0),04/09/24 23:00:00,A,THS_T,IE,2016,581,
ESTAT:RAIL_GO_TOTAL(1.0),04/09/24 23:00:00,A,THS_T,IE,2017,546,
ESTAT:RAIL_GO_TOTAL(1.0),04/09/24 23:00:00,A,THS_T,IE,2018,516,
ESTAT:RAIL_GO_TOTAL(1.0),04/09/24 23:00:00,A,THS_T,IE,2019,346,
ESTAT:RAIL_GO_TOTAL(1.0),04/09/24 23:00:00,A,THS_T,IE,2020,449,
ESTAT:RAIL_GO_TOTAL(1.0),04/09/24 23:00:00,A,THS_T,IE,2021,415,
ESTAT:RAIL_GO_TOTAL(1.0),04/09/24 23:00:00,A,THS_T,IE,2022,419,
ESTAT:RAIL_GO_TOTAL(1.0),04/09/24 23:00:00,A,THS_T,IE,2023,344,
ESTAT:RAIL_GO_TOTAL(1.0),04/09/24 23:00:00,A,THS_T,IT,2004,83533,
ESTAT:RAIL_GO_TOTAL(1.0),04/09/24 23:00:00,A,THS_T,IT,2005,89755,
ESTAT:RAIL_GO_TOTAL(1.0),04/09/24 23:00:00,A,THS_T,IT,2006,102169,
ESTAT:RAIL_GO_TOTAL(1.0),04/09/24 23:00:00,A,THS_T,IT,2007,105314,
ESTAT:RAIL_GO_TOTAL(1.0),04/09/24 23:00:00,A,THS_T,IT,2008,95810,
ESTAT:RAIL_GO_TOTAL(1.0),04/09/24 23:00:00,A,THS_T,IT,2009,76336,
ESTAT:RAIL_GO_TOTAL(1.0),04/09/24 23:00:00,A,THS_T,IT,2010,84435,
ESTAT:RAIL_GO_TOTAL(1.0),04/09/24 23:00:00,A,THS_T,IT,2011,91811,
ESTAT:RAIL_GO_TOTAL(1.0),04/09/24 23:00:00,A,THS_T,IT,2012,88505,
ESTAT:RAIL_GO_TOTAL(1.0),04/09/24 23:00:00,A,THS_T,IT,2013,87960,
ESTAT:RAIL_GO_TOTAL(1.0),04/09/24 23:00:00,A,THS_T,IT,2014,90862,
ESTAT:RAIL_GO_TOTAL(1.0),04/09/24 23:00:00,A,THS_T,IT,2015,92273,
ESTAT:RAIL_GO_TOTAL(1.0),04/09/24 23:00:00,A,THS_T,IT,2016,92949,
ESTAT:RAIL_GO_TOTAL(1.0),04/09/24 23:00:00,A,THS_T,IT,2017,94287,
ESTAT:RAIL_GO_TOTAL(1.0),04/09/24 23:00:00,A,THS_T,IT,2018,97197,
ESTAT:RAIL_GO_TOTAL(1.0),04/09/24 23:00:00,A,THS_T,IT,2019,94295,
ESTAT:RAIL_GO_TOTAL(1.0),04/09/24 23:00:00,A,THS_T,IT,2020,90529,
ESTAT:RAIL_GO_TOTAL(1.0),04/09/24 23:00:00,A,THS_T,IT,2021,104213,
ESTAT:RAIL_GO_TOTAL(1.0),04/09/24 23:00:00,A,THS_T,IT,2022,104542,
ESTAT:RAIL_GO_TOTAL(1.0),04/09/24 23:00:00,A,THS_T,IT,2023,95865,
ESTAT:RAIL_GO_TOTAL(1.0),04/09/24 23:00:00,A,THS_T,LI,2004,2284,
ESTAT:RAIL_GO_TOTAL(1.0),04/09/24 23:00:00,A,THS_T,LI,2005,1844,
ESTAT:RAIL_GO_TOTAL(1.0),04/09/24 23:00:00,A,THS_T,LI,2006,2031,
ESTAT:RAIL_GO_TOTAL(1.0),04/09/24 23:00:00,A,THS_T,LI,2007,2003,
ESTAT:RAIL_GO_TOTAL(1.0),04/09/24 23:00:00,A,THS_T,LI,2008,1843,
ESTAT:RAIL_GO_TOTAL(1.0),04/09/24 23:00:00,A,THS_T,LI,2009,1160,
ESTAT:RAIL_GO_TOTAL(1.0),04/09/24 23:00:00,A,THS_T,LI,2010,1214,
ESTAT:RAIL_GO_TOTAL(1.0),04/09/24 23:00:00,A,THS_T,LI,2011,1172,
ESTAT:RAIL_GO_TOTAL(1.0),04/09/24 23:00:00,A,THS_T,LI,2012,1168,
ESTAT:RAIL_GO_TOTAL(1.0),04/09/24 23:00:00,A,THS_T,LI,2013,1037,
ESTAT:RAIL_GO_TOTAL(1.0),04/09/24 23:00:00,A,THS_T,LI,2014,,c
ESTAT:RAIL_GO_TOTAL(1.0),04/09/24 23:00:00,A,THS_T,LI,2015,,c
ESTAT:RAIL_GO_TOTAL(1.0),04/09/24 23:00:00,A,THS_T,LI,2016,,c
ESTAT:RAIL_GO_TOTAL(1.0),04/09/24 23:00:00,A,THS_T,LI,2017,,c
ESTAT:RAIL_GO_TOTAL(1.0),04/09/24 23:00:00,A,THS_T,LI,2018,,c
ESTAT:RAIL_GO_TOTAL(1.0),04/09/24 23:00:00,A,THS_T,LI,2019,,c
ESTAT:RAIL_GO_TOTAL(1.0),04/09/24 23:00:00,A,THS_T,LI,2020,,c
ESTAT:RAIL_GO_TOTAL(1.0),04/09/24 23:00:00,A,THS_T,LI,2021,,c
ESTAT:RAIL_GO_TOTAL(1.0),04/09/24 23:00:00,A,THS_T,LI,2022,1216,
ESTAT:RAIL_GO_TOTAL(1.0),04/09/24 23:00:00,A,THS_T,LI,2023,1062,
ESTAT:RAIL_GO_TOTAL(1.0),04/09/24 23:00:00,A,THS_T,LT,2004,45555,
ESTAT:RAIL_GO_TOTAL(1.0),04/09/24 23:00:00,A,THS_T,LT,2005,49287,
ESTAT:RAIL_GO_TOTAL(1.0),04/09/24 23:00:00,A,THS_T,LT,2006,50225,
ESTAT:RAIL_GO_TOTAL(1.0),04/09/24 23:00:00,A,THS_T,LT,2007,53503,
ESTAT:RAIL_GO_TOTAL(1.0),04/09/24 23:00:00,A,THS_T,LT,2008,54970,
ESTAT:RAIL_GO_TOTAL(1.0),04/09/24 23:00:00,A,THS_T,LT,2009,42669,
ESTAT:RAIL_GO_TOTAL(1.0),04/09/24 23:00:00,A,THS_T,LT,2010,48061,
ESTAT:RAIL_GO_TOTAL(1.0),04/09/24 23:00:00,A,THS_T,LT,2011,52330,
ESTAT:RAIL_GO_TOTAL(1.0),04/09/24 23:00:00,A,THS_T,LT,2012,49377,
ESTAT:RAIL_GO_TOTAL(1.0),04/09/24 23:00:00,A,THS_T,LT,2013,48028,
ESTAT:RAIL_GO_TOTAL(1.0),04/09/24 23:00:00,A,THS_T,LT,2014,49000,
ESTAT:RAIL_GO_TOTAL(1.0),04/09/24 23:00:00,A,THS_T,LT,2015,48053,
ESTAT:RAIL_GO_TOTAL(1.0),04/09/24 23:00:00,A,THS_T,LT,2016,47651,
ESTAT:RAIL_GO_TOTAL(1.0),04/09/24 23:00:00,A,THS_T,LT,2017,52638,
ESTAT:RAIL_GO_TOTAL(1.0),04/09/24 23:00:00,A,THS_T,LT,2018,56776,
ESTAT:RAIL_GO_TOTAL(1.0),04/09/24 23:00:00,A,THS_T,LT,2019,55209,
ESTAT:RAIL_GO_TOTAL(1.0),04/09/24 23:00:00,A,THS_T,LT,2020,53430,
ESTAT:RAIL_GO_TOTAL(1.0),04/09/24 23:00:00,A,THS_T,LT,2021,51080,
ESTAT:RAIL_GO_TOTAL(1.0),04/09/24 23:00:00,A,THS_T,LT,2022,30977,
ESTAT:RAIL_GO_TOTAL(1.0),04/09/24 23:00:00,A,THS_T,LT,2023,27224,
ESTAT:RAIL_GO_TOTAL(1.0),04/09/24 23:00:00,A,THS_T,LU,2004,15757,
ESTAT:RAIL_GO_TOTAL(1.0),04/09/24 23:00:00,A,THS_T,LU,2005,10739,
ESTAT:RAIL_GO_TOTAL(1.0),04/09/24 23:00:00,A,THS_T,LU,2006,12133,
ESTAT:RAIL_GO_TOTAL(1.0),04/09/24 23:00:00,A,THS_T,LU,2007,16532,
ESTAT:RAIL_GO_TOTAL(1.0),04/09/24 23:00:00,A,THS_T,LU,2008,8548,
ESTAT:RAIL_GO_TOTAL(1.0),04/09/24 23:00:00,A,THS_T,LU,2009,6446,
ESTAT:RAIL_GO_TOTAL(1.0),04/09/24 23:00:00,A,THS_T,LU,2010,7626,
ESTAT:RAIL_GO_TOTAL(1.0),04/09/24 23:00:00,A,THS_T,LU,2011,6973,
ESTAT:RAIL_GO_TOTAL(1.0),04/09/24 23:00:00,A,THS_T,LU,2012,5442,
ESTAT:RAIL_GO_TOTAL(1.0),04/09/24 23:00:00,A,THS_T,LU,2013,5098,
ESTAT:RAIL_GO_TOTAL(1.0),04/09/24 23:00:00,A,THS_T,LU,2014,4573,
ESTAT:RAIL_GO_TOTAL(1.0),04/09/24 23:00:00,A,THS_T,LU,2015,5207,
ESTAT:RAIL_GO_TOTAL(1.0),04/09/24 23:00:00,A,THS_T,LU,2016,4482,
ESTAT:RAIL_GO_TOTAL(1.0),04/09/24 23:00:00,A,THS_T,LU,2017,4406,
ESTAT:RAIL_GO_TOTAL(1.0),04/09/24 23:00:00,A,THS_T,LU,2018,4585,
ESTAT:RAIL_GO_TOTAL(1.0),04/09/24 23:00:00,A,THS_T,LU,2019,4405,
ESTAT:RAIL_GO_TOTAL(1.0),04/09/24 23:00:00,A,THS_T,LU,2020,3627,
ESTAT:RAIL_GO_TOTAL(1.0),04/09/24 23:00:00,A,THS_T,LU,2021,3713,
ESTAT:RAIL_GO_TOTAL(1.0),04/09/24 23:00:00,A,THS_T,LU,2022,3464,
ESTAT:RAIL_GO_TOTAL(1.0),04/09/24 23:00:00,A,THS_T,LU,2023,3512,
ESTAT:RAIL_GO_TOTAL(1.0),04/09/24 23:00:00,A,THS_T,LV,2004,51058,
ESTAT:RAIL_GO_TOTAL(1.0),04/09/24 23:00:00,A,THS_T,LV,2005,54861,
ESTAT:RAIL_GO_TOTAL(1.0),04/09/24 23:00:00,A,THS_T,LV,2006,48731,
ESTAT:RAIL_GO_TOTAL(1.0),04/09/24 23:00:00,A,THS_T,LV,2007,52164,
ESTAT:RAIL_GO_TOTAL(1.0),04/09/24 23:00:00,A,THS_T,LV,2008,56061,
ESTAT:RAIL_GO_TOTAL(1.0),04/09/24 23:00:00,A,THS_T,LV,2009,53679,
ESTAT:RAIL_GO_TOTAL(1.0),04/09/24 23:00:00,A,THS_T,LV,2010,49164,
ESTAT:RAIL_GO_TOTAL(1.0),04/09/24 23:00:00,A,THS_T,LV,2011,59385,
ESTAT:RAIL_GO_TOTAL(1.0),04/09/24 23:00:00,A,THS_T,LV,2012,60601,
ESTAT:RAIL_GO_TOTAL(1.0),04/09/24 23:00:00,A,THS_T,LV,2013,55831,
ESTAT:RAIL_GO_TOTAL(1.0),04/09/24 23:00:00,A,THS_T,LV,2014,57039,
ESTAT:RAIL_GO_TOTAL(1.0),04/09/24 23:00:00,A,THS_T,LV,2015,55645,
ESTAT:RAIL_GO_TOTAL(1.0),04/09/24 23:00:00,A,THS_T,LV,2016,47819,
ESTAT:RAIL_GO_TOTAL(1.0),04/09/24 23:00:00,A,THS_T,LV,2017,43785,
ESTAT:RAIL_GO_TOTAL(1.0),04/09/24 23:00:00,A,THS_T,LV,2018,49260,
ESTAT:RAIL_GO_TOTAL(1.0),04/09/24 23:00:00,A,THS_T,LV,2019,41490,
ESTAT:RAIL_GO_TOTAL(1.0),04/09/24 23:00:00,A,THS_T,LV,2020,24056,
ESTAT:RAIL_GO_TOTAL(1.0),04/09/24 23:00:00,A,THS_T,LV,2021,21772,
ESTAT:RAIL_GO_TOTAL(1.0),04/09/24 23:00:00,A,THS_T,LV,2022,21305,
ESTAT:RAIL_GO_TOTAL(1.0),04/09/24 23:00:00,A,THS_T,LV,2023,15446,
ESTAT:RAIL_GO_TOTAL(1.0),04/09/24 23:00:00,A,THS_T,ME,2013,1050,
ESTAT:RAIL_GO_TOTAL(1.0),04/09/24 23:00:00,A,THS_T,ME,2014,903,
ESTAT:RAIL_GO_TOTAL(1.0),04/09/24 23:00:00,A,THS_T,ME,2015,987,
ESTAT:RAIL_GO_TOTAL(1.0),04/09/24 23:00:00,A,THS_T,ME,2016,1395,
ESTAT:RAIL_GO_TOTAL(1.0),04/09/24 23:00:00,A,THS_T,ME,2017,1603,
ESTAT:RAIL_GO_TOTAL(1.0),04/09/24 23:00:00,A,THS_T,ME,2018,966,
ESTAT:RAIL_GO_TOTAL(1.0),04/09/24 23:00:00,A,THS_T,ME,2019,1131,
ESTAT:RAIL_GO_TOTAL(1.0),04/09/24 23:00:00,A,THS_T,ME,2020,1154,
ESTAT:RAIL_GO_TOTAL(1.0),04/09/24 23:00:00,A,THS_T,ME,2022,1346,
ESTAT:RAIL_GO_TOTAL(1.0),04/09/24 23:00:00,A,THS_T,MK,2009,2929,
ESTAT:RAIL_GO_TOTAL(1.0),04/09/24 23:00:00,A,THS_T,MK,2010,3097,
ESTAT:RAIL_GO_TOTAL(1.0),04/09/24 23:00:00,A,THS_T,MK,2011,2770,
ESTAT:RAIL_GO_TOTAL(1.0),04/09/24 23:00:00,A,THS_T,MK,2012,2539,
ESTAT:RAIL_GO_TOTAL(1.0),04/09/24 23:00:00,A,THS_T,MK,2013,2283,
ESTAT:RAIL_GO_TOTAL(1.0),04/09/24 23:00:00,A,THS_T,MK,2014,2377,
ESTAT:RAIL_GO_TOTAL(1.0),04/09/24 23:00:00,A,THS_T,MK,2015,1566,
ESTAT:RAIL_GO_TOTAL(1.0),04/09/24 23:00:00,A,THS_T,MK,2016,1358,
ESTAT:RAIL_GO_TOTAL(1.0),04/09/24 23:00:00,A,THS_T,MK,2017,1558,
ESTAT:RAIL_GO_TOTAL(1.0),04/09/24 23:00:00,A,THS_T,MK,2018,1679,
ESTAT:RAIL_GO_TOTAL(1.0),04/09/24 23:00:00,A,THS_T,MK,2019,1839,
ESTAT:RAIL_GO_TOTAL(1.0),04/09/24 23:00:00,A,THS_T,MK,2020,1765,
ESTAT:RAIL_GO_TOTAL(1.0),04/09/24 23:00:00,A,THS_T,MK,2021,1963,
ESTAT:RAIL_GO_TOTAL(1.0),04/09/24 23:00:00,A,THS_T,MK,2022,1418,
ESTAT:RAIL_GO_TOTAL(1.0),04/09/24 23:00:00,A,THS_T,NL,2004,33709,
ESTAT:RAIL_GO_TOTAL(1.0),04/09/24 23:00:00,A,THS_T,NL,2005,35009,
ESTAT:RAIL_GO_TOTAL(1.0),04/09/24 23:00:00,A,THS_T,NL,2006,37267,
ESTAT:RAIL_GO_TOTAL(1.0),04/09/24 23:00:00,A,THS_T,NL,2007,40700,
ESTAT:RAIL_GO_TOTAL(1.0),04/09/24 23:00:00,A,THS_T,NL,2008,40569,
ESTAT:RAIL_GO_TOTAL(1.0),04/09/24 23:00:00,A,THS_T,NL,2009,33594,
ESTAT:RAIL_GO_TOTAL(1.0),04/09/24 23:00:00,A,THS_T,NL,2010,35536,
ESTAT:RAIL_GO_TOTAL(1.0),04/09/24 23:00:00,A,THS_T,NL,2011,39174,
ESTAT:RAIL_GO_TOTAL(1.0),04/09/24 23:00:00,A,THS_T,NL,2012,37627,
ESTAT:RAIL_GO_TOTAL(1.0),04/09/24 23:00:00,A,THS_T,NL,2013,38927,
ESTAT:RAIL_GO_TOTAL(1.0),04/09/24 23:00:00,A,THS_T,NL,2014,39367,
ESTAT:RAIL_GO_TOTAL(1.0),04/09/24 23:00:00,A,THS_T,NL,2015,41721,
ESTAT:RAIL_GO_TOTAL(1.0),04/09/24 23:00:00,A,THS_T,NL,2016,42615,
ESTAT:RAIL_GO_TOTAL(1.0),04/09/24 23:00:00,A,THS_T,NL,2017,41190,
ESTAT:RAIL_GO_TOTAL(1.0),04/09/24 23:00:00,A,THS_T,NL,2018,41558,
ESTAT:RAIL_GO_TOTAL(1.0),04/09/24 23:00:00,A,THS_T,NL,2019,42654,
ESTAT:RAIL_GO_TOTAL(1.0),04/09/24 23:00:00,A,THS_T,NL,2020,40017,
ESTAT:RAIL_GO_TOTAL(1.0),04/09/24 23:00:00,A,THS_T,NL,2021,42621,
ESTAT:RAIL_GO_TOTAL(1.0),04/09/24 23:00:00,A,THS_T,NL,2022,44469,
ESTAT:RAIL_GO_TOTAL(1.0),04/09/24 23:00:00,A,THS_T,NL,2023,39340,
ESTAT:RAIL_GO_TOTAL(1.0),04/09/24 23:00:00,A,THS_T,NO,2004,23168,
ESTAT:RAIL_GO_TOTAL(1.0),04/09/24 23:00:00,A,THS_T,NO,2005,25162,
ESTAT:RAIL_GO_TOTAL(1.0),04/09/24 23:00:00,A,THS_T,NO,2006,24802,
ESTAT:RAIL_GO_TOTAL(1.0),04/09/24 23:00:00,A,THS_T,NO,2007,25131,
ESTAT:RAIL_GO_TOTAL(1.0),04/09/24 23:00:00,A,THS_T,NO,2008,24787,
ESTAT:RAIL_GO_TOTAL(1.0),04/09/24 23:00:00,A,THS_T,NO,2009,22961,
ESTAT:RAIL_GO_TOTAL(1.0),04/09/24 23:00:00,A,THS_T,NO,2010,27229,
ESTAT:RAIL_GO_TOTAL(1.0),04/09/24 23:00:00,A,THS_T,NO,2011,28305,
ESTAT:RAIL_GO_TOTAL(1.0),04/09/24 23:00:00,A,THS_T,NO,2012,30273,
ESTAT:RAIL_GO_TOTAL(1.0),04/09/24 23:00:00,A,THS_T,NO,2013,31429,
ESTAT:RAIL_GO_TOTAL(1.0),04/09/24 23:00:00,A,THS_T,NO,2014,33393,
ESTAT:RAIL_GO_TOTAL(1.0),04/09/24 23:00:00,A,THS_T,NO,2015,31585,
ESTAT:RAIL_GO_TOTAL(1.0),04/09/24 23:00:00,A,THS_T,NO,2016,33260,
ESTAT:RAIL_GO_TOTAL(1.0),04/09/24 23:00:00,A,THS_T,NO,2017,34974,
ESTAT:RAIL_GO_TOTAL(1.0),04/09/24 23:00:00,A,THS_T,NO,2018,34981,
ESTAT:RAIL_GO_TOTAL(1.0),04/09/24 23:00:00,A,THS_T,NO,2019,34563,
ESTAT:RAIL_GO_TOTAL(1.0),04/09/24 23:00:00,A,THS_T,NO,2020,36822,
ESTAT:RAIL_GO_TOTAL(1.0),04/09/24 23:00:00,A,THS_T,NO,2021,37550,
ESTAT:RAIL_GO_TOTAL(1.0),04/09/24 23:00:00,A,THS_T,NO,2022,33496,
ESTAT:RAIL_GO_TOTAL(1.0),04/09/24 23:00:00,A,THS_T,NO,2023,32235,
ESTAT:RAIL_GO_TOTAL(1.0),04/09/24 23:00:00,A,THS_T,PL,2004,282919,
ESTAT:RAIL_GO_TOTAL(1.0),04/09/24 23:00:00,A,THS_T,PL,2005,269553,
ESTAT:RAIL_GO_TOTAL(1.0),04/09/24 23:00:00,A,THS_T,PL,2006,291394,
ESTAT:RAIL_GO_TOTAL(1.0),04/09/24 23:00:00,A,THS_T,PL,2007,245307,
ESTAT:RAIL_GO_TOTAL(1.0),04/09/24 23:00:00,A,THS_T,PL,2008,248860,
ESTAT:RAIL_GO_TOTAL(1.0),04/09/24 23:00:00,A,THS_T,PL,2009,200819,
ESTAT:RAIL_GO_TOTAL(1.0),04/09/24 23:00:00,A,THS_T,PL,2010,216767,
ESTAT:RAIL_GO_TOTAL(1.0),04/09/24 23:00:00,A,THS_T,PL,2011,248606,
ESTAT:RAIL_GO_TOTAL(1.0),04/09/24 23:00:00,A,THS_T,PL,2012,230878,
ESTAT:RAIL_GO_TOTAL(1.0),04/09/24 23:00:00,A,THS_T,PL,2013,232596,
ESTAT:RAIL_GO_TOTAL(1.0),04/09/24 23:00:00,A,THS_T,PL,2014,227820,
ESTAT:RAIL_GO_TOTAL(1.0),04/09/24 23:00:00,A,THS_T,PL,2015,224320,
ESTAT:RAIL_GO_TOTAL(1.0),04/09/24 23:00:00,A,THS_T,PL,2016,222523,
ESTAT:RAIL_GO_TOTAL(1.0),04/09/24 23:00:00,A,THS_T,PL,2017,239501,
ESTAT:RAIL_GO_TOTAL(1.0),04/09/24 23:00:00,A,THS_T,PL,2018,249260,
ESTAT:RAIL_GO_TOTAL(1.0),04/09/24 23:00:00,A,THS_T,PL,2019,233744,
ESTAT:RAIL_GO_TOTAL(1.0),04/09/24 23:00:00,A,THS_T,PL,2020,218381,
ESTAT:RAIL_GO_TOTAL(1.0),04/09/24 23:00:00,A,THS_T,PL,2021,237915,
ESTAT:RAIL_GO_TOTAL(1.0),04/09/24 23:00:00,A,THS_T,PL,2022,237587,
ESTAT:RAIL_GO_TOTAL(1.0),04/09/24 23:00:00,A,THS_T,PL,2023,229935,
ESTAT:RAIL_GO_TOTAL(1.0),04/09/24 23:00:00,A,THS_T,PT,2004,9559,
ESTAT:RAIL_GO_TOTAL(1.0),04/09/24 23:00:00,A,THS_T,PT,2005,9587,
ESTAT:RAIL_GO_TOTAL(1.0),04/09/24 23:00:00,A,THS_T,PT,2006,9775,
ESTAT:RAIL_GO_TOTAL(1.0),04/09/24 23:00:00,A,THS_T,PT,2007,10556,
ESTAT:RAIL_GO_TOTAL(1.0),04/09/24 23:00:00,A,THS_T,PT,2008,10426,
ESTAT:RAIL_GO_TOTAL(1.0),04/09/24 23:00:00,A,THS_T,PT,2009,8947,
ESTAT:RAIL_GO_TOTAL(1.0),04/09/24 23:00:00,A,THS_T,PT,2010,10094,
ESTAT:RAIL_GO_TOTAL(1.0),04/09/24 23:00:00,A,THS_T,PT,2011,9975,
ESTAT:RAIL_GO_TOTAL(1.0),04/09/24 23:00:00,A,THS_T,PT,2012,9701,
ESTAT:RAIL_GO_TOTAL(1.0),04/09/24 23:00:00,A,THS_T,PT,2013,9291,
ESTAT:RAIL_GO_TOTAL(1.0),04/09/24 23:00:00,A,THS_T,PT,2014,10276,
ESTAT:RAIL_GO_TOTAL(1.0),04/09/24 23:00:00,A,THS_T,PT,2015,11108,
ESTAT:RAIL_GO_TOTAL(1.0),04/09/24 23:00:00,A,THS_T,PT,2016,10259,
ESTAT:RAIL_GO_TOTAL(1.0),04/09/24 23:00:00,A,THS_T,PT,2017,10453,
ESTAT:RAIL_GO_TOTAL(1.0),04/09/24 23:00:00,A,THS_T,PT,2018,10221,
ESTAT:RAIL_GO_TOTAL(1.0),04/09/24 23:00:00,A,THS_T,PT,2019,9365,
ESTAT:RAIL_GO_TOTAL(1.0),04/09/24 23:00:00,A,THS_T,PT,2020,8426,
ESTAT:RAIL_GO_TOTAL(1.0),04/09/24 23:00:00,A,THS_T,PT,2021,9057,
ESTAT:RAIL_GO_TOTAL(1.0),04/09/24 23:00:00,A,THS_T,PT,2022,8366,
ESTAT:RAIL_GO_TOTAL(1.0),04/09/24 23:00:00,A,THS_T,PT,2023,8555,
ESTAT:RAIL_GO_TOTAL(1.0),04/09/24 23:00:00,A,THS_T,RO,2004,72738,
ESTAT:RAIL_GO_TOTAL(1.0),04/09/24 23:00:00,A,THS_T,RO,2005,69176,
ESTAT:RAIL_GO_TOTAL(1.0),04/09/24 23:00:00,A,THS_T,RO,2006,68312,
ESTAT:RAIL_GO_TOTAL(1.0),04/09/24 23:00:00,A,THS_T,RO,2007,68772,
ESTAT:RAIL_GO_TOTAL(1.0),04/09/24 23:00:00,A,THS_T,RO,2008,66711,
ESTAT:RAIL_GO_TOTAL(1.0),04/09/24 23:00:00,A,THS_T,RO,2009,50595,
ESTAT:RAIL_GO_TOTAL(1.0),04/09/24 23:00:00,A,THS_T,RO,2010,52932,
ESTAT:RAIL_GO_TOTAL(1.0),04/09/24 23:00:00,A,THS_T,RO,2011,60723,
ESTAT:RAIL_GO_TOTAL(1.0),04/09/24 23:00:00,A,THS_T,RO,2012,55755,
ESTAT:RAIL_GO_TOTAL(1.0),04/09/24 23:00:00,A,THS_T,RO,2013,50348,
ESTAT:RAIL_GO_TOTAL(1.0),04/09/24 23:00:00,A,THS_T,RO,2014,50739,
ESTAT:RAIL_GO_TOTAL(1.0),04/09/24 23:00:00,A,THS_T,RO,2015,55306,
ESTAT:RAIL_GO_TOTAL(1.0),04/09/24 23:00:00,A,THS_T,RO,2016,52618,
ESTAT:RAIL_GO_TOTAL(1.0),04/09/24 23:00:00,A,THS_T,RO,2017,56083,
ESTAT:RAIL_GO_TOTAL(1.0),04/09/24 23:00:00,A,THS_T,RO,2018,55429,
ESTAT:RAIL_GO_TOTAL(1.0),04/09/24 23:00:00,A,THS_T,RO,2019,58808,
ESTAT:RAIL_GO_TOTAL(1.0),04/09/24 23:00:00,A,THS_T,RO,2020,49670,
ESTAT:RAIL_GO_TOTAL(1.0),04/09/24 23:00:00,A,THS_T,RO,2021,57424,
ESTAT:RAIL_GO_TOTAL(1.0),04/09/24 23:00:00,A,THS_T,RO,2022,55188,
ESTAT:RAIL_GO_TOTAL(1.0),04/09/24 23:00:00,A,THS_T,RO,2023,48867,
ESTAT:RAIL_GO_TOTAL(1.0),04/09/24 23:00:00,A,THS_T,SE,2004,60157,
ESTAT:RAIL_GO_TOTAL(1.0),04/09/24 23:00:00,A,THS_T,SE,2005,63198,
ESTAT:RAIL_GO_TOTAL(1.0),04/09/24 23:00:00,A,THS_T,SE,2006,64944,
ESTAT:RAIL_GO_TOTAL(1.0),04/09/24 23:00:00,A,THS_T,SE,2007,67809,
ESTAT:RAIL_GO_TOTAL(1.0),04/09/24 23:00:00,A,THS_T,SE,2008,65632,
ESTAT:RAIL_GO_TOTAL(1.0),04/09/24 23:00:00,A,THS_T,SE,2009,56466,
ESTAT:RAIL_GO_TOTAL(1.0),04/09/24 23:00:00,A,THS_T,SE,2010,68329,
ESTAT:RAIL_GO_TOTAL(1.0),04/09/24 23:00:00,A,THS_T,SE,2011,67907,
ESTAT:RAIL_GO_TOTAL(1.0),04/09/24 23:00:00,A,THS_T,SE,2012,65789,
ESTAT:RAIL_GO_TOTAL(1.0),04/09/24 23:00:00,A,THS_T,SE,2013,67047,
ESTAT:RAIL_GO_TOTAL(1.0),04/09/24 23:00:00,A,THS_T,SE,2014,68035,
ESTAT:RAIL_GO_TOTAL(1.0),04/09/24 23:00:00,A,THS_T,SE,2015,64999,
ESTAT:RAIL_GO_TOTAL(1.0),04/09/24 23:00:00,A,THS_T,SE,2016,67479,
ESTAT:RAIL_GO_TOTAL(1.0),04/09/24 23:00:00,A,THS_T,SE,2017,69350,
ESTAT:RAIL_GO_TOTAL(1.0),04/09/24 23:00:00,A,THS_T,SE,2018,69123,
ESTAT:RAIL_GO_TOTAL(1.0),04/09/24 23:00:00,A,THS_T,SE,2019,68220,
ESTAT:RAIL_GO_TOTAL(1.0),04/09/24 23:00:00,A,THS_T,SE,2020,69805,
ESTAT:RAIL_GO_TOTAL(1.0),04/09/24 23:00:00,A,THS_T,SE,2021,72458,
ESTAT:RAIL_GO_TOTAL(1.0),04/09/24 23:00:00,A,THS_T,SE,2022,70942,
ESTAT:RAIL_GO_TOTAL(1.0),04/09/24 23:00:00,A,THS_T,SE,2023,68293,
ESTAT:RAIL_GO_TOTAL(1.0),04/09/24 23:00:00,A,THS_T,SI,2004,16193,
ESTAT:RAIL_GO_TOTAL(1.0),04/09/24 23:00:00,A,THS_T,SI,2005,16344,
ESTAT:RAIL_GO_TOTAL(1.0),04/09/24 23:00:00,A,THS_T,SI,2006,17052,
ESTAT:RAIL_GO_TOTAL(1.0),04/09/24 23:00:00,A,THS_T,SI,2007,17575,
ESTAT:RAIL_GO_TOTAL(1.0),04/09/24 23:00:00,A,THS_T,SI,2008,17271,
ESTAT:RAIL_GO_TOTAL(1.0),04/09/24 23:00:00,A,THS_T,SI,2009,13774,
ESTAT:RAIL_GO_TOTAL(1.0),04/09/24 23:00:00,A,THS_T,SI,2010,16234,
ESTAT:RAIL_GO_TOTAL(1.0),04/09/24 23:00:00,A,THS_T,SI,2011,17024,
ESTAT:RAIL_GO_TOTAL(1.0),04/09/24 23:00:00,A,THS_T,SI,2012,15828,
ESTAT:RAIL_GO_TOTAL(1.0),04/09/24 23:00:00,A,THS_T,SI,2013,17156,
ESTAT:RAIL_GO_TOTAL(1.0),04/09/24 23:00:00,A,THS_T,SI,2014,17989,
ESTAT:RAIL_GO_TOTAL(1.0),04/09/24 23:00:00,A,THS_T,SI,2015,17832,
ESTAT:RAIL_GO_TOTAL(1.0),04/09/24 23:00:00,A,THS_T,SI,2016,18595,
ESTAT:RAIL_GO_TOTAL(1.0),04/09/24 23:00:00,A,THS_T,SI,2017,21275,
ESTAT:RAIL_GO_TOTAL(1.0),04/09/24 23:00:00,A,THS_T,SI,2018,21316,
ESTAT:RAIL_GO_TOTAL(1.0),04/09/24 23:00:00,A,THS_T,SI,2019,21902,
ESTAT:RAIL_GO_TOTAL(1.0),04/09/24 23:00:00,A,THS_T,SI,2020,19398,
ESTAT:RAIL_GO_TOTAL(1.0),04/09/24 23:00:00,A,THS_T,SI,2021,20339,
ESTAT:RAIL_GO_TOTAL(1.0),04/09/24 23:00:00,A,THS_T,SI,2022,20459,
ESTAT:RAIL_GO_TOTAL(1.0),04/09/24 23:00:00,A,THS_T,SI,2023,19160,
ESTAT:RAIL_GO_TOTAL(1.0),04/09/24 23:00:00,A,THS_T,SK,2004,50445,
ESTAT:RAIL_GO_TOTAL(1.0),04/09/24 23:00:00,A,THS_T,SK,2005,49310,
ESTAT:RAIL_GO_TOTAL(1.0),04/09/24 23:00:00,A,THS_T,SK,2006,52449,
ESTAT:RAIL_GO_TOTAL(1.0),04/09/24 23:00:00,A,THS_T,SK,2007,51813,
ESTAT:RAIL_GO_TOTAL(1.0),04/09/24 23:00:00,A,THS_T,SK,2008,47910,
ESTAT:RAIL_GO_TOTAL(1.0),04/09/24 23:00:00,A,THS_T,SK,2009,37603,
ESTAT:RAIL_GO_TOTAL(1.0),04/09/24 23:00:00,A,THS_T,SK,2010,44327,
ESTAT:RAIL_GO_TOTAL(1.0),04/09/24 23:00:00,A,THS_T,SK,2011,43711,
ESTAT:RAIL_GO_TOTAL(1.0),04/09/24 23:00:00,A,THS_T,SK,2012,42599,
ESTAT:RAIL_GO_TOTAL(1.0),04/09/24 23:00:00,A,THS_T,SK,2013,48401,
ESTAT:RAIL_GO_TOTAL(1.0),04/09/24 23:00:00,A,THS_T,SK,2014,50997,
ESTAT:RAIL_GO_TOTAL(1.0),04/09/24 23:00:00,A,THS_T,SK,2015,47358,
ESTAT:RAIL_GO_TOTAL(1.0),04/09/24 23:00:00,A,THS_T,SK,2016,47548,
ESTAT:RAIL_GO_TOTAL(1.0),04/09/24 23:00:00,A,THS_T,SK,2017,47760,
ESTAT:RAIL_GO_TOTAL(1.0),04/09/24 23:00:00,A,THS_T,SK,2018,49642,
ESTAT:RAIL_GO_TOTAL(1.0),04/09/24 23:00:00,A,THS_T,SK,2019,46413,
ESTAT:RAIL_GO_TOTAL(1.0),04/09/24 23:00:00,A,THS_T,SK,2020,41572,
ESTAT:RAIL_GO_TOTAL(1.0),04/09/24 23:00:00,A,THS_T,SK,2021,49944,
ESTAT:RAIL_GO_TOTAL(1.0),04/09/24 23:00:00,A,THS_T,SK,2022,46712,
ESTAT:RAIL_GO_TOTAL(1.0),04/09/24 23:00:00,A,THS_T,SK,2023,44304,
ESTAT:RAIL_GO_TOTAL(1.0),04/09/24 23:00:00,A,THS_T,TR,2004,17708,
ESTAT:RAIL_GO_TOTAL(1.0),04/09/24 23:00:00,A,THS_T,TR,2005,18946,
ESTAT:RAIL_GO_TOTAL(1.0),04/09/24 23:00:00,A,THS_T,TR,2006,19745,
ESTAT:RAIL_GO_TOTAL(1.0),04/09/24 23:00:00,A,THS_T,TR,2007,20849,
ESTAT:RAIL_GO_TOTAL(1.0),04/09/24 23:00:00,A,THS_T,TR,2008,22870,
ESTAT:RAIL_GO_TOTAL(1.0),04/09/24 23:00:00,A,THS_T,TR,2009,21270,
ESTAT:RAIL_GO_TOTAL(1.0),04/09/24 23:00:00,A,THS_T,TR,2010,23816,
ESTAT:RAIL_GO_TOTAL(1.0),04/09/24 23:00:00,A,THS_T,TR,2011,24753,
ESTAT:RAIL_GO_TOTAL(1.0),04/09/24 23:00:00,A,THS_T,TR,2012,24887,
ESTAT:RAIL_GO_TOTAL(1.0),04/09/24 23:00:00,A,THS_T,TR,2013,25053,
ESTAT:RAIL_GO_TOTAL(1.0),04/09/24 23:00:00,A,THS_T,TR,2014,26764,
ESTAT:RAIL_GO_TOTAL(1.0),04/09/24 23:00:00,A,THS_T,TR,2015,24286,
ESTAT:RAIL_GO_TOTAL(1.0),04/09/24 23:00:00,A,THS_T,TR,2016,24546,
ESTAT:RAIL_GO_TOTAL(1.0),04/09/24 23:00:00,A,THS_T,TR,2017,28287,
ESTAT:RAIL_GO_TOTAL(1.0),04/09/24 23:00:00,A,THS_T,TR,2018,28484,
ESTAT:RAIL_GO_TOTAL(1.0),04/09/24 23:00:00,A,THS_T,TR,2019,33285,
ESTAT:RAIL_GO_TOTAL(1.0),04/09/24 23:00:00,A,THS_T,TR,2020,34374,
ESTAT:RAIL_GO_TOTAL(1.0),04/09/24 23:00:00,A,THS_T,TR,2021,38155,
ESTAT:RAIL_GO_TOTAL(1.0),04/09/24 23:00:00,A,THS_T,TR,2022,38670,
ESTAT:RAIL_GO_TOTAL(1.0),04/09/24 23:00:00,A,THS_T,TR,2023,32195,
ESTAT:RAIL_GO_TOTAL(1.0),04/09/24 23:00:00,A,THS_T,UA,2021,314333,
ESTAT:RAIL_GO_TOTAL(1.0),04/09/24 23:00:00,A,THS_T,UK,2004,118561,
ESTAT:RAIL_GO_TOTAL(1.0),04/09/24 23:00:00,A,THS_T,UK,2005,103263,
ESTAT:RAIL_GO_TOTAL(1.0),04/09/24 23:00:00,A,THS_T,UK,2006,109194,
ESTAT:RAIL_GO_TOTAL(1.0),04/09/24 23:00:00,A,THS_T,UK,2007,104383,
ESTAT:RAIL_GO_TOTAL(1.0),04/09/24 23:00:00,A,THS_T,UK,2008,103180,
ESTAT:RAIL_GO_TOTAL(1.0),04/09/24 23:00:00,A,THS_T,UK,2009,87666,
ESTAT:RAIL_GO_TOTAL(1.0),04/09/24 23:00:00,A,THS_T,UK,2010,89241,
ESTAT:RAIL_GO_TOTAL(1.0),04/09/24 23:00:00,A,THS_T,UK,2011,100364,
ESTAT:RAIL_GO_TOTAL(1.0),04/09/24 23:00:00,A,THS_T,UK,2012,115225,
ESTAT:RAIL_GO_TOTAL(1.0),04/09/24 23:00:00,A,THS_T,UK,2013,117769,
ESTAT:RAIL_GO_TOTAL(1.0),04/09/24 23:00:00,A,THS_T,UK,2014,108531,
ESTAT:RAIL_GO_TOTAL(1.0),04/09/24 23:00:00,A,THS_T,UK,2015,96821,
ESTAT:RAIL_GO_TOTAL(1.0),04/09/24 23:00:00,A,THS_T,UK,2016,78549,
ESTAT:RAIL_GO_TOTAL(1.0),04/09/24 23:00:00,A,THS_T,UK,2017,76393,
ESTAT:RAIL_GO_TOTAL(1.0),04/09/24 23:00:00,A,THS_T,UK,2018,75399,
ESTAT:RAIL_GO_TOTAL(1.0),04/09/24 23:00:00,A,THS_T,UK,2019,71053,
