DATAFLOW,LAST UPDATE,freq,lvlcros,geo,unit,TIME_PERIOD,OBS_VALUE,OBS_FLAG
ESTAT:RAIL_IF_LVLCROS(1.0),30/01/24 23:00:00,A,ACT,AT,NR,2010,1935,
ESTAT:RAIL_IF_LVLCROS(1.0),30/01/24 23:00:00,A,ACT,AT,NR,2011,1900,
ESTAT:RAIL_IF_LVLCROS(1.0),30/01/24 23:00:00,A,ACT,AT,NR,2012,1886,
ESTAT:RAIL_IF_LVLCROS(1.0),30/01/24 23:00:00,A,ACT,AT,NR,2013,1897,
ESTAT:RAIL_IF_LVLCROS(1.0),30/01/24 23:00:00,A,ACT,AT,NR,2014,1881,
ESTAT:RAIL_IF_LVLCROS(1.0),30/01/24 23:00:00,A,ACT,AT,NR,2015,1903,
ESTAT:RAIL_IF_LVLCROS(1.0),30/01/24 23:00:00,A,ACT,AT,NR,2016,1877,
ESTAT:RAIL_IF_LVLCROS(1.0),30/01/24 23:00:00,A,ACT,AT,NR,2017,1869,
ESTAT:RAIL_IF_LVLCROS(1.0),30/01/24 23:00:00,A,ACT,AT,NR,2018,1921,
ESTAT:RAIL_IF_LVLCROS(1.0),30/01/24 23:00:00,A,ACT,AT,NR,2019,1954,
ESTAT:RAIL_IF_LVLCROS(1.0),30/01/24 23:00:00,A,ACT,AT,NR,2020,1892,
ESTAT:RAIL_IF_LVLCROS(1.0),30/01/24 23:00:00,A,ACT,AT,NR,2021,1856,
ESTAT:RAIL_IF_LVLCROS(1.0),30/01/24 23:00:00,A,ACT,AT,NR,2022,1843,
ESTAT:RAIL_IF_LVLCROS(1.0),30/01/24 23:00:00,A,ACT,BE,NR,2010,1611,
ESTAT:RAIL_IF_LVLCROS(1.0),30/01/24 23:00:00,A,ACT,BE,NR,2011,1595,
ESTAT:RAIL_IF_LVLCROS(1.0),30/01/24 23:00:00,A,ACT,BE,NR,2012,1590,
ESTAT:RAIL_IF_LVLCROS(1.0),30/01/24 23:00:00,A,ACT,BE,NR,2013,1581,
ESTAT:RAIL_IF_LVLCROS(1.0),30/01/24 23:00:00,A,ACT,BE,NR,2014,1554,
ESTAT:RAIL_IF_LVLCROS(1.0),30/01/24 23:00:00,A,ACT,BE,NR,2015,1530,
ESTAT:RAIL_IF_LVLCROS(1.0),30/01/24 23:00:00,A,ACT,BE,NR,2016,1514,
ESTAT:RAIL_IF_LVLCROS(1.0),30/01/24 23:00:00,A,ACT,BE,NR,2017,1503,
ESTAT:RAIL_IF_LVLCROS(1.0),30/01/24 23:00:00,A,ACT,BE,NR,2018,1488,
ESTAT:RAIL_IF_LVLCROS(1.0),30/01/24 23:00:00,A,ACT,BE,NR,2019,1476,
ESTAT:RAIL_IF_LVLCROS(1.0),30/01/24 23:00:00,A,ACT,BE,NR,2020,1452,
ESTAT:RAIL_IF_LVLCROS(1.0),30/01/24 23:00:00,A,ACT,BE,NR,2021,1443,
ESTAT:RAIL_IF_LVLCROS(1.0),30/01/24 23:00:00,A,ACT,BE,NR,2022,1426,
ESTAT:RAIL_IF_LVLCROS(1.0),30/01/24 23:00:00,A,ACT,BG,NR,2010,669,
ESTAT:RAIL_IF_LVLCROS(1.0),30/01/24 23:00:00,A,ACT,BG,NR,2011,654,
ESTAT:RAIL_IF_LVLCROS(1.0),30/01/24 23:00:00,A,ACT,BG,NR,2012,646,
ESTAT:RAIL_IF_LVLCROS(1.0),30/01/24 23:00:00,A,ACT,BG,NR,2013,648,
ESTAT:RAIL_IF_LVLCROS(1.0),30/01/24 23:00:00,A,ACT,BG,NR,2014,632,
ESTAT:RAIL_IF_LVLCROS(1.0),30/01/24 23:00:00,A,ACT,BG,NR,2015,626,
ESTAT:RAIL_IF_LVLCROS(1.0),30/01/24 23:00:00,A,ACT,BG,NR,2016,622,
ESTAT:RAIL_IF_LVLCROS(1.0),30/01/24 23:00:00,A,ACT,BG,NR,2017,609,
ESTAT:RAIL_IF_LVLCROS(1.0),30/01/24 23:00:00,A,ACT,BG,NR,2018,607,
ESTAT:RAIL_IF_LVLCROS(1.0),30/01/24 23:00:00,A,ACT,BG,NR,2019,607,
ESTAT:RAIL_IF_LVLCROS(1.0),30/01/24 23:00:00,A,ACT,BG,NR,2020,604,
ESTAT:RAIL_IF_LVLCROS(1.0),30/01/24 23:00:00,A,ACT,BG,NR,2021,603,
ESTAT:RAIL_IF_LVLCROS(1.0),30/01/24 23:00:00,A,ACT,BG,NR,2022,597,
ESTAT:RAIL_IF_LVLCROS(1.0),30/01/24 23:00:00,A,ACT,CH,NR,2009,1309,
ESTAT:RAIL_IF_LVLCROS(1.0),30/01/24 23:00:00,A,ACT,CH,NR,2010,1345,
ESTAT:RAIL_IF_LVLCROS(1.0),30/01/24 23:00:00,A,ACT,CH,NR,2011,1377,
ESTAT:RAIL_IF_LVLCROS(1.0),30/01/24 23:00:00,A,ACT,CH,NR,2012,1355,
ESTAT:RAIL_IF_LVLCROS(1.0),30/01/24 23:00:00,A,ACT,CH,NR,2013,1375,
ESTAT:RAIL_IF_LVLCROS(1.0),30/01/24 23:00:00,A,ACT,CH,NR,2014,141,
ESTAT:RAIL_IF_LVLCROS(1.0),30/01/24 23:00:00,A,ACT,CH,NR,2015,1402,
ESTAT:RAIL_IF_LVLCROS(1.0),30/01/24 23:00:00,A,ACT,CH,NR,2016,1403,
ESTAT:RAIL_IF_LVLCROS(1.0),30/01/24 23:00:00,A,ACT,CH,NR,2017,1403,
ESTAT:RAIL_IF_LVLCROS(1.0),30/01/24 23:00:00,A,ACT,CH,NR,2018,1401,
ESTAT:RAIL_IF_LVLCROS(1.0),30/01/24 23:00:00,A,ACT,CH,NR,2019,1396,
ESTAT:RAIL_IF_LVLCROS(1.0),30/01/24 23:00:00,A,ACT,CH,NR,2020,1401,
ESTAT:RAIL_IF_LVLCROS(1.0),30/01/24 23:00:00,A,ACT,CH,NR,2021,1403,
ESTAT:RAIL_IF_LVLCROS(1.0),30/01/24 23:00:00,A,ACT,CH,NR,2022,1402,
ESTAT:RAIL_IF_LVLCROS(1.0),30/01/24 23:00:00,A,ACT,CZ,NR,2010,3818,
ESTAT:RAIL_IF_LVLCROS(1.0),30/01/24 23:00:00,A,ACT,CZ,NR,2011,3735,
ESTAT:RAIL_IF_LVLCROS(1.0),30/01/24 23:00:00,A,ACT,CZ,NR,2012,3735,
ESTAT:RAIL_IF_LVLCROS(1.0),30/01/24 23:00:00,A,ACT,CZ,NR,2013,3743,
ESTAT:RAIL_IF_LVLCROS(1.0),30/01/24 23:00:00,A,ACT,CZ,NR,2014,3749,
ESTAT:RAIL_IF_LVLCROS(1.0),30/01/24 23:00:00,A,ACT,CZ,NR,2015,3892,
ESTAT:RAIL_IF_LVLCROS(1.0),30/01/24 23:00:00,A,ACT,CZ,NR,2016,4023,
ESTAT:RAIL_IF_LVLCROS(1.0),30/01/24 23:00:00,A,ACT,CZ,NR,2017,4146,
ESTAT:RAIL_IF_LVLCROS(1.0),30/01/24 23:00:00,A,ACT,CZ,NR,2018,4205,
ESTAT:RAIL_IF_LVLCROS(1.0),30/01/24 23:00:00,A,ACT,CZ,NR,2019,4251,
ESTAT:RAIL_IF_LVLCROS(1.0),30/01/24 23:00:00,A,ACT,CZ,NR,2020,4272,
ESTAT:RAIL_IF_LVLCROS(1.0),30/01/24 23:00:00,A,ACT,CZ,NR,2021,4337,
ESTAT:RAIL_IF_LVLCROS(1.0),30/01/24 23:00:00,A,ACT,CZ,NR,2022,4360,
ESTAT:RAIL_IF_LVLCROS(1.0),30/01/24 23:00:00,A,ACT,DE,NR,2010,10313,
ESTAT:RAIL_IF_LVLCROS(1.0),30/01/24 23:00:00,A,ACT,DE,NR,2011,9925,
ESTAT:RAIL_IF_LVLCROS(1.0),30/01/24 23:00:00,A,ACT,DE,NR,2012,9869,
ESTAT:RAIL_IF_LVLCROS(1.0),30/01/24 23:00:00,A,ACT,DE,NR,2013,9920,
ESTAT:RAIL_IF_LVLCROS(1.0),30/01/24 23:00:00,A,ACT,DE,NR,2014,9844,
ESTAT:RAIL_IF_LVLCROS(1.0),30/01/24 23:00:00,A,ACT,DE,NR,2015,9847,
ESTAT:RAIL_IF_LVLCROS(1.0),30/01/24 23:00:00,A,ACT,DE,NR,2016,9775,
ESTAT:RAIL_IF_LVLCROS(1.0),30/01/24 23:00:00,A,ACT,DE,NR,2017,9782,
ESTAT:RAIL_IF_LVLCROS(1.0),30/01/24 23:00:00,A,ACT,DE,NR,2018,9734,
ESTAT:RAIL_IF_LVLCROS(1.0),30/01/24 23:00:00,A,ACT,DE,NR,2019,9722,
ESTAT:RAIL_IF_LVLCROS(1.0),30/01/24 23:00:00,A,ACT,DE,NR,2020,9667,
ESTAT:RAIL_IF_LVLCROS(1.0),30/01/24 23:00:00,A,ACT,DE,NR,2021,9688,
ESTAT:RAIL_IF_LVLCROS(1.0),30/01/24 23:00:00,A,ACT,DE,NR,2022,9694,
ESTAT:RAIL_IF_LVLCROS(1.0),30/01/24 23:00:00,A,ACT,DK,NR,2010,722,
ESTAT:RAIL_IF_LVLCROS(1.0),30/01/24 23:00:00,A,ACT,DK,NR,2011,865,
ESTAT:RAIL_IF_LVLCROS(1.0),30/01/24 23:00:00,A,ACT,DK,NR,2012,806,
ESTAT:RAIL_IF_LVLCROS(1.0),30/01/24 23:00:00,A,ACT,DK,NR,2013,933,
ESTAT:RAIL_IF_LVLCROS(1.0),30/01/24 23:00:00,A,ACT,DK,NR,2014,924,
ESTAT:RAIL_IF_LVLCROS(1.0),30/01/24 23:00:00,A,ACT,DK,NR,2015,811,
ESTAT:RAIL_IF_LVLCROS(1.0),30/01/24 23:00:00,A,ACT,DK,NR,2016,811,
ESTAT:RAIL_IF_LVLCROS(1.0),30/01/24 23:00:00,A,ACT,DK,NR,2017,941,
ESTAT:RAIL_IF_LVLCROS(1.0),30/01/24 23:00:00,A,ACT,DK,NR,2018,814,
ESTAT:RAIL_IF_LVLCROS(1.0),30/01/24 23:00:00,A,ACT,DK,NR,2019,795,
ESTAT:RAIL_IF_LVLCROS(1.0),30/01/24 23:00:00,A,ACT,DK,NR,2020,741,
ESTAT:RAIL_IF_LVLCROS(1.0),30/01/24 23:00:00,A,ACT,DK,NR,2021,765,
ESTAT:RAIL_IF_LVLCROS(1.0),30/01/24 23:00:00,A,ACT,DK,NR,2022,743,
ESTAT:RAIL_IF_LVLCROS(1.0),30/01/24 23:00:00,A,ACT,EE,NR,2010,164,
ESTAT:RAIL_IF_LVLCROS(1.0),30/01/24 23:00:00,A,ACT,EE,NR,2011,165,
ESTAT:RAIL_IF_LVLCROS(1.0),30/01/24 23:00:00,A,ACT,EE,NR,2012,165,
ESTAT:RAIL_IF_LVLCROS(1.0),30/01/24 23:00:00,A,ACT,EE,NR,2013,165,
ESTAT:RAIL_IF_LVLCROS(1.0),30/01/24 23:00:00,A,ACT,EE,NR,2014,168,
ESTAT:RAIL_IF_LVLCROS(1.0),30/01/24 23:00:00,A,ACT,EE,NR,2015,166,
ESTAT:RAIL_IF_LVLCROS(1.0),30/01/24 23:00:00,A,ACT,EE,NR,2016,166,
ESTAT:RAIL_IF_LVLCROS(1.0),30/01/24 23:00:00,A,ACT,EE,NR,2017,166,
ESTAT:RAIL_IF_LVLCROS(1.0),30/01/24 23:00:00,A,ACT,EE,NR,2018,166,
ESTAT:RAIL_IF_LVLCROS(1.0),30/01/24 23:00:00,A,ACT,EE,NR,2019,157,
ESTAT:RAIL_IF_LVLCROS(1.0),30/01/24 23:00:00,A,ACT,EE,NR,2020,165,
ESTAT:RAIL_IF_LVLCROS(1.0),30/01/24 23:00:00,A,ACT,EE,NR,2021,176,
ESTAT:RAIL_IF_LVLCROS(1.0),30/01/24 23:00:00,A,ACT,EE,NR,2022,178,
ESTAT:RAIL_IF_LVLCROS(1.0),30/01/24 23:00:00,A,ACT,EL,NR,2010,817,
ESTAT:RAIL_IF_LVLCROS(1.0),30/01/24 23:00:00,A,ACT,EL,NR,2011,723,
ESTAT:RAIL_IF_LVLCROS(1.0),30/01/24 23:00:00,A,ACT,EL,NR,2012,806,
ESTAT:RAIL_IF_LVLCROS(1.0),30/01/24 23:00:00,A,ACT,EL,NR,2013,779,
ESTAT:RAIL_IF_LVLCROS(1.0),30/01/24 23:00:00,A,ACT,EL,NR,2014,760,
ESTAT:RAIL_IF_LVLCROS(1.0),30/01/24 23:00:00,A,ACT,EL,NR,2015,749,
ESTAT:RAIL_IF_LVLCROS(1.0),30/01/24 23:00:00,A,ACT,EL,NR,2016,749,
ESTAT:RAIL_IF_LVLCROS(1.0),30/01/24 23:00:00,A,ACT,EL,NR,2017,692,
ESTAT:RAIL_IF_LVLCROS(1.0),30/01/24 23:00:00,A,ACT,EL,NR,2018,695,
ESTAT:RAIL_IF_LVLCROS(1.0),30/01/24 23:00:00,A,ACT,EL,NR,2019,685,
ESTAT:RAIL_IF_LVLCROS(1.0),30/01/24 23:00:00,A,ACT,EL,NR,2020,684,
ESTAT:RAIL_IF_LVLCROS(1.0),30/01/24 23:00:00,A,ACT,EL,NR,2021,685,
ESTAT:RAIL_IF_LVLCROS(1.0),30/01/24 23:00:00,A,ACT,EL,NR,2022,449,
ESTAT:RAIL_IF_LVLCROS(1.0),30/01/24 23:00:00,A,ACT,ES,NR,2010,971,
ESTAT:RAIL_IF_LVLCROS(1.0),30/01/24 23:00:00,A,ACT,ES,NR,2011,946,
ESTAT:RAIL_IF_LVLCROS(1.0),30/01/24 23:00:00,A,ACT,ES,NR,2012,928,
ESTAT:RAIL_IF_LVLCROS(1.0),30/01/24 23:00:00,A,ACT,ES,NR,2013,1187,
ESTAT:RAIL_IF_LVLCROS(1.0),30/01/24 23:00:00,A,ACT,ES,NR,2014,1181,
ESTAT:RAIL_IF_LVLCROS(1.0),30/01/24 23:00:00,A,ACT,ES,NR,2015,1165,
ESTAT:RAIL_IF_LVLCROS(1.0),30/01/24 23:00:00,A,ACT,ES,NR,2016,1168,
ESTAT:RAIL_IF_LVLCROS(1.0),30/01/24 23:00:00,A,ACT,ES,NR,2017,1153,
ESTAT:RAIL_IF_LVLCROS(1.0),30/01/24 23:00:00,A,ACT,ES,NR,2018,1143,
ESTAT:RAIL_IF_LVLCROS(1.0),30/01/24 23:00:00,A,ACT,ES,NR,2019,1138,
ESTAT:RAIL_IF_LVLCROS(1.0),30/01/24 23:00:00,A,ACT,ES,NR,2020,1126,
ESTAT:RAIL_IF_LVLCROS(1.0),30/01/24 23:00:00,A,ACT,ES,NR,2021,1081,
ESTAT:RAIL_IF_LVLCROS(1.0),30/01/24 23:00:00,A,ACT,ES,NR,2022,1066,
ESTAT:RAIL_IF_LVLCROS(1.0),30/01/24 23:00:00,A,ACT,EU27_2020,NR,2010,58282,
ESTAT:RAIL_IF_LVLCROS(1.0),30/01/24 23:00:00,A,ACT,EU27_2020,NR,2011,57394,
ESTAT:RAIL_IF_LVLCROS(1.0),30/01/24 23:00:00,A,ACT,EU27_2020,NR,2012,56474,
ESTAT:RAIL_IF_LVLCROS(1.0),30/01/24 23:00:00,A,ACT,EU27_2020,NR,2013,56213,
ESTAT:RAIL_IF_LVLCROS(1.0),30/01/24 23:00:00,A,ACT,EU27_2020,NR,2014,55664,
ESTAT:RAIL_IF_LVLCROS(1.0),30/01/24 23:00:00,A,ACT,EU27_2020,NR,2015,55755,
ESTAT:RAIL_IF_LVLCROS(1.0),30/01/24 23:00:00,A,ACT,EU27_2020,NR,2016,56558,
ESTAT:RAIL_IF_LVLCROS(1.0),30/01/24 23:00:00,A,ACT,EU27_2020,NR,2017,57355,
ESTAT:RAIL_IF_LVLCROS(1.0),30/01/24 23:00:00,A,ACT,EU27_2020,NR,2018,55899,
ESTAT:RAIL_IF_LVLCROS(1.0),30/01/24 23:00:00,A,ACT,EU27_2020,NR,2019,55912,
ESTAT:RAIL_IF_LVLCROS(1.0),30/01/24 23:00:00,A,ACT,EU27_2020,NR,2020,55814,
ESTAT:RAIL_IF_LVLCROS(1.0),30/01/24 23:00:00,A,ACT,EU27_2020,NR,2021,55983,
ESTAT:RAIL_IF_LVLCROS(1.0),30/01/24 23:00:00,A,ACT,EU27_2020,NR,2022,55637,
ESTAT:RAIL_IF_LVLCROS(1.0),30/01/24 23:00:00,A,ACT,FI,NR,2010,817,
ESTAT:RAIL_IF_LVLCROS(1.0),30/01/24 23:00:00,A,ACT,FI,NR,2011,806,
ESTAT:RAIL_IF_LVLCROS(1.0),30/01/24 23:00:00,A,ACT,FI,NR,2012,794,
ESTAT:RAIL_IF_LVLCROS(1.0),30/01/24 23:00:00,A,ACT,FI,NR,2013,780,
ESTAT:RAIL_IF_LVLCROS(1.0),30/01/24 23:00:00,A,ACT,FI,NR,2014,767,
ESTAT:RAIL_IF_LVLCROS(1.0),30/01/24 23:00:00,A,ACT,FI,NR,2015,751,
ESTAT:RAIL_IF_LVLCROS(1.0),30/01/24 23:00:00,A,ACT,FI,NR,2016,743,
ESTAT:RAIL_IF_LVLCROS(1.0),30/01/24 23:00:00,A,ACT,FI,NR,2017,758,
ESTAT:RAIL_IF_LVLCROS(1.0),30/01/24 23:00:00,A,ACT,FI,NR,2018,756,
ESTAT:RAIL_IF_LVLCROS(1.0),30/01/24 23:00:00,A,ACT,FI,NR,2019,775,
ESTAT:RAIL_IF_LVLCROS(1.0),30/01/24 23:00:00,A,ACT,FI,NR,2020,712,
ESTAT:RAIL_IF_LVLCROS(1.0),30/01/24 23:00:00,A,ACT,FI,NR,2021,732,
ESTAT:RAIL_IF_LVLCROS(1.0),30/01/24 23:00:00,A,ACT,FI,NR,2022,731,
ESTAT:RAIL_IF_LVLCROS(1.0),30/01/24 23:00:00,A,ACT,FR,NR,2010,13110,
ESTAT:RAIL_IF_LVLCROS(1.0),30/01/24 23:00:00,A,ACT,FR,NR,2011,12693,
ESTAT:RAIL_IF_LVLCROS(1.0),30/01/24 23:00:00,A,ACT,FR,NR,2012,11843,
ESTAT:RAIL_IF_LVLCROS(1.0),30/01/24 23:00:00,A,ACT,FR,NR,2013,12159,
ESTAT:RAIL_IF_LVLCROS(1.0),30/01/24 23:00:00,A,ACT,FR,NR,2014,12475,
ESTAT:RAIL_IF_LVLCROS(1.0),30/01/24 23:00:00,A,ACT,FR,NR,2015,12456,
ESTAT:RAIL_IF_LVLCROS(1.0),30/01/24 23:00:00,A,ACT,FR,NR,2016,11551,
ESTAT:RAIL_IF_LVLCROS(1.0),30/01/24 23:00:00,A,ACT,FR,NR,2017,12493,
ESTAT:RAIL_IF_LVLCROS(1.0),30/01/24 23:00:00,A,ACT,FR,NR,2018,11180,
ESTAT:RAIL_IF_LVLCROS(1.0),30/01/24 23:00:00,A,ACT,FR,NR,2019,11078,
ESTAT:RAIL_IF_LVLCROS(1.0),30/01/24 23:00:00,A,ACT,FR,NR,2020,10971,
ESTAT:RAIL_IF_LVLCROS(1.0),30/01/24 23:00:00,A,ACT,FR,NR,2021,10908,
ESTAT:RAIL_IF_LVLCROS(1.0),30/01/24 23:00:00,A,ACT,FR,NR,2022,10804,
ESTAT:RAIL_IF_LVLCROS(1.0),30/01/24 23:00:00,A,ACT,HR,NR,2010,528,
ESTAT:RAIL_IF_LVLCROS(1.0),30/01/24 23:00:00,A,ACT,HR,NR,2011,594,
ESTAT:RAIL_IF_LVLCROS(1.0),30/01/24 23:00:00,A,ACT,HR,NR,2012,594,
ESTAT:RAIL_IF_LVLCROS(1.0),30/01/24 23:00:00,A,ACT,HR,NR,2013,546,
ESTAT:RAIL_IF_LVLCROS(1.0),30/01/24 23:00:00,A,ACT,HR,NR,2014,345,
ESTAT:RAIL_IF_LVLCROS(1.0),30/01/24 23:00:00,A,ACT,HR,NR,2015,553,
ESTAT:RAIL_IF_LVLCROS(1.0),30/01/24 23:00:00,A,ACT,HR,NR,2016,565,
ESTAT:RAIL_IF_LVLCROS(1.0),30/01/24 23:00:00,A,ACT,HR,NR,2017,565,
ESTAT:RAIL_IF_LVLCROS(1.0),30/01/24 23:00:00,A,ACT,HR,NR,2018,585,
ESTAT:RAIL_IF_LVLCROS(1.0),30/01/24 23:00:00,A,ACT,HR,NR,2019,584,
ESTAT:RAIL_IF_LVLCROS(1.0),30/01/24 23:00:00,A,ACT,HR,NR,2020,585,
ESTAT:RAIL_IF_LVLCROS(1.0),30/01/24 23:00:00,A,ACT,HR,NR,2021,592,
ESTAT:RAIL_IF_LVLCROS(1.0),30/01/24 23:00:00,A,ACT,HR,NR,2022,608,
ESTAT:RAIL_IF_LVLCROS(1.0),30/01/24 23:00:00,A,ACT,HU,NR,2010,2820,
ESTAT:RAIL_IF_LVLCROS(1.0),30/01/24 23:00:00,A,ACT,HU,NR,2011,2892,
ESTAT:RAIL_IF_LVLCROS(1.0),30/01/24 23:00:00,A,ACT,HU,NR,2012,2890,
ESTAT:RAIL_IF_LVLCROS(1.0),30/01/24 23:00:00,A,ACT,HU,NR,2013,2890,
ESTAT:RAIL_IF_LVLCROS(1.0),30/01/24 23:00:00,A,ACT,HU,NR,2014,2890,
ESTAT:RAIL_IF_LVLCROS(1.0),30/01/24 23:00:00,A,ACT,HU,NR,2015,2890,
ESTAT:RAIL_IF_LVLCROS(1.0),30/01/24 23:00:00,A,ACT,HU,NR,2016,2933,
ESTAT:RAIL_IF_LVLCROS(1.0),30/01/24 23:00:00,A,ACT,HU,NR,2017,2937,
ESTAT:RAIL_IF_LVLCROS(1.0),30/01/24 23:00:00,A,ACT,HU,NR,2018,2905,
ESTAT:RAIL_IF_LVLCROS(1.0),30/01/24 23:00:00,A,ACT,HU,NR,2019,2904,
ESTAT:RAIL_IF_LVLCROS(1.0),30/01/24 23:00:00,A,ACT,HU,NR,2020,2903,
ESTAT:RAIL_IF_LVLCROS(1.0),30/01/24 23:00:00,A,ACT,HU,NR,2021,2903,
ESTAT:RAIL_IF_LVLCROS(1.0),30/01/24 23:00:00,A,ACT,HU,NR,2022,2903,
ESTAT:RAIL_IF_LVLCROS(1.0),30/01/24 23:00:00,A,ACT,IE,NR,2006,217,
ESTAT:RAIL_IF_LVLCROS(1.0),30/01/24 23:00:00,A,ACT,IE,NR,2007,217,
ESTAT:RAIL_IF_LVLCROS(1.0),30/01/24 23:00:00,A,ACT,IE,NR,2008,216,
ESTAT:RAIL_IF_LVLCROS(1.0),30/01/24 23:00:00,A,ACT,IE,NR,2009,217,
ESTAT:RAIL_IF_LVLCROS(1.0),30/01/24 23:00:00,A,ACT,IE,NR,2010,212,
ESTAT:RAIL_IF_LVLCROS(1.0),30/01/24 23:00:00,A,ACT,IE,NR,2011,205,
ESTAT:RAIL_IF_LVLCROS(1.0),30/01/24 23:00:00,A,ACT,IE,NR,2012,207,
ESTAT:RAIL_IF_LVLCROS(1.0),30/01/24 23:00:00,A,ACT,IE,NR,2013,205,
ESTAT:RAIL_IF_LVLCROS(1.0),30/01/24 23:00:00,A,ACT,IE,NR,2014,201,
ESTAT:RAIL_IF_LVLCROS(1.0),30/01/24 23:00:00,A,ACT,IE,NR,2015,204,
ESTAT:RAIL_IF_LVLCROS(1.0),30/01/24 23:00:00,A,ACT,IE,NR,2016,204,
ESTAT:RAIL_IF_LVLCROS(1.0),30/01/24 23:00:00,A,ACT,IE,NR,2017,201,
ESTAT:RAIL_IF_LVLCROS(1.0),30/01/24 23:00:00,A,ACT,IE,NR,2018,201,
ESTAT:RAIL_IF_LVLCROS(1.0),30/01/24 23:00:00,A,ACT,IE,NR,2019,201,
ESTAT:RAIL_IF_LVLCROS(1.0),30/01/24 23:00:00,A,ACT,IE,NR,2020,205,
ESTAT:RAIL_IF_LVLCROS(1.0),30/01/24 23:00:00,A,ACT,IE,NR,2021,220,
ESTAT:RAIL_IF_LVLCROS(1.0),30/01/24 23:00:00,A,ACT,IE,NR,2022,224,
ESTAT:RAIL_IF_LVLCROS(1.0),30/01/24 23:00:00,A,ACT,IT,NR,2010,4583,
ESTAT:RAIL_IF_LVLCROS(1.0),30/01/24 23:00:00,A,ACT,IT,NR,2011,4488,
ESTAT:RAIL_IF_LVLCROS(1.0),30/01/24 23:00:00,A,ACT,IT,NR,2012,4361,
ESTAT:RAIL_IF_LVLCROS(1.0),30/01/24 23:00:00,A,ACT,IT,NR,2013,4046,
ESTAT:RAIL_IF_LVLCROS(1.0),30/01/24 23:00:00,A,ACT,IT,NR,2014,3849,
ESTAT:RAIL_IF_LVLCROS(1.0),30/01/24 23:00:00,A,ACT,IT,NR,2015,3781,
ESTAT:RAIL_IF_LVLCROS(1.0),30/01/24 23:00:00,A,ACT,IT,NR,2016,5551,
ESTAT:RAIL_IF_LVLCROS(1.0),30/01/24 23:00:00,A,ACT,IT,NR,2017,4961,
ESTAT:RAIL_IF_LVLCROS(1.0),30/01/24 23:00:00,A,ACT,IT,NR,2018,4874,
ESTAT:RAIL_IF_LVLCROS(1.0),30/01/24 23:00:00,A,ACT,IT,NR,2019,4777,
ESTAT:RAIL_IF_LVLCROS(1.0),30/01/24 23:00:00,A,ACT,IT,NR,2020,4774,
ESTAT:RAIL_IF_LVLCROS(1.0),30/01/24 23:00:00,A,ACT,IT,NR,2021,4755,
ESTAT:RAIL_IF_LVLCROS(1.0),30/01/24 23:00:00,A,ACT,IT,NR,2022,4732,
ESTAT:RAIL_IF_LVLCROS(1.0),30/01/24 23:00:00,A,ACT,LT,NR,2010,384,
ESTAT:RAIL_IF_LVLCROS(1.0),30/01/24 23:00:00,A,ACT,LT,NR,2011,384,
ESTAT:RAIL_IF_LVLCROS(1.0),30/01/24 23:00:00,A,ACT,LT,NR,2012,381,
ESTAT:RAIL_IF_LVLCROS(1.0),30/01/24 23:00:00,A,ACT,LT,NR,2013,370,
ESTAT:RAIL_IF_LVLCROS(1.0),30/01/24 23:00:00,A,ACT,LT,NR,2014,372,
ESTAT:RAIL_IF_LVLCROS(1.0),30/01/24 23:00:00,A,ACT,LT,NR,2015,388,
ESTAT:RAIL_IF_LVLCROS(1.0),30/01/24 23:00:00,A,ACT,LT,NR,2016,385,
ESTAT:RAIL_IF_LVLCROS(1.0),30/01/24 23:00:00,A,ACT,LT,NR,2017,385,
ESTAT:RAIL_IF_LVLCROS(1.0),30/01/24 23:00:00,A,ACT,LT,NR,2018,385,
ESTAT:RAIL_IF_LVLCROS(1.0),30/01/24 23:00:00,A,ACT,LT,NR,2019,470,
ESTAT:RAIL_IF_LVLCROS(1.0),30/01/24 23:00:00,A,ACT,LT,NR,2020,483,
ESTAT:RAIL_IF_LVLCROS(1.0),30/01/24 23:00:00,A,ACT,LT,NR,2021,477,
ESTAT:RAIL_IF_LVLCROS(1.0),30/01/24 23:00:00,A,ACT,LT,NR,2022,372,
ESTAT:RAIL_IF_LVLCROS(1.0),30/01/24 23:00:00,A,ACT,LU,NR,2010,106,
ESTAT:RAIL_IF_LVLCROS(1.0),30/01/24 23:00:00,A,ACT,LU,NR,2011,106,
ESTAT:RAIL_IF_LVLCROS(1.0),30/01/24 23:00:00,A,ACT,LU,NR,2012,106,
ESTAT:RAIL_IF_LVLCROS(1.0),30/01/24 23:00:00,A,ACT,LU,NR,2013,106,
ESTAT:RAIL_IF_LVLCROS(1.0),30/01/24 23:00:00,A,ACT,LU,NR,2014,101,
ESTAT:RAIL_IF_LVLCROS(1.0),30/01/24 23:00:00,A,ACT,LU,NR,2015,99,
ESTAT:RAIL_IF_LVLCROS(1.0),30/01/24 23:00:00,A,ACT,LU,NR,2016,22,
ESTAT:RAIL_IF_LVLCROS(1.0),30/01/24 23:00:00,A,ACT,LU,NR,2017,17,
ESTAT:RAIL_IF_LVLCROS(1.0),30/01/24 23:00:00,A,ACT,LU,NR,2018,98,
ESTAT:RAIL_IF_LVLCROS(1.0),30/01/24 23:00:00,A,ACT,LU,NR,2019,98,
ESTAT:RAIL_IF_LVLCROS(1.0),30/01/24 23:00:00,A,ACT,LU,NR,2020,103,
ESTAT:RAIL_IF_LVLCROS(1.0),30/01/24 23:00:00,A,ACT,LU,NR,2021,102,
ESTAT:RAIL_IF_LVLCROS(1.0),30/01/24 23:00:00,A,ACT,LU,NR,2022,102,
ESTAT:RAIL_IF_LVLCROS(1.0),30/01/24 23:00:00,A,ACT,LV,NR,2010,458,
ESTAT:RAIL_IF_LVLCROS(1.0),30/01/24 23:00:00,A,ACT,LV,NR,2011,450,
ESTAT:RAIL_IF_LVLCROS(1.0),30/01/24 23:00:00,A,ACT,LV,NR,2012,491,
ESTAT:RAIL_IF_LVLCROS(1.0),30/01/24 23:00:00,A,ACT,LV,NR,2013,494,
ESTAT:RAIL_IF_LVLCROS(1.0),30/01/24 23:00:00,A,ACT,LV,NR,2014,490,
ESTAT:RAIL_IF_LVLCROS(1.0),30/01/24 23:00:00,A,ACT,LV,NR,2015,494,
ESTAT:RAIL_IF_LVLCROS(1.0),30/01/24 23:00:00,A,ACT,LV,NR,2016,500,
ESTAT:RAIL_IF_LVLCROS(1.0),30/01/24 23:00:00,A,ACT,LV,NR,2017,507,
ESTAT:RAIL_IF_LVLCROS(1.0),30/01/24 23:00:00,A,ACT,LV,NR,2018,504,
ESTAT:RAIL_IF_LVLCROS(1.0),30/01/24 23:00:00,A,ACT,LV,NR,2019,505,
ESTAT:RAIL_IF_LVLCROS(1.0),30/01/24 23:00:00,A,ACT,LV,NR,2020,504,
ESTAT:RAIL_IF_LVLCROS(1.0),30/01/24 23:00:00,A,ACT,LV,NR,2021,505,
ESTAT:RAIL_IF_LVLCROS(1.0),30/01/24 23:00:00,A,ACT,LV,NR,2022,502,
ESTAT:RAIL_IF_LVLCROS(1.0),30/01/24 23:00:00,A,ACT,NL,NR,2010,2006,
ESTAT:RAIL_IF_LVLCROS(1.0),30/01/24 23:00:00,A,ACT,NL,NR,2011,1928,
ESTAT:RAIL_IF_LVLCROS(1.0),30/01/24 23:00:00,A,ACT,NL,NR,2012,1947,
ESTAT:RAIL_IF_LVLCROS(1.0),30/01/24 23:00:00,A,ACT,NL,NR,2013,1939,
ESTAT:RAIL_IF_LVLCROS(1.0),30/01/24 23:00:00,A,ACT,NL,NR,2014,1762,
ESTAT:RAIL_IF_LVLCROS(1.0),30/01/24 23:00:00,A,ACT,NL,NR,2015,1758,
ESTAT:RAIL_IF_LVLCROS(1.0),30/01/24 23:00:00,A,ACT,NL,NR,2016,1744,
ESTAT:RAIL_IF_LVLCROS(1.0),30/01/24 23:00:00,A,ACT,NL,NR,2017,1663,
ESTAT:RAIL_IF_LVLCROS(1.0),30/01/24 23:00:00,A,ACT,NL,NR,2018,1642,
ESTAT:RAIL_IF_LVLCROS(1.0),30/01/24 23:00:00,A,ACT,NL,NR,2019,1625,
ESTAT:RAIL_IF_LVLCROS(1.0),30/01/24 23:00:00,A,ACT,NL,NR,2020,1696,
ESTAT:RAIL_IF_LVLCROS(1.0),30/01/24 23:00:00,A,ACT,NL,NR,2021,1693,
ESTAT:RAIL_IF_LVLCROS(1.0),30/01/24 23:00:00,A,ACT,NL,NR,2022,1682,
ESTAT:RAIL_IF_LVLCROS(1.0),30/01/24 23:00:00,A,ACT,NO,NR,2010,511,
ESTAT:RAIL_IF_LVLCROS(1.0),30/01/24 23:00:00,A,ACT,NO,NR,2011,511,
ESTAT:RAIL_IF_LVLCROS(1.0),30/01/24 23:00:00,A,ACT,NO,NR,2012,514,
ESTAT:RAIL_IF_LVLCROS(1.0),30/01/24 23:00:00,A,ACT,NO,NR,2013,504,
ESTAT:RAIL_IF_LVLCROS(1.0),30/01/24 23:00:00,A,ACT,NO,NR,2014,505,
ESTAT:RAIL_IF_LVLCROS(1.0),30/01/24 23:00:00,A,ACT,NO,NR,2015,503,
ESTAT:RAIL_IF_LVLCROS(1.0),30/01/24 23:00:00,A,ACT,NO,NR,2016,511,
ESTAT:RAIL_IF_LVLCROS(1.0),30/01/24 23:00:00,A,ACT,NO,NR,2017,508,
ESTAT:RAIL_IF_LVLCROS(1.0),30/01/24 23:00:00,A,ACT,NO,NR,2018,503,
ESTAT:RAIL_IF_LVLCROS(1.0),30/01/24 23:00:00,A,ACT,NO,NR,2019,502,
ESTAT:RAIL_IF_LVLCROS(1.0),30/01/24 23:00:00,A,ACT,NO,NR,2020,502,
ESTAT:RAIL_IF_LVLCROS(1.0),30/01/24 23:00:00,A,ACT,NO,NR,2021,508,
ESTAT:RAIL_IF_LVLCROS(1.0),30/01/24 23:00:00,A,ACT,NO,NR,2022,501,
ESTAT:RAIL_IF_LVLCROS(1.0),30/01/24 23:00:00,A,ACT,PL,NR,2010,5388,
ESTAT:RAIL_IF_LVLCROS(1.0),30/01/24 23:00:00,A,ACT,PL,NR,2011,5409,
ESTAT:RAIL_IF_LVLCROS(1.0),30/01/24 23:00:00,A,ACT,PL,NR,2012,5408,
ESTAT:RAIL_IF_LVLCROS(1.0),30/01/24 23:00:00,A,ACT,PL,NR,2013,5020,
ESTAT:RAIL_IF_LVLCROS(1.0),30/01/24 23:00:00,A,ACT,PL,NR,2014,5056,
ESTAT:RAIL_IF_LVLCROS(1.0),30/01/24 23:00:00,A,ACT,PL,NR,2015,5172,
ESTAT:RAIL_IF_LVLCROS(1.0),30/01/24 23:00:00,A,ACT,PL,NR,2016,5341,
ESTAT:RAIL_IF_LVLCROS(1.0),30/01/24 23:00:00,A,ACT,PL,NR,2017,5392,
ESTAT:RAIL_IF_LVLCROS(1.0),30/01/24 23:00:00,A,ACT,PL,NR,2018,5429,
ESTAT:RAIL_IF_LVLCROS(1.0),30/01/24 23:00:00,A,ACT,PL,NR,2019,5492,
ESTAT:RAIL_IF_LVLCROS(1.0),30/01/24 23:00:00,A,ACT,PL,NR,2020,5618,
ESTAT:RAIL_IF_LVLCROS(1.0),30/01/24 23:00:00,A,ACT,PL,NR,2021,5762,
ESTAT:RAIL_IF_LVLCROS(1.0),30/01/24 23:00:00,A,ACT,PL,NR,2022,5901,
ESTAT:RAIL_IF_LVLCROS(1.0),30/01/24 23:00:00,A,ACT,PT,NR,2010,464,
ESTAT:RAIL_IF_LVLCROS(1.0),30/01/24 23:00:00,A,ACT,PT,NR,2011,457,
ESTAT:RAIL_IF_LVLCROS(1.0),30/01/24 23:00:00,A,ACT,PT,NR,2012,435,
ESTAT:RAIL_IF_LVLCROS(1.0),30/01/24 23:00:00,A,ACT,PT,NR,2013,436,
ESTAT:RAIL_IF_LVLCROS(1.0),30/01/24 23:00:00,A,ACT,PT,NR,2014,458,
ESTAT:RAIL_IF_LVLCROS(1.0),30/01/24 23:00:00,A,ACT,PT,NR,2015,461,
ESTAT:RAIL_IF_LVLCROS(1.0),30/01/24 23:00:00,A,ACT,PT,NR,2016,459,
ESTAT:RAIL_IF_LVLCROS(1.0),30/01/24 23:00:00,A,ACT,PT,NR,2017,460,
ESTAT:RAIL_IF_LVLCROS(1.0),30/01/24 23:00:00,A,ACT,PT,NR,2018,457,
ESTAT:RAIL_IF_LVLCROS(1.0),30/01/24 23:00:00,A,ACT,PT,NR,2019,457,
ESTAT:RAIL_IF_LVLCROS(1.0),30/01/24 23:00:00,A,ACT,PT,NR,2020,456,
ESTAT:RAIL_IF_LVLCROS(1.0),30/01/24 23:00:00,A,ACT,PT,NR,2021,477,
ESTAT:RAIL_IF_LVLCROS(1.0),30/01/24 23:00:00,A,ACT,PT,NR,2022,477,
ESTAT:RAIL_IF_LVLCROS(1.0),30/01/24 23:00:00,A,ACT,RO,NR,2010,1632,
ESTAT:RAIL_IF_LVLCROS(1.0),30/01/24 23:00:00,A,ACT,RO,NR,2011,1795,
ESTAT:RAIL_IF_LVLCROS(1.0),30/01/24 23:00:00,A,ACT,RO,NR,2012,1787,
ESTAT:RAIL_IF_LVLCROS(1.0),30/01/24 23:00:00,A,ACT,RO,NR,2013,1797,
ESTAT:RAIL_IF_LVLCROS(1.0),30/01/24 23:00:00,A,ACT,RO,NR,2014,1710,
ESTAT:RAIL_IF_LVLCROS(1.0),30/01/24 23:00:00,A,ACT,RO,NR,2015,1701,
ESTAT:RAIL_IF_LVLCROS(1.0),30/01/24 23:00:00,A,ACT,RO,NR,2016,1707,
ESTAT:RAIL_IF_LVLCROS(1.0),30/01/24 23:00:00,A,ACT,RO,NR,2017,1570,
ESTAT:RAIL_IF_LVLCROS(1.0),30/01/24 23:00:00,A,ACT,RO,NR,2018,1581,
ESTAT:RAIL_IF_LVLCROS(1.0),30/01/24 23:00:00,A,ACT,RO,NR,2019,1579,
ESTAT:RAIL_IF_LVLCROS(1.0),30/01/24 23:00:00,A,ACT,RO,NR,2020,1576,
ESTAT:RAIL_IF_LVLCROS(1.0),30/01/24 23:00:00,A,ACT,RO,NR,2021,1591,
ESTAT:RAIL_IF_LVLCROS(1.0),30/01/24 23:00:00,A,ACT,RO,NR,2022,1609,
ESTAT:RAIL_IF_LVLCROS(1.0),30/01/24 23:00:00,A,ACT,SE,NR,2010,3334,
ESTAT:RAIL_IF_LVLCROS(1.0),30/01/24 23:00:00,A,ACT,SE,NR,2011,3244,
ESTAT:RAIL_IF_LVLCROS(1.0),30/01/24 23:00:00,A,ACT,SE,NR,2012,3282,
ESTAT:RAIL_IF_LVLCROS(1.0),30/01/24 23:00:00,A,ACT,SE,NR,2013,3192,
ESTAT:RAIL_IF_LVLCROS(1.0),30/01/24 23:00:00,A,ACT,SE,NR,2014,3080,
ESTAT:RAIL_IF_LVLCROS(1.0),30/01/24 23:00:00,A,ACT,SE,NR,2015,3051,
ESTAT:RAIL_IF_LVLCROS(1.0),30/01/24 23:00:00,A,ACT,SE,NR,2016,3030,
ESTAT:RAIL_IF_LVLCROS(1.0),30/01/24 23:00:00,A,ACT,SE,NR,2017,3196,
ESTAT:RAIL_IF_LVLCROS(1.0),30/01/24 23:00:00,A,ACT,SE,NR,2018,3141,
ESTAT:RAIL_IF_LVLCROS(1.0),30/01/24 23:00:00,A,ACT,SE,NR,2019,3194,
ESTAT:RAIL_IF_LVLCROS(1.0),30/01/24 23:00:00,A,ACT,SE,NR,2020,3210,
ESTAT:RAIL_IF_LVLCROS(1.0),30/01/24 23:00:00,A,ACT,SE,NR,2021,3221,
ESTAT:RAIL_IF_LVLCROS(1.0),30/01/24 23:00:00,A,ACT,SE,NR,2022,3223,
ESTAT:RAIL_IF_LVLCROS(1.0),30/01/24 23:00:00,A,ACT,SI,NR,2007,334,
ESTAT:RAIL_IF_LVLCROS(1.0),30/01/24 23:00:00,A,ACT,SI,NR,2008,333,
ESTAT:RAIL_IF_LVLCROS(1.0),30/01/24 23:00:00,A,ACT,SI,NR,2009,340,
ESTAT:RAIL_IF_LVLCROS(1.0),30/01/24 23:00:00,A,ACT,SI,NR,2010,339,
ESTAT:RAIL_IF_LVLCROS(1.0),30/01/24 23:00:00,A,ACT,SI,NR,2011,335,
ESTAT:RAIL_IF_LVLCROS(1.0),30/01/24 23:00:00,A,ACT,SI,NR,2012,335,
ESTAT:RAIL_IF_LVLCROS(1.0),30/01/24 23:00:00,A,ACT,SI,NR,2013,340,
ESTAT:RAIL_IF_LVLCROS(1.0),30/01/24 23:00:00,A,ACT,SI,NR,2014,336,
ESTAT:RAIL_IF_LVLCROS(1.0),30/01/24 23:00:00,A,ACT,SI,NR,2015,322,
ESTAT:RAIL_IF_LVLCROS(1.0),30/01/24 23:00:00,A,ACT,SI,NR,2016,49,
ESTAT:RAIL_IF_LVLCROS(1.0),30/01/24 23:00:00,A,ACT,SI,NR,2017,319,
ESTAT:RAIL_IF_LVLCROS(1.0),30/01/24 23:00:00,A,ACT,SI,NR,2018,314,
ESTAT:RAIL_IF_LVLCROS(1.0),30/01/24 23:00:00,A,ACT,SI,NR,2019,313,
ESTAT:RAIL_IF_LVLCROS(1.0),30/01/24 23:00:00,A,ACT,SI,NR,2020,339,
ESTAT:RAIL_IF_LVLCROS(1.0),30/01/24 23:00:00,A,ACT,SI,NR,2021,341,
ESTAT:RAIL_IF_LVLCROS(1.0),30/01/24 23:00:00,A,ACT,SI,NR,2022,341,
ESTAT:RAIL_IF_LVLCROS(1.0),30/01/24 23:00:00,A,ACT,SK,NR,2010,1081,
ESTAT:RAIL_IF_LVLCROS(1.0),30/01/24 23:00:00,A,ACT,SK,NR,2011,1100,
ESTAT:RAIL_IF_LVLCROS(1.0),30/01/24 23:00:00,A,ACT,SK,NR,2012,1182,
ESTAT:RAIL_IF_LVLCROS(1.0),30/01/24 23:00:00,A,ACT,SK,NR,2013,1040,
ESTAT:RAIL_IF_LVLCROS(1.0),30/01/24 23:00:00,A,ACT,SK,NR,2014,1079,
ESTAT:RAIL_IF_LVLCROS(1.0),30/01/24 23:00:00,A,ACT,SK,NR,2015,985,
ESTAT:RAIL_IF_LVLCROS(1.0),30/01/24 23:00:00,A,ACT,SK,NR,2016,1069,
ESTAT:RAIL_IF_LVLCROS(1.0),30/01/24 23:00:00,A,ACT,SK,NR,2017,1070,
ESTAT:RAIL_IF_LVLCROS(1.0),30/01/24 23:00:00,A,ACT,SK,NR,2018,1074,
ESTAT:RAIL_IF_LVLCROS(1.0),30/01/24 23:00:00,A,ACT,SK,NR,2019,1075,
ESTAT:RAIL_IF_LVLCROS(1.0),30/01/24 23:00:00,A,ACT,SK,NR,2020,1076,
ESTAT:RAIL_IF_LVLCROS(1.0),30/01/24 23:00:00,A,ACT,SK,NR,2021,1070,
ESTAT:RAIL_IF_LVLCROS(1.0),30/01/24 23:00:00,A,ACT,SK,NR,2022,1070,
ESTAT:RAIL_IF_LVLCROS(1.0),30/01/24 23:00:00,A,PASV,AT,NR,2010,3207,
ESTAT:RAIL_IF_LVLCROS(1.0),30/01/24 23:00:00,A,PASV,AT,NR,2011,3126,
ESTAT:RAIL_IF_LVLCROS(1.0),30/01/24 23:00:00,A,PASV,AT,NR,2012,2794,
ESTAT:RAIL_IF_LVLCROS(1.0),30/01/24 23:00:00,A,PASV,AT,NR,2013,2684,
ESTAT:RAIL_IF_LVLCROS(1.0),30/01/24 23:00:00,A,PASV,AT,NR,2014,2628,
ESTAT:RAIL_IF_LVLCROS(1.0),30/01/24 23:00:00,A,PASV,AT,NR,2015,2516,
ESTAT:RAIL_IF_LVLCROS(1.0),30/01/24 23:00:00,A,PASV,AT,NR,2016,2209,
ESTAT:RAIL_IF_LVLCROS(1.0),30/01/24 23:00:00,A,PASV,AT,NR,2017,2234,
ESTAT:RAIL_IF_LVLCROS(1.0),30/01/24 23:00:00,A,PASV,AT,NR,2018,2271,
ESTAT:RAIL_IF_LVLCROS(1.0),30/01/24 23:00:00,A,PASV,AT,NR,2019,2155,
ESTAT:RAIL_IF_LVLCROS(1.0),30/01/24 23:00:00,A,PASV,AT,NR,2020,2017,
ESTAT:RAIL_IF_LVLCROS(1.0),30/01/24 23:00:00,A,PASV,AT,NR,2021,1819,
ESTAT:RAIL_IF_LVLCROS(1.0),30/01/24 23:00:00,A,PASV,AT,NR,2022,1550,
ESTAT:RAIL_IF_LVLCROS(1.0),30/01/24 23:00:00,A,PASV,BE,NR,2010,291,
ESTAT:RAIL_IF_LVLCROS(1.0),30/01/24 23:00:00,A,PASV,BE,NR,2011,284,
ESTAT:RAIL_IF_LVLCROS(1.0),30/01/24 23:00:00,A,PASV,BE,NR,2012,267,
ESTAT:RAIL_IF_LVLCROS(1.0),30/01/24 23:00:00,A,PASV,BE,NR,2013,267,
ESTAT:RAIL_IF_LVLCROS(1.0),30/01/24 23:00:00,A,PASV,BE,NR,2014,264,
ESTAT:RAIL_IF_LVLCROS(1.0),30/01/24 23:00:00,A,PASV,BE,NR,2015,243,
ESTAT:RAIL_IF_LVLCROS(1.0),30/01/24 23:00:00,A,PASV,BE,NR,2016,237,
ESTAT:RAIL_IF_LVLCROS(1.0),30/01/24 23:00:00,A,PASV,BE,NR,2017,234,
ESTAT:RAIL_IF_LVLCROS(1.0),30/01/24 23:00:00,A,PASV,BE,NR,2018,225,
ESTAT:RAIL_IF_LVLCROS(1.0),30/01/24 23:00:00,A,PASV,BE,NR,2019,224,
ESTAT:RAIL_IF_LVLCROS(1.0),30/01/24 23:00:00,A,PASV,BE,NR,2020,210,
ESTAT:RAIL_IF_LVLCROS(1.0),30/01/24 23:00:00,A,PASV,BE,NR,2021,207,
ESTAT:RAIL_IF_LVLCROS(1.0),30/01/24 23:00:00,A,PASV,BE,NR,2022,204,
ESTAT:RAIL_IF_LVLCROS(1.0),30/01/24 23:00:00,A,PASV,BG,NR,2010,146,
ESTAT:RAIL_IF_LVLCROS(1.0),30/01/24 23:00:00,A,PASV,BG,NR,2011,134,
ESTAT:RAIL_IF_LVLCROS(1.0),30/01/24 23:00:00,A,PASV,BG,NR,2012,137,
ESTAT:RAIL_IF_LVLCROS(1.0),30/01/24 23:00:00,A,PASV,BG,NR,2013,137,
ESTAT:RAIL_IF_LVLCROS(1.0),30/01/24 23:00:00,A,PASV,BG,NR,2014,142,
ESTAT:RAIL_IF_LVLCROS(1.0),30/01/24 23:00:00,A,PASV,BG,NR,2015,140,
ESTAT:RAIL_IF_LVLCROS(1.0),30/01/24 23:00:00,A,PASV,BG,NR,2016,139,
ESTAT:RAIL_IF_LVLCROS(1.0),30/01/24 23:00:00,A,PASV,BG,NR,2017,148,
ESTAT:RAIL_IF_LVLCROS(1.0),30/01/24 23:00:00,A,PASV,BG,NR,2018,150,
ESTAT:RAIL_IF_LVLCROS(1.0),30/01/24 23:00:00,A,PASV,BG,NR,2019,150,
ESTAT:RAIL_IF_LVLCROS(1.0),30/01/24 23:00:00,A,PASV,BG,NR,2020,154,
ESTAT:RAIL_IF_LVLCROS(1.0),30/01/24 23:00:00,A,PASV,BG,NR,2021,154,
ESTAT:RAIL_IF_LVLCROS(1.0),30/01/24 23:00:00,A,PASV,BG,NR,2022,155,
ESTAT:RAIL_IF_LVLCROS(1.0),30/01/24 23:00:00,A,PASV,CH,NR,2009,618,
ESTAT:RAIL_IF_LVLCROS(1.0),30/01/24 23:00:00,A,PASV,CH,NR,2010,508,
ESTAT:RAIL_IF_LVLCROS(1.0),30/01/24 23:00:00,A,PASV,CH,NR,2011,390,
ESTAT:RAIL_IF_LVLCROS(1.0),30/01/24 23:00:00,A,PASV,CH,NR,2012,342,
ESTAT:RAIL_IF_LVLCROS(1.0),30/01/24 23:00:00,A,PASV,CH,NR,2013,302,
ESTAT:RAIL_IF_LVLCROS(1.0),30/01/24 23:00:00,A,PASV,CH,NR,2014,229,
ESTAT:RAIL_IF_LVLCROS(1.0),30/01/24 23:00:00,A,PASV,CH,NR,2015,174,
ESTAT:RAIL_IF_LVLCROS(1.0),30/01/24 23:00:00,A,PASV,CH,NR,2016,171,
ESTAT:RAIL_IF_LVLCROS(1.0),30/01/24 23:00:00,A,PASV,CH,NR,2017,151,
ESTAT:RAIL_IF_LVLCROS(1.0),30/01/24 23:00:00,A,PASV,CH,NR,2018,154,
ESTAT:RAIL_IF_LVLCROS(1.0),30/01/24 23:00:00,A,PASV,CH,NR,2019,151,
ESTAT:RAIL_IF_LVLCROS(1.0),30/01/24 23:00:00,A,PASV,CH,NR,2020,138,
ESTAT:RAIL_IF_LVLCROS(1.0),30/01/24 23:00:00,A,PASV,CH,NR,2021,133,
ESTAT:RAIL_IF_LVLCROS(1.0),30/01/24 23:00:00,A,PASV,CH,NR,2022,132,
ESTAT:RAIL_IF_LVLCROS(1.0),30/01/24 23:00:00,A,PASV,CZ,NR,2010,4673,
ESTAT:RAIL_IF_LVLCROS(1.0),30/01/24 23:00:00,A,PASV,CZ,NR,2011,4580,
ESTAT:RAIL_IF_LVLCROS(1.0),30/01/24 23:00:00,A,PASV,CZ,NR,2012,4580,
ESTAT:RAIL_IF_LVLCROS(1.0),30/01/24 23:00:00,A,PASV,CZ,NR,2013,4298,
ESTAT:RAIL_IF_LVLCROS(1.0),30/01/24 23:00:00,A,PASV,CZ,NR,2014,4252,
ESTAT:RAIL_IF_LVLCROS(1.0),30/01/24 23:00:00,A,PASV,CZ,NR,2015,4097,
ESTAT:RAIL_IF_LVLCROS(1.0),30/01/24 23:00:00,A,PASV,CZ,NR,2016,3938,
ESTAT:RAIL_IF_LVLCROS(1.0),30/01/24 23:00:00,A,PASV,CZ,NR,2017,4043,
ESTAT:RAIL_IF_LVLCROS(1.0),30/01/24 23:00:00,A,PASV,CZ,NR,2018,3980,
ESTAT:RAIL_IF_LVLCROS(1.0),30/01/24 23:00:00,A,PASV,CZ,NR,2019,3900,
ESTAT:RAIL_IF_LVLCROS(1.0),30/01/24 23:00:00,A,PASV,CZ,NR,2020,3785,
ESTAT:RAIL_IF_LVLCROS(1.0),30/01/24 23:00:00,A,PASV,CZ,NR,2021,3719,
ESTAT:RAIL_IF_LVLCROS(1.0),30/01/24 23:00:00,A,PASV,CZ,NR,2022,3612,
ESTAT:RAIL_IF_LVLCROS(1.0),30/01/24 23:00:00,A,PASV,DE,NR,2010,7080,
ESTAT:RAIL_IF_LVLCROS(1.0),30/01/24 23:00:00,A,PASV,DE,NR,2011,5595,
ESTAT:RAIL_IF_LVLCROS(1.0),30/01/24 23:00:00,A,PASV,DE,NR,2012,4407,
ESTAT:RAIL_IF_LVLCROS(1.0),30/01/24 23:00:00,A,PASV,DE,NR,2013,4176,
ESTAT:RAIL_IF_LVLCROS(1.0),30/01/24 23:00:00,A,PASV,DE,NR,2014,4139,
ESTAT:RAIL_IF_LVLCROS(1.0),30/01/24 23:00:00,A,PASV,DE,NR,2015,4357,
ESTAT:RAIL_IF_LVLCROS(1.0),30/01/24 23:00:00,A,PASV,DE,NR,2016,4279,
ESTAT:RAIL_IF_LVLCROS(1.0),30/01/24 23:00:00,A,PASV,DE,NR,2017,4202,
ESTAT:RAIL_IF_LVLCROS(1.0),30/01/24 23:00:00,A,PASV,DE,NR,2018,4166,
ESTAT:RAIL_IF_LVLCROS(1.0),30/01/24 23:00:00,A,PASV,DE,NR,2019,3970,
ESTAT:RAIL_IF_LVLCROS(1.0),30/01/24 23:00:00,A,PASV,DE,NR,2020,3948,
ESTAT:RAIL_IF_LVLCROS(1.0),30/01/24 23:00:00,A,PASV,DE,NR,2021,3898,
ESTAT:RAIL_IF_LVLCROS(1.0),30/01/24 23:00:00,A,PASV,DE,NR,2022,3847,
ESTAT:RAIL_IF_LVLCROS(1.0),30/01/24 23:00:00,A,PASV,DK,NR,2010,667,
ESTAT:RAIL_IF_LVLCROS(1.0),30/01/24 23:00:00,A,PASV,DK,NR,2011,486,
ESTAT:RAIL_IF_LVLCROS(1.0),30/01/24 23:00:00,A,PASV,DK,NR,2012,452,
ESTAT:RAIL_IF_LVLCROS(1.0),30/01/24 23:00:00,A,PASV,DK,NR,2013,439,
ESTAT:RAIL_IF_LVLCROS(1.0),30/01/24 23:00:00,A,PASV,DK,NR,2014,414,
ESTAT:RAIL_IF_LVLCROS(1.0),30/01/24 23:00:00,A,PASV,DK,NR,2015,380,
ESTAT:RAIL_IF_LVLCROS(1.0),30/01/24 23:00:00,A,PASV,DK,NR,2016,380,
ESTAT:RAIL_IF_LVLCROS(1.0),30/01/24 23:00:00,A,PASV,DK,NR,2017,314,
ESTAT:RAIL_IF_LVLCROS(1.0),30/01/24 23:00:00,A,PASV,DK,NR,2018,210,
ESTAT:RAIL_IF_LVLCROS(1.0),30/01/24 23:00:00,A,PASV,DK,NR,2019,115,
ESTAT:RAIL_IF_LVLCROS(1.0),30/01/24 23:00:00,A,PASV,DK,NR,2020,110,
ESTAT:RAIL_IF_LVLCROS(1.0),30/01/24 23:00:00,A,PASV,DK,NR,2021,109,
ESTAT:RAIL_IF_LVLCROS(1.0),30/01/24 23:00:00,A,PASV,DK,NR,2022,111,
ESTAT:RAIL_IF_LVLCROS(1.0),30/01/24 23:00:00,A,PASV,EE,NR,2010,171,
ESTAT:RAIL_IF_LVLCROS(1.0),30/01/24 23:00:00,A,PASV,EE,NR,2011,163,
ESTAT:RAIL_IF_LVLCROS(1.0),30/01/24 23:00:00,A,PASV,EE,NR,2012,163,
ESTAT:RAIL_IF_LVLCROS(1.0),30/01/24 23:00:00,A,PASV,EE,NR,2013,160,
ESTAT:RAIL_IF_LVLCROS(1.0),30/01/24 23:00:00,A,PASV,EE,NR,2014,158,
ESTAT:RAIL_IF_LVLCROS(1.0),30/01/24 23:00:00,A,PASV,EE,NR,2015,156,
ESTAT:RAIL_IF_LVLCROS(1.0),30/01/24 23:00:00,A,PASV,EE,NR,2016,156,
ESTAT:RAIL_IF_LVLCROS(1.0),30/01/24 23:00:00,A,PASV,EE,NR,2017,156,
ESTAT:RAIL_IF_LVLCROS(1.0),30/01/24 23:00:00,A,PASV,EE,NR,2018,156,
ESTAT:RAIL_IF_LVLCROS(1.0),30/01/24 23:00:00,A,PASV,EE,NR,2019,206,
ESTAT:RAIL_IF_LVLCROS(1.0),30/01/24 23:00:00,A,PASV,EE,NR,2020,349,
ESTAT:RAIL_IF_LVLCROS(1.0),30/01/24 23:00:00,A,PASV,EE,NR,2021,359,
ESTAT:RAIL_IF_LVLCROS(1.0),30/01/24 23:00:00,A,PASV,EE,NR,2022,357,
ESTAT:RAIL_IF_LVLCROS(1.0),30/01/24 23:00:00,A,PASV,EL,NR,2010,488,
ESTAT:RAIL_IF_LVLCROS(1.0),30/01/24 23:00:00,A,PASV,EL,NR,2011,527,
ESTAT:RAIL_IF_LVLCROS(1.0),30/01/24 23:00:00,A,PASV,EL,NR,2012,781,
ESTAT:RAIL_IF_LVLCROS(1.0),30/01/24 23:00:00,A,PASV,EL,NR,2013,721,
ESTAT:RAIL_IF_LVLCROS(1.0),30/01/24 23:00:00,A,PASV,EL,NR,2014,693,
ESTAT:RAIL_IF_LVLCROS(1.0),30/01/24 23:00:00,A,PASV,EL,NR,2015,656,
ESTAT:RAIL_IF_LVLCROS(1.0),30/01/24 23:00:00,A,PASV,EL,NR,2016,656,
ESTAT:RAIL_IF_LVLCROS(1.0),30/01/24 23:00:00,A,PASV,EL,NR,2017,571,
ESTAT:RAIL_IF_LVLCROS(1.0),30/01/24 23:00:00,A,PASV,EL,NR,2018,568,
ESTAT:RAIL_IF_LVLCROS(1.0),30/01/24 23:00:00,A,PASV,EL,NR,2019,551,
ESTAT:RAIL_IF_LVLCROS(1.0),30/01/24 23:00:00,A,PASV,EL,NR,2020,552,
ESTAT:RAIL_IF_LVLCROS(1.0),30/01/24 23:00:00,A,PASV,EL,NR,2021,549,
ESTAT:RAIL_IF_LVLCROS(1.0),30/01/24 23:00:00,A,PASV,EL,NR,2022,292,
ESTAT:RAIL_IF_LVLCROS(1.0),30/01/24 23:00:00,A,PASV,ES,NR,2010,1551,
ESTAT:RAIL_IF_LVLCROS(1.0),30/01/24 23:00:00,A,PASV,ES,NR,2011,1493,
ESTAT:RAIL_IF_LVLCROS(1.0),30/01/24 23:00:00,A,PASV,ES,NR,2012,1472,
ESTAT:RAIL_IF_LVLCROS(1.0),30/01/24 23:00:00,A,PASV,ES,NR,2013,2143,
ESTAT:RAIL_IF_LVLCROS(1.0),30/01/24 23:00:00,A,PASV,ES,NR,2014,2123,
ESTAT:RAIL_IF_LVLCROS(1.0),30/01/24 23:00:00,A,PASV,ES,NR,2015,2102,
ESTAT:RAIL_IF_LVLCROS(1.0),30/01/24 23:00:00,A,PASV,ES,NR,2016,2064,
ESTAT:RAIL_IF_LVLCROS(1.0),30/01/24 23:00:00,A,PASV,ES,NR,2017,2043,
ESTAT:RAIL_IF_LVLCROS(1.0),30/01/24 23:00:00,A,PASV,ES,NR,2018,2025,
ESTAT:RAIL_IF_LVLCROS(1.0),30/01/24 23:00:00,A,PASV,ES,NR,2019,2010,
ESTAT:RAIL_IF_LVLCROS(1.0),30/01/24 23:00:00,A,PASV,ES,NR,2020,1988,
ESTAT:RAIL_IF_LVLCROS(1.0),30/01/24 23:00:00,A,PASV,ES,NR,2021,1915,
ESTAT:RAIL_IF_LVLCROS(1.0),30/01/24 23:00:00,A,PASV,ES,NR,2022,1853,
ESTAT:RAIL_IF_LVLCROS(1.0),30/01/24 23:00:00,A,PASV,EU27_2020,NR,2010,56142,
ESTAT:RAIL_IF_LVLCROS(1.0),30/01/24 23:00:00,A,PASV,EU27_2020,NR,2011,52053,
ESTAT:RAIL_IF_LVLCROS(1.0),30/01/24 23:00:00,A,PASV,EU27_2020,NR,2012,50933,
ESTAT:RAIL_IF_LVLCROS(1.0),30/01/24 23:00:00,A,PASV,EU27_2020,NR,2013,47404,
ESTAT:RAIL_IF_LVLCROS(1.0),30/01/24 23:00:00,A,PASV,EU27_2020,NR,2014,46390,
ESTAT:RAIL_IF_LVLCROS(1.0),30/01/24 23:00:00,A,PASV,EU27_2020,NR,2015,46206,
ESTAT:RAIL_IF_LVLCROS(1.0),30/01/24 23:00:00,A,PASV,EU27_2020,NR,2016,45190,
ESTAT:RAIL_IF_LVLCROS(1.0),30/01/24 23:00:00,A,PASV,EU27_2020,NR,2017,44797,
ESTAT:RAIL_IF_LVLCROS(1.0),30/01/24 23:00:00,A,PASV,EU27_2020,NR,2018,43492,
ESTAT:RAIL_IF_LVLCROS(1.0),30/01/24 23:00:00,A,PASV,EU27_2020,NR,2019,42586,
ESTAT:RAIL_IF_LVLCROS(1.0),30/01/24 23:00:00,A,PASV,EU27_2020,NR,2020,41355,
ESTAT:RAIL_IF_LVLCROS(1.0),30/01/24 23:00:00,A,PASV,EU27_2020,NR,2021,40009,
ESTAT:RAIL_IF_LVLCROS(1.0),30/01/24 23:00:00,A,PASV,EU27_2020,NR,2022,38413,
ESTAT:RAIL_IF_LVLCROS(1.0),30/01/24 23:00:00,A,PASV,FI,NR,2010,3016,
ESTAT:RAIL_IF_LVLCROS(1.0),30/01/24 23:00:00,A,PASV,FI,NR,2011,2939,
ESTAT:RAIL_IF_LVLCROS(1.0),30/01/24 23:00:00,A,PASV,FI,NR,2012,2787,
ESTAT:RAIL_IF_LVLCROS(1.0),30/01/24 23:00:00,A,PASV,FI,NR,2013,2725,
ESTAT:RAIL_IF_LVLCROS(1.0),30/01/24 23:00:00,A,PASV,FI,NR,2014,2617,
ESTAT:RAIL_IF_LVLCROS(1.0),30/01/24 23:00:00,A,PASV,FI,NR,2015,2525,
ESTAT:RAIL_IF_LVLCROS(1.0),30/01/24 23:00:00,A,PASV,FI,NR,2016,2511,
ESTAT:RAIL_IF_LVLCROS(1.0),30/01/24 23:00:00,A,PASV,FI,NR,2017,2459,
ESTAT:RAIL_IF_LVLCROS(1.0),30/01/24 23:00:00,A,PASV,FI,NR,2018,2435,
ESTAT:RAIL_IF_LVLCROS(1.0),30/01/24 23:00:00,A,PASV,FI,NR,2019,2385,
ESTAT:RAIL_IF_LVLCROS(1.0),30/01/24 23:00:00,A,PASV,FI,NR,2020,1882,
ESTAT:RAIL_IF_LVLCROS(1.0),30/01/24 23:00:00,A,PASV,FI,NR,2021,1835,
ESTAT:RAIL_IF_LVLCROS(1.0),30/01/24 23:00:00,A,PASV,FI,NR,2022,1784,
ESTAT:RAIL_IF_LVLCROS(1.0),30/01/24 23:00:00,A,PASV,FR,NR,2010,5254,
ESTAT:RAIL_IF_LVLCROS(1.0),30/01/24 23:00:00,A,PASV,FR,NR,2011,5445,
ESTAT:RAIL_IF_LVLCROS(1.0),30/01/24 23:00:00,A,PASV,FR,NR,2012,6212,
ESTAT:RAIL_IF_LVLCROS(1.0),30/01/24 23:00:00,A,PASV,FR,NR,2013,3478,
ESTAT:RAIL_IF_LVLCROS(1.0),30/01/24 23:00:00,A,PASV,FR,NR,2014,3468,
ESTAT:RAIL_IF_LVLCROS(1.0),30/01/24 23:00:00,A,PASV,FR,NR,2015,5223,
ESTAT:RAIL_IF_LVLCROS(1.0),30/01/24 23:00:00,A,PASV,FR,NR,2016,5127,
ESTAT:RAIL_IF_LVLCROS(1.0),30/01/24 23:00:00,A,PASV,FR,NR,2017,5073,
ESTAT:RAIL_IF_LVLCROS(1.0),30/01/24 23:00:00,A,PASV,FR,NR,2018,4078,
ESTAT:RAIL_IF_LVLCROS(1.0),30/01/24 23:00:00,A,PASV,FR,NR,2019,3960,
ESTAT:RAIL_IF_LVLCROS(1.0),30/01/24 23:00:00,A,PASV,FR,NR,2020,3971,
ESTAT:RAIL_IF_LVLCROS(1.0),30/01/24 23:00:00,A,PASV,FR,NR,2021,3793,
ESTAT:RAIL_IF_LVLCROS(1.0),30/01/24 23:00:00,A,PASV,FR,NR,2022,3513,
ESTAT:RAIL_IF_LVLCROS(1.0),30/01/24 23:00:00,A,PASV,HR,NR,2010,912,
ESTAT:RAIL_IF_LVLCROS(1.0),30/01/24 23:00:00,A,PASV,HR,NR,2011,924,
ESTAT:RAIL_IF_LVLCROS(1.0),30/01/24 23:00:00,A,PASV,HR,NR,2012,924,
ESTAT:RAIL_IF_LVLCROS(1.0),30/01/24 23:00:00,A,PASV,HR,NR,2013,960,
ESTAT:RAIL_IF_LVLCROS(1.0),30/01/24 23:00:00,A,PASV,HR,NR,2014,896,
ESTAT:RAIL_IF_LVLCROS(1.0),30/01/24 23:00:00,A,PASV,HR,NR,2015,896,
ESTAT:RAIL_IF_LVLCROS(1.0),30/01/24 23:00:00,A,PASV,HR,NR,2016,948,
ESTAT:RAIL_IF_LVLCROS(1.0),30/01/24 23:00:00,A,PASV,HR,NR,2017,947,
ESTAT:RAIL_IF_LVLCROS(1.0),30/01/24 23:00:00,A,PASV,HR,NR,2018,927,
ESTAT:RAIL_IF_LVLCROS(1.0),30/01/24 23:00:00,A,PASV,HR,NR,2019,921,
ESTAT:RAIL_IF_LVLCROS(1.0),30/01/24 23:00:00,A,PASV,HR,NR,2020,921,
ESTAT:RAIL_IF_LVLCROS(1.0),30/01/24 23:00:00,A,PASV,HR,NR,2021,906,
ESTAT:RAIL_IF_LVLCROS(1.0),30/01/24 23:00:00,A,PASV,HR,NR,2022,836,
ESTAT:RAIL_IF_LVLCROS(1.0),30/01/24 23:00:00,A,PASV,HU,NR,2010,3144,
ESTAT:RAIL_IF_LVLCROS(1.0),30/01/24 23:00:00,A,PASV,HU,NR,2011,3151,
ESTAT:RAIL_IF_LVLCROS(1.0),30/01/24 23:00:00,A,PASV,HU,NR,2012,3151,
ESTAT:RAIL_IF_LVLCROS(1.0),30/01/24 23:00:00,A,PASV,HU,NR,2013,3151,
ESTAT:RAIL_IF_LVLCROS(1.0),30/01/24 23:00:00,A,PASV,HU,NR,2014,3151,
ESTAT:RAIL_IF_LVLCROS(1.0),30/01/24 23:00:00,A,PASV,HU,NR,2015,3151,
ESTAT:RAIL_IF_LVLCROS(1.0),30/01/24 23:00:00,A,PASV,HU,NR,2016,3144,
ESTAT:RAIL_IF_LVLCROS(1.0),30/01/24 23:00:00,A,PASV,HU,NR,2017,3144,
ESTAT:RAIL_IF_LVLCROS(1.0),30/01/24 23:00:00,A,PASV,HU,NR,2018,3144,
ESTAT:RAIL_IF_LVLCROS(1.0),30/01/24 23:00:00,A,PASV,HU,NR,2019,3144,
ESTAT:RAIL_IF_LVLCROS(1.0),30/01/24 23:00:00,A,PASV,HU,NR,2020,3144,
ESTAT:RAIL_IF_LVLCROS(1.0),30/01/24 23:00:00,A,PASV,HU,NR,2021,3144,
ESTAT:RAIL_IF_LVLCROS(1.0),30/01/24 23:00:00,A,PASV,HU,NR,2022,3144,
ESTAT:RAIL_IF_LVLCROS(1.0),30/01/24 23:00:00,A,PASV,IE,NR,2006,954,
ESTAT:RAIL_IF_LVLCROS(1.0),30/01/24 23:00:00,A,PASV,IE,NR,2007,909,
ESTAT:RAIL_IF_LVLCROS(1.0),30/01/24 23:00:00,A,PASV,IE,NR,2008,879,
ESTAT:RAIL_IF_LVLCROS(1.0),30/01/24 23:00:00,A,PASV,IE,NR,2009,852,
ESTAT:RAIL_IF_LVLCROS(1.0),30/01/24 23:00:00,A,PASV,IE,NR,2010,838,
ESTAT:RAIL_IF_LVLCROS(1.0),30/01/24 23:00:00,A,PASV,IE,NR,2011,813,
ESTAT:RAIL_IF_LVLCROS(1.0),30/01/24 23:00:00,A,PASV,IE,NR,2012,808,
ESTAT:RAIL_IF_LVLCROS(1.0),30/01/24 23:00:00,A,PASV,IE,NR,2013,806,
ESTAT:RAIL_IF_LVLCROS(1.0),30/01/24 23:00:00,A,PASV,IE,NR,2014,777,
ESTAT:RAIL_IF_LVLCROS(1.0),30/01/24 23:00:00,A,PASV,IE,NR,2015,787,
ESTAT:RAIL_IF_LVLCROS(1.0),30/01/24 23:00:00,A,PASV,IE,NR,2016,768,
ESTAT:RAIL_IF_LVLCROS(1.0),30/01/24 23:00:00,A,PASV,IE,NR,2017,741,
ESTAT:RAIL_IF_LVLCROS(1.0),30/01/24 23:00:00,A,PASV,IE,NR,2018,730,
ESTAT:RAIL_IF_LVLCROS(1.0),30/01/24 23:00:00,A,PASV,IE,NR,2019,730,
ESTAT:RAIL_IF_LVLCROS(1.0),30/01/24 23:00:00,A,PASV,IE,NR,2020,712,
ESTAT:RAIL_IF_LVLCROS(1.0),30/01/24 23:00:00,A,PASV,IE,NR,2021,689,
ESTAT:RAIL_IF_LVLCROS(1.0),30/01/24 23:00:00,A,PASV,IE,NR,2022,678,
ESTAT:RAIL_IF_LVLCROS(1.0),30/01/24 23:00:00,A,PASV,IT,NR,2010,1100,
ESTAT:RAIL_IF_LVLCROS(1.0),30/01/24 23:00:00,A,PASV,IT,NR,2011,1182,
ESTAT:RAIL_IF_LVLCROS(1.0),30/01/24 23:00:00,A,PASV,IT,NR,2012,1239,
ESTAT:RAIL_IF_LVLCROS(1.0),30/01/24 23:00:00,A,PASV,IT,NR,2013,1225,
ESTAT:RAIL_IF_LVLCROS(1.0),30/01/24 23:00:00,A,PASV,IT,NR,2014,1161,
ESTAT:RAIL_IF_LVLCROS(1.0),30/01/24 23:00:00,A,PASV,IT,NR,2015,1059,
ESTAT:RAIL_IF_LVLCROS(1.0),30/01/24 23:00:00,A,PASV,IT,NR,2016,1083,
ESTAT:RAIL_IF_LVLCROS(1.0),30/01/24 23:00:00,A,PASV,IT,NR,2017,996,
ESTAT:RAIL_IF_LVLCROS(1.0),30/01/24 23:00:00,A,PASV,IT,NR,2018,970,
ESTAT:RAIL_IF_LVLCROS(1.0),30/01/24 23:00:00,A,PASV,IT,NR,2019,868,
ESTAT:RAIL_IF_LVLCROS(1.0),30/01/24 23:00:00,A,PASV,IT,NR,2020,788,
ESTAT:RAIL_IF_LVLCROS(1.0),30/01/24 23:00:00,A,PASV,IT,NR,2021,712,
ESTAT:RAIL_IF_LVLCROS(1.0),30/01/24 23:00:00,A,PASV,IT,NR,2022,685,
ESTAT:RAIL_IF_LVLCROS(1.0),30/01/24 23:00:00,A,PASV,LT,NR,2010,154,
ESTAT:RAIL_IF_LVLCROS(1.0),30/01/24 23:00:00,A,PASV,LT,NR,2011,154,
ESTAT:RAIL_IF_LVLCROS(1.0),30/01/24 23:00:00,A,PASV,LT,NR,2012,158,
ESTAT:RAIL_IF_LVLCROS(1.0),30/01/24 23:00:00,A,PASV,LT,NR,2013,175,
ESTAT:RAIL_IF_LVLCROS(1.0),30/01/24 23:00:00,A,PASV,LT,NR,2014,173,
ESTAT:RAIL_IF_LVLCROS(1.0),30/01/24 23:00:00,A,PASV,LT,NR,2015,156,
ESTAT:RAIL_IF_LVLCROS(1.0),30/01/24 23:00:00,A,PASV,LT,NR,2016,158,
ESTAT:RAIL_IF_LVLCROS(1.0),30/01/24 23:00:00,A,PASV,LT,NR,2017,158,
ESTAT:RAIL_IF_LVLCROS(1.0),30/01/24 23:00:00,A,PASV,LT,NR,2018,158,
ESTAT:RAIL_IF_LVLCROS(1.0),30/01/24 23:00:00,A,PASV,LT,NR,2019,158,
ESTAT:RAIL_IF_LVLCROS(1.0),30/01/24 23:00:00,A,PASV,LT,NR,2020,158,
ESTAT:RAIL_IF_LVLCROS(1.0),30/01/24 23:00:00,A,PASV,LT,NR,2021,158,
ESTAT:RAIL_IF_LVLCROS(1.0),30/01/24 23:00:00,A,PASV,LT,NR,2022,204,
ESTAT:RAIL_IF_LVLCROS(1.0),30/01/24 23:00:00,A,PASV,LU,NR,2010,32,
ESTAT:RAIL_IF_LVLCROS(1.0),30/01/24 23:00:00,A,PASV,LU,NR,2011,32,
ESTAT:RAIL_IF_LVLCROS(1.0),30/01/24 23:00:00,A,PASV,LU,NR,2012,31,
ESTAT:RAIL_IF_LVLCROS(1.0),30/01/24 23:00:00,A,PASV,LU,NR,2013,31,
ESTAT:RAIL_IF_LVLCROS(1.0),30/01/24 23:00:00,A,PASV,LU,NR,2014,26,
ESTAT:RAIL_IF_LVLCROS(1.0),30/01/24 23:00:00,A,PASV,LU,NR,2015,25,
ESTAT:RAIL_IF_LVLCROS(1.0),30/01/24 23:00:00,A,PASV,LU,NR,2016,24,
ESTAT:RAIL_IF_LVLCROS(1.0),30/01/24 23:00:00,A,PASV,LU,NR,2017,21,
ESTAT:RAIL_IF_LVLCROS(1.0),30/01/24 23:00:00,A,PASV,LU,NR,2018,19,
ESTAT:RAIL_IF_LVLCROS(1.0),30/01/24 23:00:00,A,PASV,LU,NR,2019,14,
ESTAT:RAIL_IF_LVLCROS(1.0),30/01/24 23:00:00,A,PASV,LU,NR,2020,13,
ESTAT:RAIL_IF_LVLCROS(1.0),30/01/24 23:00:00,A,PASV,LU,NR,2021,13,
ESTAT:RAIL_IF_LVLCROS(1.0),30/01/24 23:00:00,A,PASV,LU,NR,2022,11,
ESTAT:RAIL_IF_LVLCROS(1.0),30/01/24 23:00:00,A,PASV,LV,NR,2010,155,
ESTAT:RAIL_IF_LVLCROS(1.0),30/01/24 23:00:00,A,PASV,LV,NR,2011,150,
ESTAT:RAIL_IF_LVLCROS(1.0),30/01/24 23:00:00,A,PASV,LV,NR,2012,143,
ESTAT:RAIL_IF_LVLCROS(1.0),30/01/24 23:00:00,A,PASV,LV,NR,2013,146,
ESTAT:RAIL_IF_LVLCROS(1.0),30/01/24 23:00:00,A,PASV,LV,NR,2014,169,
ESTAT:RAIL_IF_LVLCROS(1.0),30/01/24 23:00:00,A,PASV,LV,NR,2015,170,
ESTAT:RAIL_IF_LVLCROS(1.0),30/01/24 23:00:00,A,PASV,LV,NR,2016,170,
ESTAT:RAIL_IF_LVLCROS(1.0),30/01/24 23:00:00,A,PASV,LV,NR,2017,173,
ESTAT:RAIL_IF_LVLCROS(1.0),30/01/24 23:00:00,A,PASV,LV,NR,2018,148,
ESTAT:RAIL_IF_LVLCROS(1.0),30/01/24 23:00:00,A,PASV,LV,NR,2019,148,
ESTAT:RAIL_IF_LVLCROS(1.0),30/01/24 23:00:00,A,PASV,LV,NR,2020,145,
ESTAT:RAIL_IF_LVLCROS(1.0),30/01/24 23:00:00,A,PASV,LV,NR,2021,145,
ESTAT:RAIL_IF_LVLCROS(1.0),30/01/24 23:00:00,A,PASV,LV,NR,2022,143,
ESTAT:RAIL_IF_LVLCROS(1.0),30/01/24 23:00:00,A,PASV,NL,NR,2010,622,
ESTAT:RAIL_IF_LVLCROS(1.0),30/01/24 23:00:00,A,PASV,NL,NR,2011,628,
ESTAT:RAIL_IF_LVLCROS(1.0),30/01/24 23:00:00,A,PASV,NL,NR,2012,653,
ESTAT:RAIL_IF_LVLCROS(1.0),30/01/24 23:00:00,A,PASV,NL,NR,2013,602,
ESTAT:RAIL_IF_LVLCROS(1.0),30/01/24 23:00:00,A,PASV,NL,NR,2014,520,
ESTAT:RAIL_IF_LVLCROS(1.0),30/01/24 23:00:00,A,PASV,NL,NR,2015,522,
ESTAT:RAIL_IF_LVLCROS(1.0),30/01/24 23:00:00,A,PASV,NL,NR,2016,497,
ESTAT:RAIL_IF_LVLCROS(1.0),30/01/24 23:00:00,A,PASV,NL,NR,2017,607,
ESTAT:RAIL_IF_LVLCROS(1.0),30/01/24 23:00:00,A,PASV,NL,NR,2018,714,
ESTAT:RAIL_IF_LVLCROS(1.0),30/01/24 23:00:00,A,PASV,NL,NR,2019,714,
ESTAT:RAIL_IF_LVLCROS(1.0),30/01/24 23:00:00,A,PASV,NL,NR,2020,674,
ESTAT:RAIL_IF_LVLCROS(1.0),30/01/24 23:00:00,A,PASV,NL,NR,2021,588,
ESTAT:RAIL_IF_LVLCROS(1.0),30/01/24 23:00:00,A,PASV,NL,NR,2022,570,
ESTAT:RAIL_IF_LVLCROS(1.0),30/01/24 23:00:00,A,PASV,NO,NR,2010,3146,
ESTAT:RAIL_IF_LVLCROS(1.0),30/01/24 23:00:00,A,PASV,NO,NR,2011,3146,
ESTAT:RAIL_IF_LVLCROS(1.0),30/01/24 23:00:00,A,PASV,NO,NR,2012,3146,
ESTAT:RAIL_IF_LVLCROS(1.0),30/01/24 23:00:00,A,PASV,NO,NR,2013,3125,
ESTAT:RAIL_IF_LVLCROS(1.0),30/01/24 23:00:00,A,PASV,NO,NR,2014,3061,
ESTAT:RAIL_IF_LVLCROS(1.0),30/01/24 23:00:00,A,PASV,NO,NR,2015,3107,
ESTAT:RAIL_IF_LVLCROS(1.0),30/01/24 23:00:00,A,PASV,NO,NR,2016,3042,
ESTAT:RAIL_IF_LVLCROS(1.0),30/01/24 23:00:00,A,PASV,NO,NR,2017,3014,
ESTAT:RAIL_IF_LVLCROS(1.0),30/01/24 23:00:00,A,PASV,NO,NR,2018,2964,
ESTAT:RAIL_IF_LVLCROS(1.0),30/01/24 23:00:00,A,PASV,NO,NR,2019,2938,
ESTAT:RAIL_IF_LVLCROS(1.0),30/01/24 23:00:00,A,PASV,NO,NR,2020,2937,
ESTAT:RAIL_IF_LVLCROS(1.0),30/01/24 23:00:00,A,PASV,NO,NR,2021,2879,
ESTAT:RAIL_IF_LVLCROS(1.0),30/01/24 23:00:00,A,PASV,NO,NR,2022,2878,
ESTAT:RAIL_IF_LVLCROS(1.0),30/01/24 23:00:00,A,PASV,PL,NR,2010,8738,
ESTAT:RAIL_IF_LVLCROS(1.0),30/01/24 23:00:00,A,PASV,PL,NR,2011,9109,
ESTAT:RAIL_IF_LVLCROS(1.0),30/01/24 23:00:00,A,PASV,PL,NR,2012,8948,
ESTAT:RAIL_IF_LVLCROS(1.0),30/01/24 23:00:00,A,PASV,PL,NR,2013,8589,
ESTAT:RAIL_IF_LVLCROS(1.0),30/01/24 23:00:00,A,PASV,PL,NR,2014,8391,
ESTAT:RAIL_IF_LVLCROS(1.0),30/01/24 23:00:00,A,PASV,PL,NR,2015,8079,
ESTAT:RAIL_IF_LVLCROS(1.0),30/01/24 23:00:00,A,PASV,PL,NR,2016,7768,
ESTAT:RAIL_IF_LVLCROS(1.0),30/01/24 23:00:00,A,PASV,PL,NR,2017,7441,
ESTAT:RAIL_IF_LVLCROS(1.0),30/01/24 23:00:00,A,PASV,PL,NR,2018,7372,
ESTAT:RAIL_IF_LVLCROS(1.0),30/01/24 23:00:00,A,PASV,PL,NR,2019,7170,
ESTAT:RAIL_IF_LVLCROS(1.0),30/01/24 23:00:00,A,PASV,PL,NR,2020,6799,
ESTAT:RAIL_IF_LVLCROS(1.0),30/01/24 23:00:00,A,PASV,PL,NR,2021,6365,
ESTAT:RAIL_IF_LVLCROS(1.0),30/01/24 23:00:00,A,PASV,PL,NR,2022,6151,
ESTAT:RAIL_IF_LVLCROS(1.0),30/01/24 23:00:00,A,PASV,PT,NR,2010,643,
ESTAT:RAIL_IF_LVLCROS(1.0),30/01/24 23:00:00,A,PASV,PT,NR,2011,592,
ESTAT:RAIL_IF_LVLCROS(1.0),30/01/24 23:00:00,A,PASV,PT,NR,2012,442,
ESTAT:RAIL_IF_LVLCROS(1.0),30/01/24 23:00:00,A,PASV,PT,NR,2013,434,
ESTAT:RAIL_IF_LVLCROS(1.0),30/01/24 23:00:00,A,PASV,PT,NR,2014,398,
ESTAT:RAIL_IF_LVLCROS(1.0),30/01/24 23:00:00,A,PASV,PT,NR,2015,394,
ESTAT:RAIL_IF_LVLCROS(1.0),30/01/24 23:00:00,A,PASV,PT,NR,2016,392,
ESTAT:RAIL_IF_LVLCROS(1.0),30/01/24 23:00:00,A,PASV,PT,NR,2017,390,
ESTAT:RAIL_IF_LVLCROS(1.0),30/01/24 23:00:00,A,PASV,PT,NR,2018,382,
ESTAT:RAIL_IF_LVLCROS(1.0),30/01/24 23:00:00,A,PASV,PT,NR,2019,377,
ESTAT:RAIL_IF_LVLCROS(1.0),30/01/24 23:00:00,A,PASV,PT,NR,2020,375,
ESTAT:RAIL_IF_LVLCROS(1.0),30/01/24 23:00:00,A,PASV,PT,NR,2021,347,
ESTAT:RAIL_IF_LVLCROS(1.0),30/01/24 23:00:00,A,PASV,PT,NR,2022,343,
ESTAT:RAIL_IF_LVLCROS(1.0),30/01/24 23:00:00,A,PASV,RO,NR,2010,3537,
ESTAT:RAIL_IF_LVLCROS(1.0),30/01/24 23:00:00,A,PASV,RO,NR,2011,3475,
ESTAT:RAIL_IF_LVLCROS(1.0),30/01/24 23:00:00,A,PASV,RO,NR,2012,3475,
ESTAT:RAIL_IF_LVLCROS(1.0),30/01/24 23:00:00,A,PASV,RO,NR,2013,3475,
ESTAT:RAIL_IF_LVLCROS(1.0),30/01/24 23:00:00,A,PASV,RO,NR,2014,3515,
ESTAT:RAIL_IF_LVLCROS(1.0),30/01/24 23:00:00,A,PASV,RO,NR,2015,3515,
ESTAT:RAIL_IF_LVLCROS(1.0),30/01/24 23:00:00,A,PASV,RO,NR,2016,3493,
ESTAT:RAIL_IF_LVLCROS(1.0),30/01/24 23:00:00,A,PASV,RO,NR,2017,3460,
ESTAT:RAIL_IF_LVLCROS(1.0),30/01/24 23:00:00,A,PASV,RO,NR,2018,3459,
ESTAT:RAIL_IF_LVLCROS(1.0),30/01/24 23:00:00,A,PASV,RO,NR,2019,3459,
ESTAT:RAIL_IF_LVLCROS(1.0),30/01/24 23:00:00,A,PASV,RO,NR,2020,3449,
ESTAT:RAIL_IF_LVLCROS(1.0),30/01/24 23:00:00,A,PASV,RO,NR,2021,3434,
ESTAT:RAIL_IF_LVLCROS(1.0),30/01/24 23:00:00,A,PASV,RO,NR,2022,3416,
ESTAT:RAIL_IF_LVLCROS(1.0),30/01/24 23:00:00,A,PASV,SE,NR,2010,8036,
ESTAT:RAIL_IF_LVLCROS(1.0),30/01/24 23:00:00,A,PASV,SE,NR,2011,5486,
ESTAT:RAIL_IF_LVLCROS(1.0),30/01/24 23:00:00,A,PASV,SE,NR,2012,5334,
ESTAT:RAIL_IF_LVLCROS(1.0),30/01/24 23:00:00,A,PASV,SE,NR,2013,5029,
ESTAT:RAIL_IF_LVLCROS(1.0),30/01/24 23:00:00,A,PASV,SE,NR,2014,4812,
ESTAT:RAIL_IF_LVLCROS(1.0),30/01/24 23:00:00,A,PASV,SE,NR,2015,3579,
ESTAT:RAIL_IF_LVLCROS(1.0),30/01/24 23:00:00,A,PASV,SE,NR,2016,3579,
ESTAT:RAIL_IF_LVLCROS(1.0),30/01/24 23:00:00,A,PASV,SE,NR,2017,3784,
ESTAT:RAIL_IF_LVLCROS(1.0),30/01/24 23:00:00,A,PASV,SE,NR,2018,3770,
ESTAT:RAIL_IF_LVLCROS(1.0),30/01/24 23:00:00,A,PASV,SE,NR,2019,3842,
ESTAT:RAIL_IF_LVLCROS(1.0),30/01/24 23:00:00,A,PASV,SE,NR,2020,3833,
ESTAT:RAIL_IF_LVLCROS(1.0),30/01/24 23:00:00,A,PASV,SE,NR,2021,3801,
ESTAT:RAIL_IF_LVLCROS(1.0),30/01/24 23:00:00,A,PASV,SE,NR,2022,3607,
ESTAT:RAIL_IF_LVLCROS(1.0),30/01/24 23:00:00,A,PASV,SI,NR,2007,610,
ESTAT:RAIL_IF_LVLCROS(1.0),30/01/24 23:00:00,A,PASV,SI,NR,2008,599,
ESTAT:RAIL_IF_LVLCROS(1.0),30/01/24 23:00:00,A,PASV,SI,NR,2009,573,
ESTAT:RAIL_IF_LVLCROS(1.0),30/01/24 23:00:00,A,PASV,SI,NR,2010,549,
ESTAT:RAIL_IF_LVLCROS(1.0),30/01/24 23:00:00,A,PASV,SI,NR,2011,505,
ESTAT:RAIL_IF_LVLCROS(1.0),30/01/24 23:00:00,A,PASV,SI,NR,2012,503,
ESTAT:RAIL_IF_LVLCROS(1.0),30/01/24 23:00:00,A,PASV,SI,NR,2013,492,
ESTAT:RAIL_IF_LVLCROS(1.0),30/01/24 23:00:00,A,PASV,SI,NR,2014,451,
ESTAT:RAIL_IF_LVLCROS(1.0),30/01/24 23:00:00,A,PASV,SI,NR,2015,437,
ESTAT:RAIL_IF_LVLCROS(1.0),30/01/24 23:00:00,A,PASV,SI,NR,2016,434,
ESTAT:RAIL_IF_LVLCROS(1.0),30/01/24 23:00:00,A,PASV,SI,NR,2017,426,
ESTAT:RAIL_IF_LVLCROS(1.0),30/01/24 23:00:00,A,PASV,SI,NR,2018,421,
ESTAT:RAIL_IF_LVLCROS(1.0),30/01/24 23:00:00,A,PASV,SI,NR,2019,408,
ESTAT:RAIL_IF_LVLCROS(1.0),30/01/24 23:00:00,A,PASV,SI,NR,2020,375,
ESTAT:RAIL_IF_LVLCROS(1.0),30/01/24 23:00:00,A,PASV,SI,NR,2021,349,
ESTAT:RAIL_IF_LVLCROS(1.0),30/01/24 23:00:00,A,PASV,SI,NR,2022,347,
ESTAT:RAIL_IF_LVLCROS(1.0),30/01/24 23:00:00,A,PASV,SK,NR,2010,1138,
ESTAT:RAIL_IF_LVLCROS(1.0),30/01/24 23:00:00,A,PASV,SK,NR,2011,1080,
ESTAT:RAIL_IF_LVLCROS(1.0),30/01/24 23:00:00,A,PASV,SK,NR,2012,1072,
ESTAT:RAIL_IF_LVLCROS(1.0),30/01/24 23:00:00,A,PASV,SK,NR,2013,1061,
ESTAT:RAIL_IF_LVLCROS(1.0),30/01/24 23:00:00,A,PASV,SK,NR,2014,1052,
ESTAT:RAIL_IF_LVLCROS(1.0),30/01/24 23:00:00,A,PASV,SK,NR,2015,1041,
ESTAT:RAIL_IF_LVLCROS(1.0),30/01/24 23:00:00,A,PASV,SK,NR,2016,1036,
ESTAT:RAIL_IF_LVLCROS(1.0),30/01/24 23:00:00,A,PASV,SK,NR,2017,1032,
ESTAT:RAIL_IF_LVLCROS(1.0),30/01/24 23:00:00,A,PASV,SK,NR,2018,1014,
ESTAT:RAIL_IF_LVLCROS(1.0),30/01/24 23:00:00,A,PASV,SK,NR,2019,1007,
ESTAT:RAIL_IF_LVLCROS(1.0),30/01/24 23:00:00,A,PASV,SK,NR,2020,1003,
ESTAT:RAIL_IF_LVLCROS(1.0),30/01/24 23:00:00,A,PASV,SK,NR,2021,1001,
ESTAT:RAIL_IF_LVLCROS(1.0),30/01/24 23:00:00,A,PASV,SK,NR,2022,1000,
ESTAT:RAIL_IF_LVLCROS(1.0),30/01/24 23:00:00,A,TOTAL,AT,NR,2006,6977,
ESTAT:RAIL_IF_LVLCROS(1.0),30/01/24 23:00:00,A,TOTAL,AT,NR,2007,6776,
ESTAT:RAIL_IF_LVLCROS(1.0),30/01/24 23:00:00,A,TOTAL,AT,NR,2008,6713,
ESTAT:RAIL_IF_LVLCROS(1.0),30/01/24 23:00:00,A,TOTAL,AT,NR,2010,5142,
ESTAT:RAIL_IF_LVLCROS(1.0),30/01/24 23:00:00,A,TOTAL,AT,NR,2011,5026,
ESTAT:RAIL_IF_LVLCROS(1.0),30/01/24 23:00:00,A,TOTAL,AT,NR,2012,4680,
ESTAT:RAIL_IF_LVLCROS(1.0),30/01/24 23:00:00,A,TOTAL,AT,NR,2013,4581,
ESTAT:RAIL_IF_LVLCROS(1.0),30/01/24 23:00:00,A,TOTAL,AT,NR,2014,4509,
ESTAT:RAIL_IF_LVLCROS(1.0),30/01/24 23:00:00,A,TOTAL,AT,NR,2015,4419,
ESTAT:RAIL_IF_LVLCROS(1.0),30/01/24 23:00:00,A,TOTAL,AT,NR,2016,4086,
ESTAT:RAIL_IF_LVLCROS(1.0),30/01/24 23:00:00,A,TOTAL,AT,NR,2017,4103,
ESTAT:RAIL_IF_LVLCROS(1.0),30/01/24 23:00:00,A,TOTAL,AT,NR,2018,4192,
ESTAT:RAIL_IF_LVLCROS(1.0),30/01/24 23:00:00,A,TOTAL,AT,NR,2019,4109,
ESTAT:RAIL_IF_LVLCROS(1.0),30/01/24 23:00:00,A,TOTAL,AT,NR,2020,3909,
ESTAT:RAIL_IF_LVLCROS(1.0),30/01/24 23:00:00,A,TOTAL,AT,NR,2021,3675,
ESTAT:RAIL_IF_LVLCROS(1.0),30/01/24 23:00:00,A,TOTAL,AT,NR,2022,3393,
ESTAT:RAIL_IF_LVLCROS(1.0),30/01/24 23:00:00,A,TOTAL,BE,NR,2007,2180,
ESTAT:RAIL_IF_LVLCROS(1.0),30/01/24 23:00:00,A,TOTAL,BE,NR,2008,2110,
ESTAT:RAIL_IF_LVLCROS(1.0),30/01/24 23:00:00,A,TOTAL,BE,NR,2009,1913,
ESTAT:RAIL_IF_LVLCROS(1.0),30/01/24 23:00:00,A,TOTAL,BE,NR,2010,1902,
ESTAT:RAIL_IF_LVLCROS(1.0),30/01/24 23:00:00,A,TOTAL,BE,NR,2011,1879,
ESTAT:RAIL_IF_LVLCROS(1.0),30/01/24 23:00:00,A,TOTAL,BE,NR,2012,1857,
ESTAT:RAIL_IF_LVLCROS(1.0),30/01/24 23:00:00,A,TOTAL,BE,NR,2013,1848,
ESTAT:RAIL_IF_LVLCROS(1.0),30/01/24 23:00:00,A,TOTAL,BE,NR,2014,1818,
ESTAT:RAIL_IF_LVLCROS(1.0),30/01/24 23:00:00,A,TOTAL,BE,NR,2015,1773,
ESTAT:RAIL_IF_LVLCROS(1.0),30/01/24 23:00:00,A,TOTAL,BE,NR,2016,1751,
ESTAT:RAIL_IF_LVLCROS(1.0),30/01/24 23:00:00,A,TOTAL,BE,NR,2017,1737,
ESTAT:RAIL_IF_LVLCROS(1.0),30/01/24 23:00:00,A,TOTAL,BE,NR,2018,1713,
ESTAT:RAIL_IF_LVLCROS(1.0),30/01/24 23:00:00,A,TOTAL,BE,NR,2019,1700,
ESTAT:RAIL_IF_LVLCROS(1.0),30/01/24 23:00:00,A,TOTAL,BE,NR,2020,1662,
ESTAT:RAIL_IF_LVLCROS(1.0),30/01/24 23:00:00,A,TOTAL,BE,NR,2021,1650,
ESTAT:RAIL_IF_LVLCROS(1.0),30/01/24 23:00:00,A,TOTAL,BE,NR,2022,1630,
ESTAT:RAIL_IF_LVLCROS(1.0),30/01/24 23:00:00,A,TOTAL,BG,NR,2010,815,
ESTAT:RAIL_IF_LVLCROS(1.0),30/01/24 23:00:00,A,TOTAL,BG,NR,2011,788,
ESTAT:RAIL_IF_LVLCROS(1.0),30/01/24 23:00:00,A,TOTAL,BG,NR,2012,783,
ESTAT:RAIL_IF_LVLCROS(1.0),30/01/24 23:00:00,A,TOTAL,BG,NR,2013,785,
ESTAT:RAIL_IF_LVLCROS(1.0),30/01/24 23:00:00,A,TOTAL,BG,NR,2014,774,
ESTAT:RAIL_IF_LVLCROS(1.0),30/01/24 23:00:00,A,TOTAL,BG,NR,2015,766,
ESTAT:RAIL_IF_LVLCROS(1.0),30/01/24 23:00:00,A,TOTAL,BG,NR,2016,761,
ESTAT:RAIL_IF_LVLCROS(1.0),30/01/24 23:00:00,A,TOTAL,BG,NR,2017,757,
ESTAT:RAIL_IF_LVLCROS(1.0),30/01/24 23:00:00,A,TOTAL,BG,NR,2018,757,
ESTAT:RAIL_IF_LVLCROS(1.0),30/01/24 23:00:00,A,TOTAL,BG,NR,2019,757,
ESTAT:RAIL_IF_LVLCROS(1.0),30/01/24 23:00:00,A,TOTAL,BG,NR,2020,758,
ESTAT:RAIL_IF_LVLCROS(1.0),30/01/24 23:00:00,A,TOTAL,BG,NR,2021,757,
ESTAT:RAIL_IF_LVLCROS(1.0),30/01/24 23:00:00,A,TOTAL,BG,NR,2022,752,
ESTAT:RAIL_IF_LVLCROS(1.0),30/01/24 23:00:00,A,TOTAL,CH,NR,2009,1927,
ESTAT:RAIL_IF_LVLCROS(1.0),30/01/24 23:00:00,A,TOTAL,CH,NR,2010,1853,
ESTAT:RAIL_IF_LVLCROS(1.0),30/01/24 23:00:00,A,TOTAL,CH,NR,2011,1767,
ESTAT:RAIL_IF_LVLCROS(1.0),30/01/24 23:00:00,A,TOTAL,CH,NR,2012,1697,
ESTAT:RAIL_IF_LVLCROS(1.0),30/01/24 23:00:00,A,TOTAL,CH,NR,2013,1677,
ESTAT:RAIL_IF_LVLCROS(1.0),30/01/24 23:00:00,A,TOTAL,CH,NR,2014,370,
ESTAT:RAIL_IF_LVLCROS(1.0),30/01/24 23:00:00,A,TOTAL,CH,NR,2015,1576,
ESTAT:RAIL_IF_LVLCROS(1.0),30/01/24 23:00:00,A,TOTAL,CH,NR,2016,1574,
ESTAT:RAIL_IF_LVLCROS(1.0),30/01/24 23:00:00,A,TOTAL,CH,NR,2017,1554,
ESTAT:RAIL_IF_LVLCROS(1.0),30/01/24 23:00:00,A,TOTAL,CH,NR,2018,1555,
ESTAT:RAIL_IF_LVLCROS(1.0),30/01/24 23:00:00,A,TOTAL,CH,NR,2019,1547,
ESTAT:RAIL_IF_LVLCROS(1.0),30/01/24 23:00:00,A,TOTAL,CH,NR,2020,1539,
ESTAT:RAIL_IF_LVLCROS(1.0),30/01/24 23:00:00,A,TOTAL,CH,NR,2021,1536,
ESTAT:RAIL_IF_LVLCROS(1.0),30/01/24 23:00:00,A,TOTAL,CH,NR,2022,1534,
ESTAT:RAIL_IF_LVLCROS(1.0),30/01/24 23:00:00,A,TOTAL,CZ,NR,2006,8576,
ESTAT:RAIL_IF_LVLCROS(1.0),30/01/24 23:00:00,A,TOTAL,CZ,NR,2007,8628,
ESTAT:RAIL_IF_LVLCROS(1.0),30/01/24 23:00:00,A,TOTAL,CZ,NR,2008,8551,
ESTAT:RAIL_IF_LVLCROS(1.0),30/01/24 23:00:00,A,TOTAL,CZ,NR,2009,8523,
ESTAT:RAIL_IF_LVLCROS(1.0),30/01/24 23:00:00,A,TOTAL,CZ,NR,2010,8491,
ESTAT:RAIL_IF_LVLCROS(1.0),30/01/24 23:00:00,A,TOTAL,CZ,NR,2011,8315,
ESTAT:RAIL_IF_LVLCROS(1.0),30/01/24 23:00:00,A,TOTAL,CZ,NR,2012,8315,
ESTAT:RAIL_IF_LVLCROS(1.0),30/01/24 23:00:00,A,TOTAL,CZ,NR,2013,8041,
ESTAT:RAIL_IF_LVLCROS(1.0),30/01/24 23:00:00,A,TOTAL,CZ,NR,2014,8001,
ESTAT:RAIL_IF_LVLCROS(1.0),30/01/24 23:00:00,A,TOTAL,CZ,NR,2015,7989,
ESTAT:RAIL_IF_LVLCROS(1.0),30/01/24 23:00:00,A,TOTAL,CZ,NR,2016,7961,
ESTAT:RAIL_IF_LVLCROS(1.0),30/01/24 23:00:00,A,TOTAL,CZ,NR,2017,8189,
ESTAT:RAIL_IF_LVLCROS(1.0),30/01/24 23:00:00,A,TOTAL,CZ,NR,2018,8185,
ESTAT:RAIL_IF_LVLCROS(1.0),30/01/24 23:00:00,A,TOTAL,CZ,NR,2019,8151,
ESTAT:RAIL_IF_LVLCROS(1.0),30/01/24 23:00:00,A,TOTAL,CZ,NR,2020,8057,
ESTAT:RAIL_IF_LVLCROS(1.0),30/01/24 23:00:00,A,TOTAL,CZ,NR,2021,8056,
ESTAT:RAIL_IF_LVLCROS(1.0),30/01/24 23:00:00,A,TOTAL,CZ,NR,2022,7972,
ESTAT:RAIL_IF_LVLCROS(1.0),30/01/24 23:00:00,A,TOTAL,DE,NR,2006,20317,
ESTAT:RAIL_IF_LVLCROS(1.0),30/01/24 23:00:00,A,TOTAL,DE,NR,2007,19011,
ESTAT:RAIL_IF_LVLCROS(1.0),30/01/24 23:00:00,A,TOTAL,DE,NR,2008,18051,
ESTAT:RAIL_IF_LVLCROS(1.0),30/01/24 23:00:00,A,TOTAL,DE,NR,2009,17508,
ESTAT:RAIL_IF_LVLCROS(1.0),30/01/24 23:00:00,A,TOTAL,DE,NR,2010,17393,
ESTAT:RAIL_IF_LVLCROS(1.0),30/01/24 23:00:00,A,TOTAL,DE,NR,2011,15520,
ESTAT:RAIL_IF_LVLCROS(1.0),30/01/24 23:00:00,A,TOTAL,DE,NR,2012,14276,
ESTAT:RAIL_IF_LVLCROS(1.0),30/01/24 23:00:00,A,TOTAL,DE,NR,2013,14096,
ESTAT:RAIL_IF_LVLCROS(1.0),30/01/24 23:00:00,A,TOTAL,DE,NR,2014,13983,
ESTAT:RAIL_IF_LVLCROS(1.0),30/01/24 23:00:00,A,TOTAL,DE,NR,2015,14204,
ESTAT:RAIL_IF_LVLCROS(1.0),30/01/24 23:00:00,A,TOTAL,DE,NR,2016,14054,
ESTAT:RAIL_IF_LVLCROS(1.0),30/01/24 23:00:00,A,TOTAL,DE,NR,2017,13984,
ESTAT:RAIL_IF_LVLCROS(1.0),30/01/24 23:00:00,A,TOTAL,DE,NR,2018,13900,
ESTAT:RAIL_IF_LVLCROS(1.0),30/01/24 23:00:00,A,TOTAL,DE,NR,2019,13692,
ESTAT:RAIL_IF_LVLCROS(1.0),30/01/24 23:00:00,A,TOTAL,DE,NR,2020,13615,
ESTAT:RAIL_IF_LVLCROS(1.0),30/01/24 23:00:00,A,TOTAL,DE,NR,2021,13586,
ESTAT:RAIL_IF_LVLCROS(1.0),30/01/24 23:00:00,A,TOTAL,DE,NR,2022,13541,
ESTAT:RAIL_IF_LVLCROS(1.0),30/01/24 23:00:00,A,TOTAL,DK,NR,2006,1548,
ESTAT:RAIL_IF_LVLCROS(1.0),30/01/24 23:00:00,A,TOTAL,DK,NR,2007,1480,
ESTAT:RAIL_IF_LVLCROS(1.0),30/01/24 23:00:00,A,TOTAL,DK,NR,2008,1460,
ESTAT:RAIL_IF_LVLCROS(1.0),30/01/24 23:00:00,A,TOTAL,DK,NR,2009,1467,
ESTAT:RAIL_IF_LVLCROS(1.0),30/01/24 23:00:00,A,TOTAL,DK,NR,2010,1389,
ESTAT:RAIL_IF_LVLCROS(1.0),30/01/24 23:00:00,A,TOTAL,DK,NR,2011,1351,
ESTAT:RAIL_IF_LVLCROS(1.0),30/01/24 23:00:00,A,TOTAL,DK,NR,2012,1258,
ESTAT:RAIL_IF_LVLCROS(1.0),30/01/24 23:00:00,A,TOTAL,DK,NR,2013,1258,
ESTAT:RAIL_IF_LVLCROS(1.0),30/01/24 23:00:00,A,TOTAL,DK,NR,2014,1258,
ESTAT:RAIL_IF_LVLCROS(1.0),30/01/24 23:00:00,A,TOTAL,DK,NR,2015,1191,
ESTAT:RAIL_IF_LVLCROS(1.0),30/01/24 23:00:00,A,TOTAL,DK,NR,2016,1191,
ESTAT:RAIL_IF_LVLCROS(1.0),30/01/24 23:00:00,A,TOTAL,DK,NR,2017,1255,
ESTAT:RAIL_IF_LVLCROS(1.0),30/01/24 23:00:00,A,TOTAL,DK,NR,2018,1024,
ESTAT:RAIL_IF_LVLCROS(1.0),30/01/24 23:00:00,A,TOTAL,DK,NR,2019,910,
ESTAT:RAIL_IF_LVLCROS(1.0),30/01/24 23:00:00,A,TOTAL,DK,NR,2020,851,
ESTAT:RAIL_IF_LVLCROS(1.0),30/01/24 23:00:00,A,TOTAL,DK,NR,2021,874,
ESTAT:RAIL_IF_LVLCROS(1.0),30/01/24 23:00:00,A,TOTAL,DK,NR,2022,854,
ESTAT:RAIL_IF_LVLCROS(1.0),30/01/24 23:00:00,A,TOTAL,EE,NR,2007,328,
ESTAT:RAIL_IF_LVLCROS(1.0),30/01/24 23:00:00,A,TOTAL,EE,NR,2008,329,
ESTAT:RAIL_IF_LVLCROS(1.0),30/01/24 23:00:00,A,TOTAL,EE,NR,2009,329,
ESTAT:RAIL_IF_LVLCROS(1.0),30/01/24 23:00:00,A,TOTAL,EE,NR,2010,335,
ESTAT:RAIL_IF_LVLCROS(1.0),30/01/24 23:00:00,A,TOTAL,EE,NR,2011,328,
ESTAT:RAIL_IF_LVLCROS(1.0),30/01/24 23:00:00,A,TOTAL,EE,NR,2012,328,
ESTAT:RAIL_IF_LVLCROS(1.0),30/01/24 23:00:00,A,TOTAL,EE,NR,2013,325,
ESTAT:RAIL_IF_LVLCROS(1.0),30/01/24 23:00:00,A,TOTAL,EE,NR,2014,326,
ESTAT:RAIL_IF_LVLCROS(1.0),30/01/24 23:00:00,A,TOTAL,EE,NR,2015,322,
ESTAT:RAIL_IF_LVLCROS(1.0),30/01/24 23:00:00,A,TOTAL,EE,NR,2016,322,
ESTAT:RAIL_IF_LVLCROS(1.0),30/01/24 23:00:00,A,TOTAL,EE,NR,2017,322,
ESTAT:RAIL_IF_LVLCROS(1.0),30/01/24 23:00:00,A,TOTAL,EE,NR,2018,322,
ESTAT:RAIL_IF_LVLCROS(1.0),30/01/24 23:00:00,A,TOTAL,EE,NR,2019,363,
ESTAT:RAIL_IF_LVLCROS(1.0),30/01/24 23:00:00,A,TOTAL,EE,NR,2020,514,
ESTAT:RAIL_IF_LVLCROS(1.0),30/01/24 23:00:00,A,TOTAL,EE,NR,2021,535,
ESTAT:RAIL_IF_LVLCROS(1.0),30/01/24 23:00:00,A,TOTAL,EE,NR,2022,535,
ESTAT:RAIL_IF_LVLCROS(1.0),30/01/24 23:00:00,A,TOTAL,EL,NR,2006,1270,
ESTAT:RAIL_IF_LVLCROS(1.0),30/01/24 23:00:00,A,TOTAL,EL,NR,2007,1265,
ESTAT:RAIL_IF_LVLCROS(1.0),30/01/24 23:00:00,A,TOTAL,EL,NR,2008,1265,
ESTAT:RAIL_IF_LVLCROS(1.0),30/01/24 23:00:00,A,TOTAL,EL,NR,2010,1305,
ESTAT:RAIL_IF_LVLCROS(1.0),30/01/24 23:00:00,A,TOTAL,EL,NR,2011,1250,
ESTAT:RAIL_IF_LVLCROS(1.0),30/01/24 23:00:00,A,TOTAL,EL,NR,2012,1587,
ESTAT:RAIL_IF_LVLCROS(1.0),30/01/24 23:00:00,A,TOTAL,EL,NR,2013,1500,
ESTAT:RAIL_IF_LVLCROS(1.0),30/01/24 23:00:00,A,TOTAL,EL,NR,2014,1453,
ESTAT:RAIL_IF_LVLCROS(1.0),30/01/24 23:00:00,A,TOTAL,EL,NR,2015,1405,
ESTAT:RAIL_IF_LVLCROS(1.0),30/01/24 23:00:00,A,TOTAL,EL,NR,2016,1405,
ESTAT:RAIL_IF_LVLCROS(1.0),30/01/24 23:00:00,A,TOTAL,EL,NR,2017,1263,
ESTAT:RAIL_IF_LVLCROS(1.0),30/01/24 23:00:00,A,TOTAL,EL,NR,2018,1263,
ESTAT:RAIL_IF_LVLCROS(1.0),30/01/24 23:00:00,A,TOTAL,EL,NR,2019,1236,
ESTAT:RAIL_IF_LVLCROS(1.0),30/01/24 23:00:00,A,TOTAL,EL,NR,2020,1236,
ESTAT:RAIL_IF_LVLCROS(1.0),30/01/24 23:00:00,A,TOTAL,EL,NR,2021,1234,
ESTAT:RAIL_IF_LVLCROS(1.0),30/01/24 23:00:00,A,TOTAL,EL,NR,2022,741,
ESTAT:RAIL_IF_LVLCROS(1.0),30/01/24 23:00:00,A,TOTAL,ES,NR,2008,2699,
ESTAT:RAIL_IF_LVLCROS(1.0),30/01/24 23:00:00,A,TOTAL,ES,NR,2009,2613,
ESTAT:RAIL_IF_LVLCROS(1.0),30/01/24 23:00:00,A,TOTAL,ES,NR,2010,2522,
ESTAT:RAIL_IF_LVLCROS(1.0),30/01/24 23:00:00,A,TOTAL,ES,NR,2011,2439,
ESTAT:RAIL_IF_LVLCROS(1.0),30/01/24 23:00:00,A,TOTAL,ES,NR,2012,2400,
ESTAT:RAIL_IF_LVLCROS(1.0),30/01/24 23:00:00,A,TOTAL,ES,NR,2013,3330,
ESTAT:RAIL_IF_LVLCROS(1.0),30/01/24 23:00:00,A,TOTAL,ES,NR,2014,3304,
ESTAT:RAIL_IF_LVLCROS(1.0),30/01/24 23:00:00,A,TOTAL,ES,NR,2015,3267,
ESTAT:RAIL_IF_LVLCROS(1.0),30/01/24 23:00:00,A,TOTAL,ES,NR,2016,3232,
ESTAT:RAIL_IF_LVLCROS(1.0),30/01/24 23:00:00,A,TOTAL,ES,NR,2017,3196,
ESTAT:RAIL_IF_LVLCROS(1.0),30/01/24 23:00:00,A,TOTAL,ES,NR,2018,3168,
ESTAT:RAIL_IF_LVLCROS(1.0),30/01/24 23:00:00,A,TOTAL,ES,NR,2019,3148,
ESTAT:RAIL_IF_LVLCROS(1.0),30/01/24 23:00:00,A,TOTAL,ES,NR,2020,3114,
ESTAT:RAIL_IF_LVLCROS(1.0),30/01/24 23:00:00,A,TOTAL,ES,NR,2021,2996,
ESTAT:RAIL_IF_LVLCROS(1.0),30/01/24 23:00:00,A,TOTAL,ES,NR,2022,2919,
ESTAT:RAIL_IF_LVLCROS(1.0),30/01/24 23:00:00,A,TOTAL,EU27_2020,NR,2010,114424,
ESTAT:RAIL_IF_LVLCROS(1.0),30/01/24 23:00:00,A,TOTAL,EU27_2020,NR,2011,109447,
ESTAT:RAIL_IF_LVLCROS(1.0),30/01/24 23:00:00,A,TOTAL,EU27_2020,NR,2012,107407,
ESTAT:RAIL_IF_LVLCROS(1.0),30/01/24 23:00:00,A,TOTAL,EU27_2020,NR,2013,103503,
ESTAT:RAIL_IF_LVLCROS(1.0),30/01/24 23:00:00,A,TOTAL,EU27_2020,NR,2014,101974,
ESTAT:RAIL_IF_LVLCROS(1.0),30/01/24 23:00:00,A,TOTAL,EU27_2020,NR,2015,101961,
ESTAT:RAIL_IF_LVLCROS(1.0),30/01/24 23:00:00,A,TOTAL,EU27_2020,NR,2016,101748,
ESTAT:RAIL_IF_LVLCROS(1.0),30/01/24 23:00:00,A,TOTAL,EU27_2020,NR,2017,102152,
ESTAT:RAIL_IF_LVLCROS(1.0),30/01/24 23:00:00,A,TOTAL,EU27_2020,NR,2018,99391,
ESTAT:RAIL_IF_LVLCROS(1.0),30/01/24 23:00:00,A,TOTAL,EU27_2020,NR,2019,98498,
ESTAT:RAIL_IF_LVLCROS(1.0),30/01/24 23:00:00,A,TOTAL,EU27_2020,NR,2020,97169,
ESTAT:RAIL_IF_LVLCROS(1.0),30/01/24 23:00:00,A,TOTAL,EU27_2020,NR,2021,95992,
ESTAT:RAIL_IF_LVLCROS(1.0),30/01/24 23:00:00,A,TOTAL,EU27_2020,NR,2022,94050,
ESTAT:RAIL_IF_LVLCROS(1.0),30/01/24 23:00:00,A,TOTAL,FI,NR,2006,4430,
ESTAT:RAIL_IF_LVLCROS(1.0),30/01/24 23:00:00,A,TOTAL,FI,NR,2008,4218,
ESTAT:RAIL_IF_LVLCROS(1.0),30/01/24 23:00:00,A,TOTAL,FI,NR,2010,3833,
ESTAT:RAIL_IF_LVLCROS(1.0),30/01/24 23:00:00,A,TOTAL,FI,NR,2011,3745,
ESTAT:RAIL_IF_LVLCROS(1.0),30/01/24 23:00:00,A,TOTAL,FI,NR,2012,3581,
ESTAT:RAIL_IF_LVLCROS(1.0),30/01/24 23:00:00,A,TOTAL,FI,NR,2013,3505,
ESTAT:RAIL_IF_LVLCROS(1.0),30/01/24 23:00:00,A,TOTAL,FI,NR,2014,3384,
ESTAT:RAIL_IF_LVLCROS(1.0),30/01/24 23:00:00,A,TOTAL,FI,NR,2015,3276,
ESTAT:RAIL_IF_LVLCROS(1.0),30/01/24 23:00:00,A,TOTAL,FI,NR,2016,3254,
ESTAT:RAIL_IF_LVLCROS(1.0),30/01/24 23:00:00,A,TOTAL,FI,NR,2017,3217,
ESTAT:RAIL_IF_LVLCROS(1.0),30/01/24 23:00:00,A,TOTAL,FI,NR,2018,3191,
ESTAT:RAIL_IF_LVLCROS(1.0),30/01/24 23:00:00,A,TOTAL,FI,NR,2019,3160,
ESTAT:RAIL_IF_LVLCROS(1.0),30/01/24 23:00:00,A,TOTAL,FI,NR,2020,2594,
ESTAT:RAIL_IF_LVLCROS(1.0),30/01/24 23:00:00,A,TOTAL,FI,NR,2021,2567,
ESTAT:RAIL_IF_LVLCROS(1.0),30/01/24 23:00:00,A,TOTAL,FI,NR,2022,2515,
ESTAT:RAIL_IF_LVLCROS(1.0),30/01/24 23:00:00,A,TOTAL,FR,NR,2006,16804,
ESTAT:RAIL_IF_LVLCROS(1.0),30/01/24 23:00:00,A,TOTAL,FR,NR,2007,14651,
ESTAT:RAIL_IF_LVLCROS(1.0),30/01/24 23:00:00,A,TOTAL,FR,NR,2008,18507,
ESTAT:RAIL_IF_LVLCROS(1.0),30/01/24 23:00:00,A,TOTAL,FR,NR,2010,18364,
ESTAT:RAIL_IF_LVLCROS(1.0),30/01/24 23:00:00,A,TOTAL,FR,NR,2011,18138,
ESTAT:RAIL_IF_LVLCROS(1.0),30/01/24 23:00:00,A,TOTAL,FR,NR,2012,18055,
ESTAT:RAIL_IF_LVLCROS(1.0),30/01/24 23:00:00,A,TOTAL,FR,NR,2013,15637,
ESTAT:RAIL_IF_LVLCROS(1.0),30/01/24 23:00:00,A,TOTAL,FR,NR,2014,15943,
ESTAT:RAIL_IF_LVLCROS(1.0),30/01/24 23:00:00,A,TOTAL,FR,NR,2015,17679,
ESTAT:RAIL_IF_LVLCROS(1.0),30/01/24 23:00:00,A,TOTAL,FR,NR,2016,16678,
ESTAT:RAIL_IF_LVLCROS(1.0),30/01/24 23:00:00,A,TOTAL,FR,NR,2017,17566,
ESTAT:RAIL_IF_LVLCROS(1.0),30/01/24 23:00:00,A,TOTAL,FR,NR,2018,15258,
ESTAT:RAIL_IF_LVLCROS(1.0),30/01/24 23:00:00,A,TOTAL,FR,NR,2019,15038,
ESTAT:RAIL_IF_LVLCROS(1.0),30/01/24 23:00:00,A,TOTAL,FR,NR,2020,14942,
ESTAT:RAIL_IF_LVLCROS(1.0),30/01/24 23:00:00,A,TOTAL,FR,NR,2021,14701,
ESTAT:RAIL_IF_LVLCROS(1.0),30/01/24 23:00:00,A,TOTAL,FR,NR,2022,14317,
ESTAT:RAIL_IF_LVLCROS(1.0),30/01/24 23:00:00,A,TOTAL,HR,NR,2010,1440,
ESTAT:RAIL_IF_LVLCROS(1.0),30/01/24 23:00:00,A,TOTAL,HR,NR,2011,1518,
ESTAT:RAIL_IF_LVLCROS(1.0),30/01/24 23:00:00,A,TOTAL,HR,NR,2012,1518,
ESTAT:RAIL_IF_LVLCROS(1.0),30/01/24 23:00:00,A,TOTAL,HR,NR,2013,1506,
ESTAT:RAIL_IF_LVLCROS(1.0),30/01/24 23:00:00,A,TOTAL,HR,NR,2014,1241,
ESTAT:RAIL_IF_LVLCROS(1.0),30/01/24 23:00:00,A,TOTAL,HR,NR,2015,1449,
ESTAT:RAIL_IF_LVLCROS(1.0),30/01/24 23:00:00,A,TOTAL,HR,NR,2016,1513,
ESTAT:RAIL_IF_LVLCROS(1.0),30/01/24 23:00:00,A,TOTAL,HR,NR,2017,1512,
ESTAT:RAIL_IF_LVLCROS(1.0),30/01/24 23:00:00,A,TOTAL,HR,NR,2018,1512,
ESTAT:RAIL_IF_LVLCROS(1.0),30/01/24 23:00:00,A,TOTAL,HR,NR,2019,1505,
ESTAT:RAIL_IF_LVLCROS(1.0),30/01/24 23:00:00,A,TOTAL,HR,NR,2020,1506,
ESTAT:RAIL_IF_LVLCROS(1.0),30/01/24 23:00:00,A,TOTAL,HR,NR,2021,1498,
ESTAT:RAIL_IF_LVLCROS(1.0),30/01/24 23:00:00,A,TOTAL,HR,NR,2022,1444,
ESTAT:RAIL_IF_LVLCROS(1.0),30/01/24 23:00:00,A,TOTAL,HU,NR,2006,5981,
ESTAT:RAIL_IF_LVLCROS(1.0),30/01/24 23:00:00,A,TOTAL,HU,NR,2007,5972,
ESTAT:RAIL_IF_LVLCROS(1.0),30/01/24 23:00:00,A,TOTAL,HU,NR,2008,5910,
ESTAT:RAIL_IF_LVLCROS(1.0),30/01/24 23:00:00,A,TOTAL,HU,NR,2009,5910,
ESTAT:RAIL_IF_LVLCROS(1.0),30/01/24 23:00:00,A,TOTAL,HU,NR,2010,5964,
ESTAT:RAIL_IF_LVLCROS(1.0),30/01/24 23:00:00,A,TOTAL,HU,NR,2011,6043,
ESTAT:RAIL_IF_LVLCROS(1.0),30/01/24 23:00:00,A,TOTAL,HU,NR,2012,6041,
ESTAT:RAIL_IF_LVLCROS(1.0),30/01/24 23:00:00,A,TOTAL,HU,NR,2013,6041,
ESTAT:RAIL_IF_LVLCROS(1.0),30/01/24 23:00:00,A,TOTAL,HU,NR,2014,6041,
ESTAT:RAIL_IF_LVLCROS(1.0),30/01/24 23:00:00,A,TOTAL,HU,NR,2015,6041,
ESTAT:RAIL_IF_LVLCROS(1.0),30/01/24 23:00:00,A,TOTAL,HU,NR,2016,6077,
ESTAT:RAIL_IF_LVLCROS(1.0),30/01/24 23:00:00,A,TOTAL,HU,NR,2017,6081,
ESTAT:RAIL_IF_LVLCROS(1.0),30/01/24 23:00:00,A,TOTAL,HU,NR,2018,6049,
ESTAT:RAIL_IF_LVLCROS(1.0),30/01/24 23:00:00,A,TOTAL,HU,NR,2019,6048,
ESTAT:RAIL_IF_LVLCROS(1.0),30/01/24 23:00:00,A,TOTAL,HU,NR,2020,6047,
ESTAT:RAIL_IF_LVLCROS(1.0),30/01/24 23:00:00,A,TOTAL,HU,NR,2021,6047,
ESTAT:RAIL_IF_LVLCROS(1.0),30/01/24 23:00:00,A,TOTAL,HU,NR,2022,6047,
ESTAT:RAIL_IF_LVLCROS(1.0),30/01/24 23:00:00,A,TOTAL,IE,NR,2006,1171,
ESTAT:RAIL_IF_LVLCROS(1.0),30/01/24 23:00:00,A,TOTAL,IE,NR,2007,1126,
ESTAT:RAIL_IF_LVLCROS(1.0),30/01/24 23:00:00,A,TOTAL,IE,NR,2008,1095,
ESTAT:RAIL_IF_LVLCROS(1.0),30/01/24 23:00:00,A,TOTAL,IE,NR,2009,1069,
ESTAT:RAIL_IF_LVLCROS(1.0),30/01/24 23:00:00,A,TOTAL,IE,NR,2010,1050,
ESTAT:RAIL_IF_LVLCROS(1.0),30/01/24 23:00:00,A,TOTAL,IE,NR,2011,1018,
ESTAT:RAIL_IF_LVLCROS(1.0),30/01/24 23:00:00,A,TOTAL,IE,NR,2012,1015,
ESTAT:RAIL_IF_LVLCROS(1.0),30/01/24 23:00:00,A,TOTAL,IE,NR,2013,1011,
ESTAT:RAIL_IF_LVLCROS(1.0),30/01/24 23:00:00,A,TOTAL,IE,NR,2014,978,
ESTAT:RAIL_IF_LVLCROS(1.0),30/01/24 23:00:00,A,TOTAL,IE,NR,2015,991,
ESTAT:RAIL_IF_LVLCROS(1.0),30/01/24 23:00:00,A,TOTAL,IE,NR,2016,972,
ESTAT:RAIL_IF_LVLCROS(1.0),30/01/24 23:00:00,A,TOTAL,IE,NR,2017,942,
ESTAT:RAIL_IF_LVLCROS(1.0),30/01/24 23:00:00,A,TOTAL,IE,NR,2018,931,
ESTAT:RAIL_IF_LVLCROS(1.0),30/01/24 23:00:00,A,TOTAL,IE,NR,2019,931,
ESTAT:RAIL_IF_LVLCROS(1.0),30/01/24 23:00:00,A,TOTAL,IE,NR,2020,917,
ESTAT:RAIL_IF_LVLCROS(1.0),30/01/24 23:00:00,A,TOTAL,IE,NR,2021,909,
ESTAT:RAIL_IF_LVLCROS(1.0),30/01/24 23:00:00,A,TOTAL,IE,NR,2022,902,
ESTAT:RAIL_IF_LVLCROS(1.0),30/01/24 23:00:00,A,TOTAL,IT,NR,2006,8383,
ESTAT:RAIL_IF_LVLCROS(1.0),30/01/24 23:00:00,A,TOTAL,IT,NR,2007,7350,
ESTAT:RAIL_IF_LVLCROS(1.0),30/01/24 23:00:00,A,TOTAL,IT,NR,2008,7643,
ESTAT:RAIL_IF_LVLCROS(1.0),30/01/24 23:00:00,A,TOTAL,IT,NR,2010,5683,
ESTAT:RAIL_IF_LVLCROS(1.0),30/01/24 23:00:00,A,TOTAL,IT,NR,2011,5670,
ESTAT:RAIL_IF_LVLCROS(1.0),30/01/24 23:00:00,A,TOTAL,IT,NR,2012,5600,
ESTAT:RAIL_IF_LVLCROS(1.0),30/01/24 23:00:00,A,TOTAL,IT,NR,2013,5271,
ESTAT:RAIL_IF_LVLCROS(1.0),30/01/24 23:00:00,A,TOTAL,IT,NR,2014,5010,
ESTAT:RAIL_IF_LVLCROS(1.0),30/01/24 23:00:00,A,TOTAL,IT,NR,2015,4840,
ESTAT:RAIL_IF_LVLCROS(1.0),30/01/24 23:00:00,A,TOTAL,IT,NR,2016,6634,
ESTAT:RAIL_IF_LVLCROS(1.0),30/01/24 23:00:00,A,TOTAL,IT,NR,2017,5957,
ESTAT:RAIL_IF_LVLCROS(1.0),30/01/24 23:00:00,A,TOTAL,IT,NR,2018,5844,
ESTAT:RAIL_IF_LVLCROS(1.0),30/01/24 23:00:00,A,TOTAL,IT,NR,2019,5645,
ESTAT:RAIL_IF_LVLCROS(1.0),30/01/24 23:00:00,A,TOTAL,IT,NR,2020,5562,
ESTAT:RAIL_IF_LVLCROS(1.0),30/01/24 23:00:00,A,TOTAL,IT,NR,2021,5467,
ESTAT:RAIL_IF_LVLCROS(1.0),30/01/24 23:00:00,A,TOTAL,IT,NR,2022,5417,
ESTAT:RAIL_IF_LVLCROS(1.0),30/01/24 23:00:00,A,TOTAL,LT,NR,2006,436,
ESTAT:RAIL_IF_LVLCROS(1.0),30/01/24 23:00:00,A,TOTAL,LT,NR,2007,531,
ESTAT:RAIL_IF_LVLCROS(1.0),30/01/24 23:00:00,A,TOTAL,LT,NR,2008,523,
ESTAT:RAIL_IF_LVLCROS(1.0),30/01/24 23:00:00,A,TOTAL,LT,NR,2009,530,
ESTAT:RAIL_IF_LVLCROS(1.0),30/01/24 23:00:00,A,TOTAL,LT,NR,2010,538,
ESTAT:RAIL_IF_LVLCROS(1.0),30/01/24 23:00:00,A,TOTAL,LT,NR,2011,538,
ESTAT:RAIL_IF_LVLCROS(1.0),30/01/24 23:00:00,A,TOTAL,LT,NR,2012,539,
ESTAT:RAIL_IF_LVLCROS(1.0),30/01/24 23:00:00,A,TOTAL,LT,NR,2013,545,
ESTAT:RAIL_IF_LVLCROS(1.0),30/01/24 23:00:00,A,TOTAL,LT,NR,2014,545,
ESTAT:RAIL_IF_LVLCROS(1.0),30/01/24 23:00:00,A,TOTAL,LT,NR,2015,544,
ESTAT:RAIL_IF_LVLCROS(1.0),30/01/24 23:00:00,A,TOTAL,LT,NR,2016,543,
ESTAT:RAIL_IF_LVLCROS(1.0),30/01/24 23:00:00,A,TOTAL,LT,NR,2017,543,
ESTAT:RAIL_IF_LVLCROS(1.0),30/01/24 23:00:00,A,TOTAL,LT,NR,2018,543,
ESTAT:RAIL_IF_LVLCROS(1.0),30/01/24 23:00:00,A,TOTAL,LT,NR,2019,628,
ESTAT:RAIL_IF_LVLCROS(1.0),30/01/24 23:00:00,A,TOTAL,LT,NR,2020,641,
ESTAT:RAIL_IF_LVLCROS(1.0),30/01/24 23:00:00,A,TOTAL,LT,NR,2021,635,
ESTAT:RAIL_IF_LVLCROS(1.0),30/01/24 23:00:00,A,TOTAL,LT,NR,2022,576,
ESTAT:RAIL_IF_LVLCROS(1.0),30/01/24 23:00:00,A,TOTAL,LU,NR,2009,142,
ESTAT:RAIL_IF_LVLCROS(1.0),30/01/24 23:00:00,A,TOTAL,LU,NR,2010,138,
ESTAT:RAIL_IF_LVLCROS(1.0),30/01/24 23:00:00,A,TOTAL,LU,NR,2011,138,
ESTAT:RAIL_IF_LVLCROS(1.0),30/01/24 23:00:00,A,TOTAL,LU,NR,2012,137,
ESTAT:RAIL_IF_LVLCROS(1.0),30/01/24 23:00:00,A,TOTAL,LU,NR,2013,137,
ESTAT:RAIL_IF_LVLCROS(1.0),30/01/24 23:00:00,A,TOTAL,LU,NR,2014,127,
ESTAT:RAIL_IF_LVLCROS(1.0),30/01/24 23:00:00,A,TOTAL,LU,NR,2015,124,
ESTAT:RAIL_IF_LVLCROS(1.0),30/01/24 23:00:00,A,TOTAL,LU,NR,2016,46,
ESTAT:RAIL_IF_LVLCROS(1.0),30/01/24 23:00:00,A,TOTAL,LU,NR,2017,38,
ESTAT:RAIL_IF_LVLCROS(1.0),30/01/24 23:00:00,A,TOTAL,LU,NR,2018,117,
ESTAT:RAIL_IF_LVLCROS(1.0),30/01/24 23:00:00,A,TOTAL,LU,NR,2019,112,
ESTAT:RAIL_IF_LVLCROS(1.0),30/01/24 23:00:00,A,TOTAL,LU,NR,2020,116,
ESTAT:RAIL_IF_LVLCROS(1.0),30/01/24 23:00:00,A,TOTAL,LU,NR,2021,115,
ESTAT:RAIL_IF_LVLCROS(1.0),30/01/24 23:00:00,A,TOTAL,LU,NR,2022,113,
ESTAT:RAIL_IF_LVLCROS(1.0),30/01/24 23:00:00,A,TOTAL,LV,NR,2006,657,
ESTAT:RAIL_IF_LVLCROS(1.0),30/01/24 23:00:00,A,TOTAL,LV,NR,2007,660,
ESTAT:RAIL_IF_LVLCROS(1.0),30/01/24 23:00:00,A,TOTAL,LV,NR,2008,641,
ESTAT:RAIL_IF_LVLCROS(1.0),30/01/24 23:00:00,A,TOTAL,LV,NR,2009,634,
ESTAT:RAIL_IF_LVLCROS(1.0),30/01/24 23:00:00,A,TOTAL,LV,NR,2010,613,
ESTAT:RAIL_IF_LVLCROS(1.0),30/01/24 23:00:00,A,TOTAL,LV,NR,2011,600,
ESTAT:RAIL_IF_LVLCROS(1.0),30/01/24 23:00:00,A,TOTAL,LV,NR,2012,634,
ESTAT:RAIL_IF_LVLCROS(1.0),30/01/24 23:00:00,A,TOTAL,LV,NR,2013,640,
ESTAT:RAIL_IF_LVLCROS(1.0),30/01/24 23:00:00,A,TOTAL,LV,NR,2014,659,
ESTAT:RAIL_IF_LVLCROS(1.0),30/01/24 23:00:00,A,TOTAL,LV,NR,2015,664,
ESTAT:RAIL_IF_LVLCROS(1.0),30/01/24 23:00:00,A,TOTAL,LV,NR,2016,670,
ESTAT:RAIL_IF_LVLCROS(1.0),30/01/24 23:00:00,A,TOTAL,LV,NR,2017,680,
ESTAT:RAIL_IF_LVLCROS(1.0),30/01/24 23:00:00,A,TOTAL,LV,NR,2018,652,
ESTAT:RAIL_IF_LVLCROS(1.0),30/01/24 23:00:00,A,TOTAL,LV,NR,2019,653,
ESTAT:RAIL_IF_LVLCROS(1.0),30/01/24 23:00:00,A,TOTAL,LV,NR,2020,649,
ESTAT:RAIL_IF_LVLCROS(1.0),30/01/24 23:00:00,A,TOTAL,LV,NR,2021,650,
ESTAT:RAIL_IF_LVLCROS(1.0),30/01/24 23:00:00,A,TOTAL,LV,NR,2022,645,
ESTAT:RAIL_IF_LVLCROS(1.0),30/01/24 23:00:00,A,TOTAL,NL,NR,2006,2724,
ESTAT:RAIL_IF_LVLCROS(1.0),30/01/24 23:00:00,A,TOTAL,NL,NR,2007,2720,
ESTAT:RAIL_IF_LVLCROS(1.0),30/01/24 23:00:00,A,TOTAL,NL,NR,2008,2700,
ESTAT:RAIL_IF_LVLCROS(1.0),30/01/24 23:00:00,A,TOTAL,NL,NR,2009,2659,
ESTAT:RAIL_IF_LVLCROS(1.0),30/01/24 23:00:00,A,TOTAL,NL,NR,2010,2628,
ESTAT:RAIL_IF_LVLCROS(1.0),30/01/24 23:00:00,A,TOTAL,NL,NR,2011,2556,
ESTAT:RAIL_IF_LVLCROS(1.0),30/01/24 23:00:00,A,TOTAL,NL,NR,2012,2600,
ESTAT:RAIL_IF_LVLCROS(1.0),30/01/24 23:00:00,A,TOTAL,NL,NR,2013,2541,
ESTAT:RAIL_IF_LVLCROS(1.0),30/01/24 23:00:00,A,TOTAL,NL,NR,2014,2282,
ESTAT:RAIL_IF_LVLCROS(1.0),30/01/24 23:00:00,A,TOTAL,NL,NR,2015,2280,
ESTAT:RAIL_IF_LVLCROS(1.0),30/01/24 23:00:00,A,TOTAL,NL,NR,2016,2241,
ESTAT:RAIL_IF_LVLCROS(1.0),30/01/24 23:00:00,A,TOTAL,NL,NR,2017,2270,
ESTAT:RAIL_IF_LVLCROS(1.0),30/01/24 23:00:00,A,TOTAL,NL,NR,2018,2356,
ESTAT:RAIL_IF_LVLCROS(1.0),30/01/24 23:00:00,A,TOTAL,NL,NR,2019,2339,
ESTAT:RAIL_IF_LVLCROS(1.0),30/01/24 23:00:00,A,TOTAL,NL,NR,2020,2370,
ESTAT:RAIL_IF_LVLCROS(1.0),30/01/24 23:00:00,A,TOTAL,NL,NR,2021,2281,
ESTAT:RAIL_IF_LVLCROS(1.0),30/01/24 23:00:00,A,TOTAL,NL,NR,2022,2252,
ESTAT:RAIL_IF_LVLCROS(1.0),30/01/24 23:00:00,A,TOTAL,NO,NR,2010,3657,
ESTAT:RAIL_IF_LVLCROS(1.0),30/01/24 23:00:00,A,TOTAL,NO,NR,2011,3657,
ESTAT:RAIL_IF_LVLCROS(1.0),30/01/24 23:00:00,A,TOTAL,NO,NR,2012,3660,
ESTAT:RAIL_IF_LVLCROS(1.0),30/01/24 23:00:00,A,TOTAL,NO,NR,2013,3629,
ESTAT:RAIL_IF_LVLCROS(1.0),30/01/24 23:00:00,A,TOTAL,NO,NR,2014,3566,
ESTAT:RAIL_IF_LVLCROS(1.0),30/01/24 23:00:00,A,TOTAL,NO,NR,2015,3610,
ESTAT:RAIL_IF_LVLCROS(1.0),30/01/24 23:00:00,A,TOTAL,NO,NR,2016,3553,
ESTAT:RAIL_IF_LVLCROS(1.0),30/01/24 23:00:00,A,TOTAL,NO,NR,2017,3522,
ESTAT:RAIL_IF_LVLCROS(1.0),30/01/24 23:00:00,A,TOTAL,NO,NR,2018,3467,
ESTAT:RAIL_IF_LVLCROS(1.0),30/01/24 23:00:00,A,TOTAL,NO,NR,2019,3440,
ESTAT:RAIL_IF_LVLCROS(1.0),30/01/24 23:00:00,A,TOTAL,NO,NR,2020,3439,
ESTAT:RAIL_IF_LVLCROS(1.0),30/01/24 23:00:00,A,TOTAL,NO,NR,2021,3387,
ESTAT:RAIL_IF_LVLCROS(1.0),30/01/24 23:00:00,A,TOTAL,NO,NR,2022,3379,
ESTAT:RAIL_IF_LVLCROS(1.0),30/01/24 23:00:00,A,TOTAL,PL,NR,2006,17011,
ESTAT:RAIL_IF_LVLCROS(1.0),30/01/24 23:00:00,A,TOTAL,PL,NR,2007,14219,
ESTAT:RAIL_IF_LVLCROS(1.0),30/01/24 23:00:00,A,TOTAL,PL,NR,2008,14255,
ESTAT:RAIL_IF_LVLCROS(1.0),30/01/24 23:00:00,A,TOTAL,PL,NR,2010,14126,
ESTAT:RAIL_IF_LVLCROS(1.0),30/01/24 23:00:00,A,TOTAL,PL,NR,2011,14518,
ESTAT:RAIL_IF_LVLCROS(1.0),30/01/24 23:00:00,A,TOTAL,PL,NR,2012,14356,
ESTAT:RAIL_IF_LVLCROS(1.0),30/01/24 23:00:00,A,TOTAL,PL,NR,2013,13609,
ESTAT:RAIL_IF_LVLCROS(1.0),30/01/24 23:00:00,A,TOTAL,PL,NR,2014,13447,
ESTAT:RAIL_IF_LVLCROS(1.0),30/01/24 23:00:00,A,TOTAL,PL,NR,2015,13251,
ESTAT:RAIL_IF_LVLCROS(1.0),30/01/24 23:00:00,A,TOTAL,PL,NR,2016,13109,
ESTAT:RAIL_IF_LVLCROS(1.0),30/01/24 23:00:00,A,TOTAL,PL,NR,2017,12833,
ESTAT:RAIL_IF_LVLCROS(1.0),30/01/24 23:00:00,A,TOTAL,PL,NR,2018,12801,
ESTAT:RAIL_IF_LVLCROS(1.0),30/01/24 23:00:00,A,TOTAL,PL,NR,2019,12662,
ESTAT:RAIL_IF_LVLCROS(1.0),30/01/24 23:00:00,A,TOTAL,PL,NR,2020,12417,
ESTAT:RAIL_IF_LVLCROS(1.0),30/01/24 23:00:00,A,TOTAL,PL,NR,2021,12127,
ESTAT:RAIL_IF_LVLCROS(1.0),30/01/24 23:00:00,A,TOTAL,PL,NR,2022,12052,
ESTAT:RAIL_IF_LVLCROS(1.0),30/01/24 23:00:00,A,TOTAL,PT,NR,2006,1297,
ESTAT:RAIL_IF_LVLCROS(1.0),30/01/24 23:00:00,A,TOTAL,PT,NR,2007,1266,
ESTAT:RAIL_IF_LVLCROS(1.0),30/01/24 23:00:00,A,TOTAL,PT,NR,2008,1229,
ESTAT:RAIL_IF_LVLCROS(1.0),30/01/24 23:00:00,A,TOTAL,PT,NR,2009,1191,
ESTAT:RAIL_IF_LVLCROS(1.0),30/01/24 23:00:00,A,TOTAL,PT,NR,2010,1107,
ESTAT:RAIL_IF_LVLCROS(1.0),30/01/24 23:00:00,A,TOTAL,PT,NR,2011,1049,
ESTAT:RAIL_IF_LVLCROS(1.0),30/01/24 23:00:00,A,TOTAL,PT,NR,2012,877,
ESTAT:RAIL_IF_LVLCROS(1.0),30/01/24 23:00:00,A,TOTAL,PT,NR,2013,870,
ESTAT:RAIL_IF_LVLCROS(1.0),30/01/24 23:00:00,A,TOTAL,PT,NR,2014,856,
ESTAT:RAIL_IF_LVLCROS(1.0),30/01/24 23:00:00,A,TOTAL,PT,NR,2015,855,
ESTAT:RAIL_IF_LVLCROS(1.0),30/01/24 23:00:00,A,TOTAL,PT,NR,2016,851,
ESTAT:RAIL_IF_LVLCROS(1.0),30/01/24 23:00:00,A,TOTAL,PT,NR,2017,850,
ESTAT:RAIL_IF_LVLCROS(1.0),30/01/24 23:00:00,A,TOTAL,PT,NR,2018,839,
ESTAT:RAIL_IF_LVLCROS(1.0),30/01/24 23:00:00,A,TOTAL,PT,NR,2019,834,
ESTAT:RAIL_IF_LVLCROS(1.0),30/01/24 23:00:00,A,TOTAL,PT,NR,2020,831,
ESTAT:RAIL_IF_LVLCROS(1.0),30/01/24 23:00:00,A,TOTAL,PT,NR,2021,824,
ESTAT:RAIL_IF_LVLCROS(1.0),30/01/24 23:00:00,A,TOTAL,PT,NR,2022,820,
ESTAT:RAIL_IF_LVLCROS(1.0),30/01/24 23:00:00,A,TOTAL,RO,NR,2007,5625,
ESTAT:RAIL_IF_LVLCROS(1.0),30/01/24 23:00:00,A,TOTAL,RO,NR,2008,5784,
ESTAT:RAIL_IF_LVLCROS(1.0),30/01/24 23:00:00,A,TOTAL,RO,NR,2009,5181,
ESTAT:RAIL_IF_LVLCROS(1.0),30/01/24 23:00:00,A,TOTAL,RO,NR,2010,5169,
ESTAT:RAIL_IF_LVLCROS(1.0),30/01/24 23:00:00,A,TOTAL,RO,NR,2011,5270,
ESTAT:RAIL_IF_LVLCROS(1.0),30/01/24 23:00:00,A,TOTAL,RO,NR,2012,5262,
ESTAT:RAIL_IF_LVLCROS(1.0),30/01/24 23:00:00,A,TOTAL,RO,NR,2013,5272,
ESTAT:RAIL_IF_LVLCROS(1.0),30/01/24 23:00:00,A,TOTAL,RO,NR,2014,5225,
ESTAT:RAIL_IF_LVLCROS(1.0),30/01/24 23:00:00,A,TOTAL,RO,NR,2015,5216,
ESTAT:RAIL_IF_LVLCROS(1.0),30/01/24 23:00:00,A,TOTAL,RO,NR,2016,5200,
ESTAT:RAIL_IF_LVLCROS(1.0),30/01/24 23:00:00,A,TOTAL,RO,NR,2017,5030,
ESTAT:RAIL_IF_LVLCROS(1.0),30/01/24 23:00:00,A,TOTAL,RO,NR,2018,5040,
ESTAT:RAIL_IF_LVLCROS(1.0),30/01/24 23:00:00,A,TOTAL,RO,NR,2019,5038,
ESTAT:RAIL_IF_LVLCROS(1.0),30/01/24 23:00:00,A,TOTAL,RO,NR,2020,5025,
ESTAT:RAIL_IF_LVLCROS(1.0),30/01/24 23:00:00,A,TOTAL,RO,NR,2021,5025,
ESTAT:RAIL_IF_LVLCROS(1.0),30/01/24 23:00:00,A,TOTAL,RO,NR,2022,5025,
ESTAT:RAIL_IF_LVLCROS(1.0),30/01/24 23:00:00,A,TOTAL,SE,NR,2006,10541,
ESTAT:RAIL_IF_LVLCROS(1.0),30/01/24 23:00:00,A,TOTAL,SE,NR,2007,10572,
ESTAT:RAIL_IF_LVLCROS(1.0),30/01/24 23:00:00,A,TOTAL,SE,NR,2008,11352,
ESTAT:RAIL_IF_LVLCROS(1.0),30/01/24 23:00:00,A,TOTAL,SE,NR,2009,11371,
ESTAT:RAIL_IF_LVLCROS(1.0),30/01/24 23:00:00,A,TOTAL,SE,NR,2010,11370,
ESTAT:RAIL_IF_LVLCROS(1.0),30/01/24 23:00:00,A,TOTAL,SE,NR,2011,8730,
ESTAT:RAIL_IF_LVLCROS(1.0),30/01/24 23:00:00,A,TOTAL,SE,NR,2012,8616,
ESTAT:RAIL_IF_LVLCROS(1.0),30/01/24 23:00:00,A,TOTAL,SE,NR,2013,8221,
ESTAT:RAIL_IF_LVLCROS(1.0),30/01/24 23:00:00,A,TOTAL,SE,NR,2014,7892,
ESTAT:RAIL_IF_LVLCROS(1.0),30/01/24 23:00:00,A,TOTAL,SE,NR,2015,6630,
ESTAT:RAIL_IF_LVLCROS(1.0),30/01/24 23:00:00,A,TOTAL,SE,NR,2016,6609,
ESTAT:RAIL_IF_LVLCROS(1.0),30/01/24 23:00:00,A,TOTAL,SE,NR,2017,6980,
ESTAT:RAIL_IF_LVLCROS(1.0),30/01/24 23:00:00,A,TOTAL,SE,NR,2018,6911,
ESTAT:RAIL_IF_LVLCROS(1.0),30/01/24 23:00:00,A,TOTAL,SE,NR,2019,7036,
ESTAT:RAIL_IF_LVLCROS(1.0),30/01/24 23:00:00,A,TOTAL,SE,NR,2020,7043,
ESTAT:RAIL_IF_LVLCROS(1.0),30/01/24 23:00:00,A,TOTAL,SE,NR,2021,7022,
ESTAT:RAIL_IF_LVLCROS(1.0),30/01/24 23:00:00,A,TOTAL,SE,NR,2022,6830,
ESTAT:RAIL_IF_LVLCROS(1.0),30/01/24 23:00:00,A,TOTAL,SI,NR,2006,965,
ESTAT:RAIL_IF_LVLCROS(1.0),30/01/24 23:00:00,A,TOTAL,SI,NR,2007,944,
ESTAT:RAIL_IF_LVLCROS(1.0),30/01/24 23:00:00,A,TOTAL,SI,NR,2008,932,
ESTAT:RAIL_IF_LVLCROS(1.0),30/01/24 23:00:00,A,TOTAL,SI,NR,2009,913,
ESTAT:RAIL_IF_LVLCROS(1.0),30/01/24 23:00:00,A,TOTAL,SI,NR,2010,888,
ESTAT:RAIL_IF_LVLCROS(1.0),30/01/24 23:00:00,A,TOTAL,SI,NR,2011,840,
ESTAT:RAIL_IF_LVLCROS(1.0),30/01/24 23:00:00,A,TOTAL,SI,NR,2012,838,
ESTAT:RAIL_IF_LVLCROS(1.0),30/01/24 23:00:00,A,TOTAL,SI,NR,2013,832,
ESTAT:RAIL_IF_LVLCROS(1.0),30/01/24 23:00:00,A,TOTAL,SI,NR,2014,787,
ESTAT:RAIL_IF_LVLCROS(1.0),30/01/24 23:00:00,A,TOTAL,SI,NR,2015,759,
ESTAT:RAIL_IF_LVLCROS(1.0),30/01/24 23:00:00,A,TOTAL,SI,NR,2016,483,
ESTAT:RAIL_IF_LVLCROS(1.0),30/01/24 23:00:00,A,TOTAL,SI,NR,2017,745,
ESTAT:RAIL_IF_LVLCROS(1.0),30/01/24 23:00:00,A,TOTAL,SI,NR,2018,735,
ESTAT:RAIL_IF_LVLCROS(1.0),30/01/24 23:00:00,A,TOTAL,SI,NR,2019,721,
ESTAT:RAIL_IF_LVLCROS(1.0),30/01/24 23:00:00,A,TOTAL,SI,NR,2020,714,
ESTAT:RAIL_IF_LVLCROS(1.0),30/01/24 23:00:00,A,TOTAL,SI,NR,2021,690,
ESTAT:RAIL_IF_LVLCROS(1.0),30/01/24 23:00:00,A,TOTAL,SI,NR,2022,688,
ESTAT:RAIL_IF_LVLCROS(1.0),30/01/24 23:00:00,A,TOTAL,SK,NR,2006,2322,
ESTAT:RAIL_IF_LVLCROS(1.0),30/01/24 23:00:00,A,TOTAL,SK,NR,2007,2307,
ESTAT:RAIL_IF_LVLCROS(1.0),30/01/24 23:00:00,A,TOTAL,SK,NR,2008,2265,
ESTAT:RAIL_IF_LVLCROS(1.0),30/01/24 23:00:00,A,TOTAL,SK,NR,2009,2220,
ESTAT:RAIL_IF_LVLCROS(1.0),30/01/24 23:00:00,A,TOTAL,SK,NR,2010,2219,
ESTAT:RAIL_IF_LVLCROS(1.0),30/01/24 23:00:00,A,TOTAL,SK,NR,2011,2180,
ESTAT:RAIL_IF_LVLCROS(1.0),30/01/24 23:00:00,A,TOTAL,SK,NR,2012,2254,
ESTAT:RAIL_IF_LVLCROS(1.0),30/01/24 23:00:00,A,TOTAL,SK,NR,2013,2101,
ESTAT:RAIL_IF_LVLCROS(1.0),30/01/24 23:00:00,A,TOTAL,SK,NR,2014,2131,
ESTAT:RAIL_IF_LVLCROS(1.0),30/01/24 23:00:00,A,TOTAL,SK,NR,2015,2026,
ESTAT:RAIL_IF_LVLCROS(1.0),30/01/24 23:00:00,A,TOTAL,SK,NR,2016,2105,
ESTAT:RAIL_IF_LVLCROS(1.0),30/01/24 23:00:00,A,TOTAL,SK,NR,2017,2102,
ESTAT:RAIL_IF_LVLCROS(1.0),30/01/24 23:00:00,A,TOTAL,SK,NR,2018,2088,
ESTAT:RAIL_IF_LVLCROS(1.0),30/01/24 23:00:00,A,TOTAL,SK,NR,2019,2082,
ESTAT:RAIL_IF_LVLCROS(1.0),30/01/24 23:00:00,A,TOTAL,SK,NR,2020,2079,
ESTAT:RAIL_IF_LVLCROS(1.0),30/01/24 23:00:00,A,TOTAL,SK,NR,2021,2071,
ESTAT:RAIL_IF_LVLCROS(1.0),30/01/24 23:00:00,A,TOTAL,SK,NR,2022,2070,
