DATAFLOW,LAST UPDATE,freq,unit,accident,geo,TIME_PERIOD,OBS_VALUE,OBS_FLAG
ESTAT:TRAN_SF_RAILDG(1.0),13/02/24 23:00:00,A,NR,DGD,AT,2009,0,
ESTAT:TRAN_SF_RAILDG(1.0),13/02/24 23:00:00,A,NR,DGD,AT,2010,0,
ESTAT:TRAN_SF_RAILDG(1.0),13/02/24 23:00:00,A,NR,DGD,AT,2011,0,
ESTAT:TRAN_SF_RAILDG(1.0),13/02/24 23:00:00,A,NR,DGD,AT,2012,0,
ESTAT:TRAN_SF_RAILDG(1.0),13/02/24 23:00:00,A,NR,DGD,AT,2013,0,
ESTAT:TRAN_SF_RAILDG(1.0),13/02/24 23:00:00,A,NR,DGD,AT,2014,0,
ESTAT:TRAN_SF_RAILDG(1.0),13/02/24 23:00:00,A,NR,DGD,AT,2015,0,
ESTAT:TRAN_SF_RAILDG(1.0),13/02/24 23:00:00,A,NR,DGD,AT,2016,1,
ESTAT:TRAN_SF_RAILDG(1.0),13/02/24 23:00:00,A,NR,DGD,AT,2017,0,
ESTAT:TRAN_SF_RAILDG(1.0),13/02/24 23:00:00,A,NR,DGD,AT,2018,34,
ESTAT:TRAN_SF_RAILDG(1.0),13/02/24 23:00:00,A,NR,DGD,AT,2019,34,
ESTAT:TRAN_SF_RAILDG(1.0),13/02/24 23:00:00,A,NR,DGD,AT,2020,16,
ESTAT:TRAN_SF_RAILDG(1.0),13/02/24 23:00:00,A,NR,DGD,AT,2021,1,
ESTAT:TRAN_SF_RAILDG(1.0),13/02/24 23:00:00,A,NR,DGD,AT,2022,1,
ESTAT:TRAN_SF_RAILDG(1.0),13/02/24 23:00:00,A,NR,DGD,BE,2006,0,
ESTAT:TRAN_SF_RAILDG(1.0),13/02/24 23:00:00,A,NR,DGD,BE,2010,2,
ESTAT:TRAN_SF_RAILDG(1.0),13/02/24 23:00:00,A,NR,DGD,BE,2011,0,
ESTAT:TRAN_SF_RAILDG(1.0),13/02/24 23:00:00,A,NR,DGD,BE,2012,2,
ESTAT:TRAN_SF_RAILDG(1.0),13/02/24 23:00:00,A,NR,DGD,BE,2013,1,
ESTAT:TRAN_SF_RAILDG(1.0),13/02/24 23:00:00,A,NR,DGD,BE,2014,1,
ESTAT:TRAN_SF_RAILDG(1.0),13/02/24 23:00:00,A,NR,DGD,BE,2015,0,
ESTAT:TRAN_SF_RAILDG(1.0),13/02/24 23:00:00,A,NR,DGD,BE,2016,0,
ESTAT:TRAN_SF_RAILDG(1.0),13/02/24 23:00:00,A,NR,DGD,BE,2017,0,
ESTAT:TRAN_SF_RAILDG(1.0),13/02/24 23:00:00,A,NR,DGD,BE,2018,0,
ESTAT:TRAN_SF_RAILDG(1.0),13/02/24 23:00:00,A,NR,DGD,BE,2019,1,
ESTAT:TRAN_SF_RAILDG(1.0),13/02/24 23:00:00,A,NR,DGD,BE,2020,3,
ESTAT:TRAN_SF_RAILDG(1.0),13/02/24 23:00:00,A,NR,DGD,BE,2021,0,
ESTAT:TRAN_SF_RAILDG(1.0),13/02/24 23:00:00,A,NR,DGD,BE,2022,0,
ESTAT:TRAN_SF_RAILDG(1.0),13/02/24 23:00:00,A,NR,DGD,BG,2006,0,
ESTAT:TRAN_SF_RAILDG(1.0),13/02/24 23:00:00,A,NR,DGD,BG,2007,0,
ESTAT:TRAN_SF_RAILDG(1.0),13/02/24 23:00:00,A,NR,DGD,BG,2008,0,
ESTAT:TRAN_SF_RAILDG(1.0),13/02/24 23:00:00,A,NR,DGD,BG,2009,0,
ESTAT:TRAN_SF_RAILDG(1.0),13/02/24 23:00:00,A,NR,DGD,BG,2010,0,
ESTAT:TRAN_SF_RAILDG(1.0),13/02/24 23:00:00,A,NR,DGD,BG,2011,0,
ESTAT:TRAN_SF_RAILDG(1.0),13/02/24 23:00:00,A,NR,DGD,BG,2012,0,
ESTAT:TRAN_SF_RAILDG(1.0),13/02/24 23:00:00,A,NR,DGD,BG,2013,0,
ESTAT:TRAN_SF_RAILDG(1.0),13/02/24 23:00:00,A,NR,DGD,BG,2014,0,
ESTAT:TRAN_SF_RAILDG(1.0),13/02/24 23:00:00,A,NR,DGD,BG,2015,1,
ESTAT:TRAN_SF_RAILDG(1.0),13/02/24 23:00:00,A,NR,DGD,BG,2016,1,
ESTAT:TRAN_SF_RAILDG(1.0),13/02/24 23:00:00,A,NR,DGD,BG,2017,1,
ESTAT:TRAN_SF_RAILDG(1.0),13/02/24 23:00:00,A,NR,DGD,BG,2018,0,
ESTAT:TRAN_SF_RAILDG(1.0),13/02/24 23:00:00,A,NR,DGD,BG,2019,1,
ESTAT:TRAN_SF_RAILDG(1.0),13/02/24 23:00:00,A,NR,DGD,BG,2020,1,
ESTAT:TRAN_SF_RAILDG(1.0),13/02/24 23:00:00,A,NR,DGD,BG,2021,1,
ESTAT:TRAN_SF_RAILDG(1.0),13/02/24 23:00:00,A,NR,DGD,BG,2022,0,
ESTAT:TRAN_SF_RAILDG(1.0),13/02/24 23:00:00,A,NR,DGD,CH,2009,0,
ESTAT:TRAN_SF_RAILDG(1.0),13/02/24 23:00:00,A,NR,DGD,CH,2010,1,
ESTAT:TRAN_SF_RAILDG(1.0),13/02/24 23:00:00,A,NR,DGD,CH,2011,1,
ESTAT:TRAN_SF_RAILDG(1.0),13/02/24 23:00:00,A,NR,DGD,CH,2012,0,
ESTAT:TRAN_SF_RAILDG(1.0),13/02/24 23:00:00,A,NR,DGD,CH,2013,0,
ESTAT:TRAN_SF_RAILDG(1.0),13/02/24 23:00:00,A,NR,DGD,CH,2014,0,
ESTAT:TRAN_SF_RAILDG(1.0),13/02/24 23:00:00,A,NR,DGD,CH,2015,1,
ESTAT:TRAN_SF_RAILDG(1.0),13/02/24 23:00:00,A,NR,DGD,CH,2016,0,
ESTAT:TRAN_SF_RAILDG(1.0),13/02/24 23:00:00,A,NR,DGD,CH,2017,0,
ESTAT:TRAN_SF_RAILDG(1.0),13/02/24 23:00:00,A,NR,DGD,CH,2018,0,
ESTAT:TRAN_SF_RAILDG(1.0),13/02/24 23:00:00,A,NR,DGD,CH,2019,0,
ESTAT:TRAN_SF_RAILDG(1.0),13/02/24 23:00:00,A,NR,DGD,CH,2020,0,
ESTAT:TRAN_SF_RAILDG(1.0),13/02/24 23:00:00,A,NR,DGD,CH,2021,0,
ESTAT:TRAN_SF_RAILDG(1.0),13/02/24 23:00:00,A,NR,DGD,CH,2022,0,
ESTAT:TRAN_SF_RAILDG(1.0),13/02/24 23:00:00,A,NR,DGD,CHUNNEL,2010,0,
ESTAT:TRAN_SF_RAILDG(1.0),13/02/24 23:00:00,A,NR,DGD,CHUNNEL,2011,1,
ESTAT:TRAN_SF_RAILDG(1.0),13/02/24 23:00:00,A,NR,DGD,CHUNNEL,2012,0,
ESTAT:TRAN_SF_RAILDG(1.0),13/02/24 23:00:00,A,NR,DGD,CHUNNEL,2013,1,
ESTAT:TRAN_SF_RAILDG(1.0),13/02/24 23:00:00,A,NR,DGD,CHUNNEL,2014,0,
ESTAT:TRAN_SF_RAILDG(1.0),13/02/24 23:00:00,A,NR,DGD,CHUNNEL,2015,0,
ESTAT:TRAN_SF_RAILDG(1.0),13/02/24 23:00:00,A,NR,DGD,CHUNNEL,2016,0,
ESTAT:TRAN_SF_RAILDG(1.0),13/02/24 23:00:00,A,NR,DGD,CHUNNEL,2017,0,
ESTAT:TRAN_SF_RAILDG(1.0),13/02/24 23:00:00,A,NR,DGD,CHUNNEL,2018,0,
ESTAT:TRAN_SF_RAILDG(1.0),13/02/24 23:00:00,A,NR,DGD,CHUNNEL,2019,0,
ESTAT:TRAN_SF_RAILDG(1.0),13/02/24 23:00:00,A,NR,DGD,CHUNNEL,2020,0,
ESTAT:TRAN_SF_RAILDG(1.0),13/02/24 23:00:00,A,NR,DGD,CHUNNEL,2021,0,
ESTAT:TRAN_SF_RAILDG(1.0),13/02/24 23:00:00,A,NR,DGD,CHUNNEL,2022,0,
ESTAT:TRAN_SF_RAILDG(1.0),13/02/24 23:00:00,A,NR,DGD,CZ,2010,0,
ESTAT:TRAN_SF_RAILDG(1.0),13/02/24 23:00:00,A,NR,DGD,CZ,2011,0,
ESTAT:TRAN_SF_RAILDG(1.0),13/02/24 23:00:00,A,NR,DGD,CZ,2012,0,
ESTAT:TRAN_SF_RAILDG(1.0),13/02/24 23:00:00,A,NR,DGD,CZ,2013,0,
ESTAT:TRAN_SF_RAILDG(1.0),13/02/24 23:00:00,A,NR,DGD,CZ,2014,0,
ESTAT:TRAN_SF_RAILDG(1.0),13/02/24 23:00:00,A,NR,DGD,CZ,2015,1,
ESTAT:TRAN_SF_RAILDG(1.0),13/02/24 23:00:00,A,NR,DGD,CZ,2016,1,
ESTAT:TRAN_SF_RAILDG(1.0),13/02/24 23:00:00,A,NR,DGD,CZ,2017,0,
ESTAT:TRAN_SF_RAILDG(1.0),13/02/24 23:00:00,A,NR,DGD,CZ,2018,0,
ESTAT:TRAN_SF_RAILDG(1.0),13/02/24 23:00:00,A,NR,DGD,CZ,2019,1,
ESTAT:TRAN_SF_RAILDG(1.0),13/02/24 23:00:00,A,NR,DGD,CZ,2020,0,
ESTAT:TRAN_SF_RAILDG(1.0),13/02/24 23:00:00,A,NR,DGD,CZ,2021,1,
ESTAT:TRAN_SF_RAILDG(1.0),13/02/24 23:00:00,A,NR,DGD,CZ,2022,1,
ESTAT:TRAN_SF_RAILDG(1.0),13/02/24 23:00:00,A,NR,DGD,DE,2010,2,
ESTAT:TRAN_SF_RAILDG(1.0),13/02/24 23:00:00,A,NR,DGD,DE,2011,3,
ESTAT:TRAN_SF_RAILDG(1.0),13/02/24 23:00:00,A,NR,DGD,DE,2012,4,
ESTAT:TRAN_SF_RAILDG(1.0),13/02/24 23:00:00,A,NR,DGD,DE,2013,4,
ESTAT:TRAN_SF_RAILDG(1.0),13/02/24 23:00:00,A,NR,DGD,DE,2014,9,
ESTAT:TRAN_SF_RAILDG(1.0),13/02/24 23:00:00,A,NR,DGD,DE,2015,6,
ESTAT:TRAN_SF_RAILDG(1.0),13/02/24 23:00:00,A,NR,DGD,DE,2016,9,
ESTAT:TRAN_SF_RAILDG(1.0),13/02/24 23:00:00,A,NR,DGD,DE,2017,10,
ESTAT:TRAN_SF_RAILDG(1.0),13/02/24 23:00:00,A,NR,DGD,DE,2018,5,
ESTAT:TRAN_SF_RAILDG(1.0),13/02/24 23:00:00,A,NR,DGD,DE,2019,8,
ESTAT:TRAN_SF_RAILDG(1.0),13/02/24 23:00:00,A,NR,DGD,DE,2020,6,
ESTAT:TRAN_SF_RAILDG(1.0),13/02/24 23:00:00,A,NR,DGD,DE,2021,7,
ESTAT:TRAN_SF_RAILDG(1.0),13/02/24 23:00:00,A,NR,DGD,DE,2022,8,
ESTAT:TRAN_SF_RAILDG(1.0),13/02/24 23:00:00,A,NR,DGD,DK,2007,0,
ESTAT:TRAN_SF_RAILDG(1.0),13/02/24 23:00:00,A,NR,DGD,DK,2008,0,
ESTAT:TRAN_SF_RAILDG(1.0),13/02/24 23:00:00,A,NR,DGD,DK,2010,2,
ESTAT:TRAN_SF_RAILDG(1.0),13/02/24 23:00:00,A,NR,DGD,DK,2011,2,
ESTAT:TRAN_SF_RAILDG(1.0),13/02/24 23:00:00,A,NR,DGD,DK,2012,1,
ESTAT:TRAN_SF_RAILDG(1.0),13/02/24 23:00:00,A,NR,DGD,DK,2013,0,
ESTAT:TRAN_SF_RAILDG(1.0),13/02/24 23:00:00,A,NR,DGD,DK,2014,1,
ESTAT:TRAN_SF_RAILDG(1.0),13/02/24 23:00:00,A,NR,DGD,DK,2015,2,
ESTAT:TRAN_SF_RAILDG(1.0),13/02/24 23:00:00,A,NR,DGD,DK,2016,2,
ESTAT:TRAN_SF_RAILDG(1.0),13/02/24 23:00:00,A,NR,DGD,DK,2017,0,
ESTAT:TRAN_SF_RAILDG(1.0),13/02/24 23:00:00,A,NR,DGD,DK,2018,0,
ESTAT:TRAN_SF_RAILDG(1.0),13/02/24 23:00:00,A,NR,DGD,DK,2019,0,
ESTAT:TRAN_SF_RAILDG(1.0),13/02/24 23:00:00,A,NR,DGD,DK,2020,0,
ESTAT:TRAN_SF_RAILDG(1.0),13/02/24 23:00:00,A,NR,DGD,DK,2021,0,
ESTAT:TRAN_SF_RAILDG(1.0),13/02/24 23:00:00,A,NR,DGD,DK,2022,0,
ESTAT:TRAN_SF_RAILDG(1.0),13/02/24 23:00:00,A,NR,DGD,EE,2010,0,
ESTAT:TRAN_SF_RAILDG(1.0),13/02/24 23:00:00,A,NR,DGD,EE,2011,0,
ESTAT:TRAN_SF_RAILDG(1.0),13/02/24 23:00:00,A,NR,DGD,EE,2012,0,
ESTAT:TRAN_SF_RAILDG(1.0),13/02/24 23:00:00,A,NR,DGD,EE,2013,0,
ESTAT:TRAN_SF_RAILDG(1.0),13/02/24 23:00:00,A,NR,DGD,EE,2014,0,
ESTAT:TRAN_SF_RAILDG(1.0),13/02/24 23:00:00,A,NR,DGD,EE,2015,0,
ESTAT:TRAN_SF_RAILDG(1.0),13/02/24 23:00:00,A,NR,DGD,EE,2016,0,
ESTAT:TRAN_SF_RAILDG(1.0),13/02/24 23:00:00,A,NR,DGD,EE,2017,1,
ESTAT:TRAN_SF_RAILDG(1.0),13/02/24 23:00:00,A,NR,DGD,EE,2018,0,
ESTAT:TRAN_SF_RAILDG(1.0),13/02/24 23:00:00,A,NR,DGD,EE,2019,0,
ESTAT:TRAN_SF_RAILDG(1.0),13/02/24 23:00:00,A,NR,DGD,EE,2020,0,
ESTAT:TRAN_SF_RAILDG(1.0),13/02/24 23:00:00,A,NR,DGD,EE,2021,0,
ESTAT:TRAN_SF_RAILDG(1.0),13/02/24 23:00:00,A,NR,DGD,EE,2022,0,
ESTAT:TRAN_SF_RAILDG(1.0),13/02/24 23:00:00,A,NR,DGD,EL,2009,0,
ESTAT:TRAN_SF_RAILDG(1.0),13/02/24 23:00:00,A,NR,DGD,EL,2010,0,
ESTAT:TRAN_SF_RAILDG(1.0),13/02/24 23:00:00,A,NR,DGD,EL,2011,0,
ESTAT:TRAN_SF_RAILDG(1.0),13/02/24 23:00:00,A,NR,DGD,EL,2012,0,
ESTAT:TRAN_SF_RAILDG(1.0),13/02/24 23:00:00,A,NR,DGD,EL,2013,0,
ESTAT:TRAN_SF_RAILDG(1.0),13/02/24 23:00:00,A,NR,DGD,EL,2014,0,
ESTAT:TRAN_SF_RAILDG(1.0),13/02/24 23:00:00,A,NR,DGD,EL,2015,0,
ESTAT:TRAN_SF_RAILDG(1.0),13/02/24 23:00:00,A,NR,DGD,EL,2016,0,
ESTAT:TRAN_SF_RAILDG(1.0),13/02/24 23:00:00,A,NR,DGD,EL,2017,0,
ESTAT:TRAN_SF_RAILDG(1.0),13/02/24 23:00:00,A,NR,DGD,EL,2018,0,
ESTAT:TRAN_SF_RAILDG(1.0),13/02/24 23:00:00,A,NR,DGD,EL,2019,0,
ESTAT:TRAN_SF_RAILDG(1.0),13/02/24 23:00:00,A,NR,DGD,EL,2020,0,
ESTAT:TRAN_SF_RAILDG(1.0),13/02/24 23:00:00,A,NR,DGD,EL,2021,1,
ESTAT:TRAN_SF_RAILDG(1.0),13/02/24 23:00:00,A,NR,DGD,EL,2022,0,
ESTAT:TRAN_SF_RAILDG(1.0),13/02/24 23:00:00,A,NR,DGD,ES,2006,0,
ESTAT:TRAN_SF_RAILDG(1.0),13/02/24 23:00:00,A,NR,DGD,ES,2007,0,
ESTAT:TRAN_SF_RAILDG(1.0),13/02/24 23:00:00,A,NR,DGD,ES,2010,1,
ESTAT:TRAN_SF_RAILDG(1.0),13/02/24 23:00:00,A,NR,DGD,ES,2011,4,
ESTAT:TRAN_SF_RAILDG(1.0),13/02/24 23:00:00,A,NR,DGD,ES,2012,2,
ESTAT:TRAN_SF_RAILDG(1.0),13/02/24 23:00:00,A,NR,DGD,ES,2013,3,
ESTAT:TRAN_SF_RAILDG(1.0),13/02/24 23:00:00,A,NR,DGD,ES,2014,0,
ESTAT:TRAN_SF_RAILDG(1.0),13/02/24 23:00:00,A,NR,DGD,ES,2015,0,
ESTAT:TRAN_SF_RAILDG(1.0),13/02/24 23:00:00,A,NR,DGD,ES,2016,0,
ESTAT:TRAN_SF_RAILDG(1.0),13/02/24 23:00:00,A,NR,DGD,ES,2017,1,
ESTAT:TRAN_SF_RAILDG(1.0),13/02/24 23:00:00,A,NR,DGD,ES,2018,3,
ESTAT:TRAN_SF_RAILDG(1.0),13/02/24 23:00:00,A,NR,DGD,ES,2019,6,
ESTAT:TRAN_SF_RAILDG(1.0),13/02/24 23:00:00,A,NR,DGD,ES,2020,7,
ESTAT:TRAN_SF_RAILDG(1.0),13/02/24 23:00:00,A,NR,DGD,ES,2021,3,
ESTAT:TRAN_SF_RAILDG(1.0),13/02/24 23:00:00,A,NR,DGD,ES,2022,4,
ESTAT:TRAN_SF_RAILDG(1.0),13/02/24 23:00:00,A,NR,DGD,EU27_2020,2011,26,
ESTAT:TRAN_SF_RAILDG(1.0),13/02/24 23:00:00,A,NR,DGD,EU27_2020,2012,23,
ESTAT:TRAN_SF_RAILDG(1.0),13/02/24 23:00:00,A,NR,DGD,EU27_2020,2013,19,
ESTAT:TRAN_SF_RAILDG(1.0),13/02/24 23:00:00,A,NR,DGD,EU27_2020,2014,35,
ESTAT:TRAN_SF_RAILDG(1.0),13/02/24 23:00:00,A,NR,DGD,EU27_2020,2015,16,
ESTAT:TRAN_SF_RAILDG(1.0),13/02/24 23:00:00,A,NR,DGD,EU27_2020,2016,22,
ESTAT:TRAN_SF_RAILDG(1.0),13/02/24 23:00:00,A,NR,DGD,EU27_2020,2017,27,
ESTAT:TRAN_SF_RAILDG(1.0),13/02/24 23:00:00,A,NR,DGD,EU27_2020,2018,55,
ESTAT:TRAN_SF_RAILDG(1.0),13/02/24 23:00:00,A,NR,DGD,EU27_2020,2019,56,
ESTAT:TRAN_SF_RAILDG(1.0),13/02/24 23:00:00,A,NR,DGD,EU27_2020,2020,53,
ESTAT:TRAN_SF_RAILDG(1.0),13/02/24 23:00:00,A,NR,DGD,EU27_2020,2021,42,
ESTAT:TRAN_SF_RAILDG(1.0),13/02/24 23:00:00,A,NR,DGD,EU27_2020,2022,46,
ESTAT:TRAN_SF_RAILDG(1.0),13/02/24 23:00:00,A,NR,DGD,FI,2007,0,
ESTAT:TRAN_SF_RAILDG(1.0),13/02/24 23:00:00,A,NR,DGD,FI,2009,0,
ESTAT:TRAN_SF_RAILDG(1.0),13/02/24 23:00:00,A,NR,DGD,FI,2010,0,
ESTAT:TRAN_SF_RAILDG(1.0),13/02/24 23:00:00,A,NR,DGD,FI,2011,0,
ESTAT:TRAN_SF_RAILDG(1.0),13/02/24 23:00:00,A,NR,DGD,FI,2012,1,
ESTAT:TRAN_SF_RAILDG(1.0),13/02/24 23:00:00,A,NR,DGD,FI,2013,1,
ESTAT:TRAN_SF_RAILDG(1.0),13/02/24 23:00:00,A,NR,DGD,FI,2014,4,
ESTAT:TRAN_SF_RAILDG(1.0),13/02/24 23:00:00,A,NR,DGD,FI,2015,1,
ESTAT:TRAN_SF_RAILDG(1.0),13/02/24 23:00:00,A,NR,DGD,FI,2016,0,
ESTAT:TRAN_SF_RAILDG(1.0),13/02/24 23:00:00,A,NR,DGD,FI,2017,1,
ESTAT:TRAN_SF_RAILDG(1.0),13/02/24 23:00:00,A,NR,DGD,FI,2018,1,
ESTAT:TRAN_SF_RAILDG(1.0),13/02/24 23:00:00,A,NR,DGD,FI,2019,3,
ESTAT:TRAN_SF_RAILDG(1.0),13/02/24 23:00:00,A,NR,DGD,FI,2020,3,
ESTAT:TRAN_SF_RAILDG(1.0),13/02/24 23:00:00,A,NR,DGD,FI,2021,2,
ESTAT:TRAN_SF_RAILDG(1.0),13/02/24 23:00:00,A,NR,DGD,FI,2022,1,
ESTAT:TRAN_SF_RAILDG(1.0),13/02/24 23:00:00,A,NR,DGD,FR,2009,0,
ESTAT:TRAN_SF_RAILDG(1.0),13/02/24 23:00:00,A,NR,DGD,FR,2011,2,
ESTAT:TRAN_SF_RAILDG(1.0),13/02/24 23:00:00,A,NR,DGD,FR,2012,3,
ESTAT:TRAN_SF_RAILDG(1.0),13/02/24 23:00:00,A,NR,DGD,FR,2013,4,
ESTAT:TRAN_SF_RAILDG(1.0),13/02/24 23:00:00,A,NR,DGD,FR,2014,4,
ESTAT:TRAN_SF_RAILDG(1.0),13/02/24 23:00:00,A,NR,DGD,FR,2015,2,
ESTAT:TRAN_SF_RAILDG(1.0),13/02/24 23:00:00,A,NR,DGD,FR,2016,1,
ESTAT:TRAN_SF_RAILDG(1.0),13/02/24 23:00:00,A,NR,DGD,FR,2017,6,
ESTAT:TRAN_SF_RAILDG(1.0),13/02/24 23:00:00,A,NR,DGD,FR,2018,5,
ESTAT:TRAN_SF_RAILDG(1.0),13/02/24 23:00:00,A,NR,DGD,FR,2019,0,
ESTAT:TRAN_SF_RAILDG(1.0),13/02/24 23:00:00,A,NR,DGD,FR,2020,14,
ESTAT:TRAN_SF_RAILDG(1.0),13/02/24 23:00:00,A,NR,DGD,FR,2021,19,
ESTAT:TRAN_SF_RAILDG(1.0),13/02/24 23:00:00,A,NR,DGD,FR,2022,26,
ESTAT:TRAN_SF_RAILDG(1.0),13/02/24 23:00:00,A,NR,DGD,HR,2010,0,
ESTAT:TRAN_SF_RAILDG(1.0),13/02/24 23:00:00,A,NR,DGD,HR,2011,0,
ESTAT:TRAN_SF_RAILDG(1.0),13/02/24 23:00:00,A,NR,DGD,HR,2012,0,
ESTAT:TRAN_SF_RAILDG(1.0),13/02/24 23:00:00,A,NR,DGD,HR,2013,0,
ESTAT:TRAN_SF_RAILDG(1.0),13/02/24 23:00:00,A,NR,DGD,HR,2014,0,
ESTAT:TRAN_SF_RAILDG(1.0),13/02/24 23:00:00,A,NR,DGD,HR,2015,0,
ESTAT:TRAN_SF_RAILDG(1.0),13/02/24 23:00:00,A,NR,DGD,HR,2016,0,
ESTAT:TRAN_SF_RAILDG(1.0),13/02/24 23:00:00,A,NR,DGD,HR,2017,0,
ESTAT:TRAN_SF_RAILDG(1.0),13/02/24 23:00:00,A,NR,DGD,HR,2018,0,
ESTAT:TRAN_SF_RAILDG(1.0),13/02/24 23:00:00,A,NR,DGD,HR,2019,0,
ESTAT:TRAN_SF_RAILDG(1.0),13/02/24 23:00:00,A,NR,DGD,HR,2020,0,
ESTAT:TRAN_SF_RAILDG(1.0),13/02/24 23:00:00,A,NR,DGD,HR,2021,0,
ESTAT:TRAN_SF_RAILDG(1.0),13/02/24 23:00:00,A,NR,DGD,HR,2022,0,
ESTAT:TRAN_SF_RAILDG(1.0),13/02/24 23:00:00,A,NR,DGD,HU,2010,0,
ESTAT:TRAN_SF_RAILDG(1.0),13/02/24 23:00:00,A,NR,DGD,HU,2011,0,
ESTAT:TRAN_SF_RAILDG(1.0),13/02/24 23:00:00,A,NR,DGD,HU,2012,0,
ESTAT:TRAN_SF_RAILDG(1.0),13/02/24 23:00:00,A,NR,DGD,HU,2013,0,
ESTAT:TRAN_SF_RAILDG(1.0),13/02/24 23:00:00,A,NR,DGD,HU,2014,0,
ESTAT:TRAN_SF_RAILDG(1.0),13/02/24 23:00:00,A,NR,DGD,HU,2015,0,
ESTAT:TRAN_SF_RAILDG(1.0),13/02/24 23:00:00,A,NR,DGD,HU,2016,0,
ESTAT:TRAN_SF_RAILDG(1.0),13/02/24 23:00:00,A,NR,DGD,HU,2017,1,
ESTAT:TRAN_SF_RAILDG(1.0),13/02/24 23:00:00,A,NR,DGD,HU,2018,2,
ESTAT:TRAN_SF_RAILDG(1.0),13/02/24 23:00:00,A,NR,DGD,HU,2019,1,
ESTAT:TRAN_SF_RAILDG(1.0),13/02/24 23:00:00,A,NR,DGD,HU,2020,0,
ESTAT:TRAN_SF_RAILDG(1.0),13/02/24 23:00:00,A,NR,DGD,HU,2021,0,
ESTAT:TRAN_SF_RAILDG(1.0),13/02/24 23:00:00,A,NR,DGD,HU,2022,0,
ESTAT:TRAN_SF_RAILDG(1.0),13/02/24 23:00:00,A,NR,DGD,IE,2006,0,
ESTAT:TRAN_SF_RAILDG(1.0),13/02/24 23:00:00,A,NR,DGD,IE,2007,0,
ESTAT:TRAN_SF_RAILDG(1.0),13/02/24 23:00:00,A,NR,DGD,IE,2008,0,
ESTAT:TRAN_SF_RAILDG(1.0),13/02/24 23:00:00,A,NR,DGD,IE,2009,0,
ESTAT:TRAN_SF_RAILDG(1.0),13/02/24 23:00:00,A,NR,DGD,IE,2010,0,
ESTAT:TRAN_SF_RAILDG(1.0),13/02/24 23:00:00,A,NR,DGD,IE,2011,0,
ESTAT:TRAN_SF_RAILDG(1.0),13/02/24 23:00:00,A,NR,DGD,IE,2012,0,
ESTAT:TRAN_SF_RAILDG(1.0),13/02/24 23:00:00,A,NR,DGD,IE,2013,0,
ESTAT:TRAN_SF_RAILDG(1.0),13/02/24 23:00:00,A,NR,DGD,IE,2014,0,
ESTAT:TRAN_SF_RAILDG(1.0),13/02/24 23:00:00,A,NR,DGD,IE,2015,0,
ESTAT:TRAN_SF_RAILDG(1.0),13/02/24 23:00:00,A,NR,DGD,IE,2016,0,
ESTAT:TRAN_SF_RAILDG(1.0),13/02/24 23:00:00,A,NR,DGD,IE,2017,0,
ESTAT:TRAN_SF_RAILDG(1.0),13/02/24 23:00:00,A,NR,DGD,IE,2018,0,
ESTAT:TRAN_SF_RAILDG(1.0),13/02/24 23:00:00,A,NR,DGD,IE,2019,0,
ESTAT:TRAN_SF_RAILDG(1.0),13/02/24 23:00:00,A,NR,DGD,IE,2020,0,
ESTAT:TRAN_SF_RAILDG(1.0),13/02/24 23:00:00,A,NR,DGD,IE,2021,0,
ESTAT:TRAN_SF_RAILDG(1.0),13/02/24 23:00:00,A,NR,DGD,IE,2022,0,
ESTAT:TRAN_SF_RAILDG(1.0),13/02/24 23:00:00,A,NR,DGD,IT,2010,5,
ESTAT:TRAN_SF_RAILDG(1.0),13/02/24 23:00:00,A,NR,DGD,IT,2011,0,
ESTAT:TRAN_SF_RAILDG(1.0),13/02/24 23:00:00,A,NR,DGD,IT,2012,1,
ESTAT:TRAN_SF_RAILDG(1.0),13/02/24 23:00:00,A,NR,DGD,IT,2013,1,
ESTAT:TRAN_SF_RAILDG(1.0),13/02/24 23:00:00,A,NR,DGD,IT,2014,2,
ESTAT:TRAN_SF_RAILDG(1.0),13/02/24 23:00:00,A,NR,DGD,IT,2015,0,
ESTAT:TRAN_SF_RAILDG(1.0),13/02/24 23:00:00,A,NR,DGD,IT,2016,1,
ESTAT:TRAN_SF_RAILDG(1.0),13/02/24 23:00:00,A,NR,DGD,IT,2017,0,
ESTAT:TRAN_SF_RAILDG(1.0),13/02/24 23:00:00,A,NR,DGD,IT,2018,3,
ESTAT:TRAN_SF_RAILDG(1.0),13/02/24 23:00:00,A,NR,DGD,IT,2019,0,
ESTAT:TRAN_SF_RAILDG(1.0),13/02/24 23:00:00,A,NR,DGD,IT,2020,0,
ESTAT:TRAN_SF_RAILDG(1.0),13/02/24 23:00:00,A,NR,DGD,IT,2021,1,
ESTAT:TRAN_SF_RAILDG(1.0),13/02/24 23:00:00,A,NR,DGD,IT,2022,2,
ESTAT:TRAN_SF_RAILDG(1.0),13/02/24 23:00:00,A,NR,DGD,LT,2010,3,
ESTAT:TRAN_SF_RAILDG(1.0),13/02/24 23:00:00,A,NR,DGD,LT,2011,3,
ESTAT:TRAN_SF_RAILDG(1.0),13/02/24 23:00:00,A,NR,DGD,LT,2012,4,
ESTAT:TRAN_SF_RAILDG(1.0),13/02/24 23:00:00,A,NR,DGD,LT,2013,2,
ESTAT:TRAN_SF_RAILDG(1.0),13/02/24 23:00:00,A,NR,DGD,LT,2014,3,
ESTAT:TRAN_SF_RAILDG(1.0),13/02/24 23:00:00,A,NR,DGD,LT,2015,0,
ESTAT:TRAN_SF_RAILDG(1.0),13/02/24 23:00:00,A,NR,DGD,LT,2016,0,
ESTAT:TRAN_SF_RAILDG(1.0),13/02/24 23:00:00,A,NR,DGD,LT,2017,0,
ESTAT:TRAN_SF_RAILDG(1.0),13/02/24 23:00:00,A,NR,DGD,LT,2018,0,
ESTAT:TRAN_SF_RAILDG(1.0),13/02/24 23:00:00,A,NR,DGD,LT,2019,0,
ESTAT:TRAN_SF_RAILDG(1.0),13/02/24 23:00:00,A,NR,DGD,LT,2020,0,
ESTAT:TRAN_SF_RAILDG(1.0),13/02/24 23:00:00,A,NR,DGD,LT,2021,0,
ESTAT:TRAN_SF_RAILDG(1.0),13/02/24 23:00:00,A,NR,DGD,LT,2022,0,
ESTAT:TRAN_SF_RAILDG(1.0),13/02/24 23:00:00,A,NR,DGD,LU,2010,0,
ESTAT:TRAN_SF_RAILDG(1.0),13/02/24 23:00:00,A,NR,DGD,LU,2011,0,
ESTAT:TRAN_SF_RAILDG(1.0),13/02/24 23:00:00,A,NR,DGD,LU,2012,0,
ESTAT:TRAN_SF_RAILDG(1.0),13/02/24 23:00:00,A,NR,DGD,LU,2013,0,
ESTAT:TRAN_SF_RAILDG(1.0),13/02/24 23:00:00,A,NR,DGD,LU,2014,0,
ESTAT:TRAN_SF_RAILDG(1.0),13/02/24 23:00:00,A,NR,DGD,LU,2015,0,
ESTAT:TRAN_SF_RAILDG(1.0),13/02/24 23:00:00,A,NR,DGD,LU,2016,0,
ESTAT:TRAN_SF_RAILDG(1.0),13/02/24 23:00:00,A,NR,DGD,LU,2017,0,
ESTAT:TRAN_SF_RAILDG(1.0),13/02/24 23:00:00,A,NR,DGD,LU,2018,0,
ESTAT:TRAN_SF_RAILDG(1.0),13/02/24 23:00:00,A,NR,DGD,LU,2019,0,
ESTAT:TRAN_SF_RAILDG(1.0),13/02/24 23:00:00,A,NR,DGD,LU,2020,0,
ESTAT:TRAN_SF_RAILDG(1.0),13/02/24 23:00:00,A,NR,DGD,LU,2021,0,
ESTAT:TRAN_SF_RAILDG(1.0),13/02/24 23:00:00,A,NR,DGD,LU,2022,0,
ESTAT:TRAN_SF_RAILDG(1.0),13/02/24 23:00:00,A,NR,DGD,LV,2010,2,
ESTAT:TRAN_SF_RAILDG(1.0),13/02/24 23:00:00,A,NR,DGD,LV,2011,2,
ESTAT:TRAN_SF_RAILDG(1.0),13/02/24 23:00:00,A,NR,DGD,LV,2012,2,
ESTAT:TRAN_SF_RAILDG(1.0),13/02/24 23:00:00,A,NR,DGD,LV,2013,2,
ESTAT:TRAN_SF_RAILDG(1.0),13/02/24 23:00:00,A,NR,DGD,LV,2014,2,
ESTAT:TRAN_SF_RAILDG(1.0),13/02/24 23:00:00,A,NR,DGD,LV,2015,0,
ESTAT:TRAN_SF_RAILDG(1.0),13/02/24 23:00:00,A,NR,DGD,LV,2016,0,
ESTAT:TRAN_SF_RAILDG(1.0),13/02/24 23:00:00,A,NR,DGD,LV,2017,0,
ESTAT:TRAN_SF_RAILDG(1.0),13/02/24 23:00:00,A,NR,DGD,LV,2018,0,
ESTAT:TRAN_SF_RAILDG(1.0),13/02/24 23:00:00,A,NR,DGD,LV,2019,0,
ESTAT:TRAN_SF_RAILDG(1.0),13/02/24 23:00:00,A,NR,DGD,LV,2020,0,
ESTAT:TRAN_SF_RAILDG(1.0),13/02/24 23:00:00,A,NR,DGD,LV,2021,0,
ESTAT:TRAN_SF_RAILDG(1.0),13/02/24 23:00:00,A,NR,DGD,LV,2022,0,
ESTAT:TRAN_SF_RAILDG(1.0),13/02/24 23:00:00,A,NR,DGD,ME,2013,0,
ESTAT:TRAN_SF_RAILDG(1.0),13/02/24 23:00:00,A,NR,DGD,ME,2014,0,
ESTAT:TRAN_SF_RAILDG(1.0),13/02/24 23:00:00,A,NR,DGD,ME,2015,0,
ESTAT:TRAN_SF_RAILDG(1.0),13/02/24 23:00:00,A,NR,DGD,ME,2016,0,
ESTAT:TRAN_SF_RAILDG(1.0),13/02/24 23:00:00,A,NR,DGD,MK,2010,0,
ESTAT:TRAN_SF_RAILDG(1.0),13/02/24 23:00:00,A,NR,DGD,MK,2011,0,
ESTAT:TRAN_SF_RAILDG(1.0),13/02/24 23:00:00,A,NR,DGD,MK,2012,0,
ESTAT:TRAN_SF_RAILDG(1.0),13/02/24 23:00:00,A,NR,DGD,MK,2013,0,
ESTAT:TRAN_SF_RAILDG(1.0),13/02/24 23:00:00,A,NR,DGD,MK,2014,0,
ESTAT:TRAN_SF_RAILDG(1.0),13/02/24 23:00:00,A,NR,DGD,MK,2015,0,
ESTAT:TRAN_SF_RAILDG(1.0),13/02/24 23:00:00,A,NR,DGD,MK,2016,0,
ESTAT:TRAN_SF_RAILDG(1.0),13/02/24 23:00:00,A,NR,DGD,MK,2017,0,
ESTAT:TRAN_SF_RAILDG(1.0),13/02/24 23:00:00,A,NR,DGD,MK,2018,0,
ESTAT:TRAN_SF_RAILDG(1.0),13/02/24 23:00:00,A,NR,DGD,NL,2010,0,
ESTAT:TRAN_SF_RAILDG(1.0),13/02/24 23:00:00,A,NR,DGD,NL,2011,3,
ESTAT:TRAN_SF_RAILDG(1.0),13/02/24 23:00:00,A,NR,DGD,NL,2012,2,
ESTAT:TRAN_SF_RAILDG(1.0),13/02/24 23:00:00,A,NR,DGD,NL,2013,0,
ESTAT:TRAN_SF_RAILDG(1.0),13/02/24 23:00:00,A,NR,DGD,NL,2014,1,
ESTAT:TRAN_SF_RAILDG(1.0),13/02/24 23:00:00,A,NR,DGD,NL,2015,2,
ESTAT:TRAN_SF_RAILDG(1.0),13/02/24 23:00:00,A,NR,DGD,NL,2016,0,
ESTAT:TRAN_SF_RAILDG(1.0),13/02/24 23:00:00,A,NR,DGD,NL,2017,1,
ESTAT:TRAN_SF_RAILDG(1.0),13/02/24 23:00:00,A,NR,DGD,NL,2018,1,
ESTAT:TRAN_SF_RAILDG(1.0),13/02/24 23:00:00,A,NR,DGD,NL,2019,0,
ESTAT:TRAN_SF_RAILDG(1.0),13/02/24 23:00:00,A,NR,DGD,NL,2020,1,
ESTAT:TRAN_SF_RAILDG(1.0),13/02/24 23:00:00,A,NR,DGD,NL,2021,1,
ESTAT:TRAN_SF_RAILDG(1.0),13/02/24 23:00:00,A,NR,DGD,NL,2022,0,
ESTAT:TRAN_SF_RAILDG(1.0),13/02/24 23:00:00,A,NR,DGD,NO,2007,0,
ESTAT:TRAN_SF_RAILDG(1.0),13/02/24 23:00:00,A,NR,DGD,NO,2008,0,
ESTAT:TRAN_SF_RAILDG(1.0),13/02/24 23:00:00,A,NR,DGD,NO,2009,0,
ESTAT:TRAN_SF_RAILDG(1.0),13/02/24 23:00:00,A,NR,DGD,NO,2010,0,
ESTAT:TRAN_SF_RAILDG(1.0),13/02/24 23:00:00,A,NR,DGD,NO,2011,0,
ESTAT:TRAN_SF_RAILDG(1.0),13/02/24 23:00:00,A,NR,DGD,NO,2012,0,
ESTAT:TRAN_SF_RAILDG(1.0),13/02/24 23:00:00,A,NR,DGD,NO,2013,1,
ESTAT:TRAN_SF_RAILDG(1.0),13/02/24 23:00:00,A,NR,DGD,NO,2014,2,
ESTAT:TRAN_SF_RAILDG(1.0),13/02/24 23:00:00,A,NR,DGD,NO,2015,2,
ESTAT:TRAN_SF_RAILDG(1.0),13/02/24 23:00:00,A,NR,DGD,NO,2016,0,
ESTAT:TRAN_SF_RAILDG(1.0),13/02/24 23:00:00,A,NR,DGD,NO,2017,0,
ESTAT:TRAN_SF_RAILDG(1.0),13/02/24 23:00:00,A,NR,DGD,NO,2018,2,
ESTAT:TRAN_SF_RAILDG(1.0),13/02/24 23:00:00,A,NR,DGD,NO,2019,8,
ESTAT:TRAN_SF_RAILDG(1.0),13/02/24 23:00:00,A,NR,DGD,NO,2020,4,
ESTAT:TRAN_SF_RAILDG(1.0),13/02/24 23:00:00,A,NR,DGD,NO,2021,2,
ESTAT:TRAN_SF_RAILDG(1.0),13/02/24 23:00:00,A,NR,DGD,NO,2022,2,
ESTAT:TRAN_SF_RAILDG(1.0),13/02/24 23:00:00,A,NR,DGD,PL,2009,0,
ESTAT:TRAN_SF_RAILDG(1.0),13/02/24 23:00:00,A,NR,DGD,PL,2010,32,
ESTAT:TRAN_SF_RAILDG(1.0),13/02/24 23:00:00,A,NR,DGD,PL,2011,6,
ESTAT:TRAN_SF_RAILDG(1.0),13/02/24 23:00:00,A,NR,DGD,PL,2012,1,
ESTAT:TRAN_SF_RAILDG(1.0),13/02/24 23:00:00,A,NR,DGD,PL,2013,1,
ESTAT:TRAN_SF_RAILDG(1.0),13/02/24 23:00:00,A,NR,DGD,PL,2014,1,
ESTAT:TRAN_SF_RAILDG(1.0),13/02/24 23:00:00,A,NR,DGD,PL,2015,1,
ESTAT:TRAN_SF_RAILDG(1.0),13/02/24 23:00:00,A,NR,DGD,PL,2016,6,
ESTAT:TRAN_SF_RAILDG(1.0),13/02/24 23:00:00,A,NR,DGD,PL,2017,2,
ESTAT:TRAN_SF_RAILDG(1.0),13/02/24 23:00:00,A,NR,DGD,PL,2018,0,
ESTAT:TRAN_SF_RAILDG(1.0),13/02/24 23:00:00,A,NR,DGD,PL,2019,0,
ESTAT:TRAN_SF_RAILDG(1.0),13/02/24 23:00:00,A,NR,DGD,PL,2020,1,
ESTAT:TRAN_SF_RAILDG(1.0),13/02/24 23:00:00,A,NR,DGD,PL,2021,4,
ESTAT:TRAN_SF_RAILDG(1.0),13/02/24 23:00:00,A,NR,DGD,PL,2022,1,
ESTAT:TRAN_SF_RAILDG(1.0),13/02/24 23:00:00,A,NR,DGD,PT,2010,1,
ESTAT:TRAN_SF_RAILDG(1.0),13/02/24 23:00:00,A,NR,DGD,PT,2011,0,
ESTAT:TRAN_SF_RAILDG(1.0),13/02/24 23:00:00,A,NR,DGD,PT,2012,0,
ESTAT:TRAN_SF_RAILDG(1.0),13/02/24 23:00:00,A,NR,DGD,PT,2013,0,
ESTAT:TRAN_SF_RAILDG(1.0),13/02/24 23:00:00,A,NR,DGD,PT,2014,3,
ESTAT:TRAN_SF_RAILDG(1.0),13/02/24 23:00:00,A,NR,DGD,PT,2015,0,
ESTAT:TRAN_SF_RAILDG(1.0),13/02/24 23:00:00,A,NR,DGD,PT,2016,0,
ESTAT:TRAN_SF_RAILDG(1.0),13/02/24 23:00:00,A,NR,DGD,PT,2017,0,
ESTAT:TRAN_SF_RAILDG(1.0),13/02/24 23:00:00,A,NR,DGD,PT,2018,0,
ESTAT:TRAN_SF_RAILDG(1.0),13/02/24 23:00:00,A,NR,DGD,PT,2019,0,
ESTAT:TRAN_SF_RAILDG(1.0),13/02/24 23:00:00,A,NR,DGD,PT,2020,0,
ESTAT:TRAN_SF_RAILDG(1.0),13/02/24 23:00:00,A,NR,DGD,PT,2021,0,
ESTAT:TRAN_SF_RAILDG(1.0),13/02/24 23:00:00,A,NR,DGD,PT,2022,0,
ESTAT:TRAN_SF_RAILDG(1.0),13/02/24 23:00:00,A,NR,DGD,RO,2006,0,
ESTAT:TRAN_SF_RAILDG(1.0),13/02/24 23:00:00,A,NR,DGD,RO,2010,2,
ESTAT:TRAN_SF_RAILDG(1.0),13/02/24 23:00:00,A,NR,DGD,RO,2011,1,
ESTAT:TRAN_SF_RAILDG(1.0),13/02/24 23:00:00,A,NR,DGD,RO,2012,0,
ESTAT:TRAN_SF_RAILDG(1.0),13/02/24 23:00:00,A,NR,DGD,RO,2013,0,
ESTAT:TRAN_SF_RAILDG(1.0),13/02/24 23:00:00,A,NR,DGD,RO,2014,0,
ESTAT:TRAN_SF_RAILDG(1.0),13/02/24 23:00:00,A,NR,DGD,RO,2015,0,
ESTAT:TRAN_SF_RAILDG(1.0),13/02/24 23:00:00,A,NR,DGD,RO,2016,0,
ESTAT:TRAN_SF_RAILDG(1.0),13/02/24 23:00:00,A,NR,DGD,RO,2017,0,
ESTAT:TRAN_SF_RAILDG(1.0),13/02/24 23:00:00,A,NR,DGD,RO,2018,0,
ESTAT:TRAN_SF_RAILDG(1.0),13/02/24 23:00:00,A,NR,DGD,RO,2019,0,
ESTAT:TRAN_SF_RAILDG(1.0),13/02/24 23:00:00,A,NR,DGD,RO,2020,0,
ESTAT:TRAN_SF_RAILDG(1.0),13/02/24 23:00:00,A,NR,DGD,RO,2021,0,
ESTAT:TRAN_SF_RAILDG(1.0),13/02/24 23:00:00,A,NR,DGD,RO,2022,0,
ESTAT:TRAN_SF_RAILDG(1.0),13/02/24 23:00:00,A,NR,DGD,SE,2010,0,
ESTAT:TRAN_SF_RAILDG(1.0),13/02/24 23:00:00,A,NR,DGD,SE,2011,0,
ESTAT:TRAN_SF_RAILDG(1.0),13/02/24 23:00:00,A,NR,DGD,SE,2012,0,
ESTAT:TRAN_SF_RAILDG(1.0),13/02/24 23:00:00,A,NR,DGD,SE,2013,0,
ESTAT:TRAN_SF_RAILDG(1.0),13/02/24 23:00:00,A,NR,DGD,SE,2014,4,
ESTAT:TRAN_SF_RAILDG(1.0),13/02/24 23:00:00,A,NR,DGD,SE,2015,0,
ESTAT:TRAN_SF_RAILDG(1.0),13/02/24 23:00:00,A,NR,DGD,SE,2016,0,
ESTAT:TRAN_SF_RAILDG(1.0),13/02/24 23:00:00,A,NR,DGD,SE,2017,3,
ESTAT:TRAN_SF_RAILDG(1.0),13/02/24 23:00:00,A,NR,DGD,SE,2018,1,
ESTAT:TRAN_SF_RAILDG(1.0),13/02/24 23:00:00,A,NR,DGD,SE,2019,0,
ESTAT:TRAN_SF_RAILDG(1.0),13/02/24 23:00:00,A,NR,DGD,SE,2020,1,
ESTAT:TRAN_SF_RAILDG(1.0),13/02/24 23:00:00,A,NR,DGD,SE,2021,1,
ESTAT:TRAN_SF_RAILDG(1.0),13/02/24 23:00:00,A,NR,DGD,SE,2022,1,
ESTAT:TRAN_SF_RAILDG(1.0),13/02/24 23:00:00,A,NR,DGD,SI,2007,0,
ESTAT:TRAN_SF_RAILDG(1.0),13/02/24 23:00:00,A,NR,DGD,SI,2008,0,
ESTAT:TRAN_SF_RAILDG(1.0),13/02/24 23:00:00,A,NR,DGD,SI,2009,0,
ESTAT:TRAN_SF_RAILDG(1.0),13/02/24 23:00:00,A,NR,DGD,SI,2010,0,
ESTAT:TRAN_SF_RAILDG(1.0),13/02/24 23:00:00,A,NR,DGD,SI,2011,0,
ESTAT:TRAN_SF_RAILDG(1.0),13/02/24 23:00:00,A,NR,DGD,SI,2012,0,
ESTAT:TRAN_SF_RAILDG(1.0),13/02/24 23:00:00,A,NR,DGD,SI,2013,0,
ESTAT:TRAN_SF_RAILDG(1.0),13/02/24 23:00:00,A,NR,DGD,SI,2014,0,
ESTAT:TRAN_SF_RAILDG(1.0),13/02/24 23:00:00,A,NR,DGD,SI,2015,0,
ESTAT:TRAN_SF_RAILDG(1.0),13/02/24 23:00:00,A,NR,DGD,SI,2016,0,
ESTAT:TRAN_SF_RAILDG(1.0),13/02/24 23:00:00,A,NR,DGD,SI,2017,0,
ESTAT:TRAN_SF_RAILDG(1.0),13/02/24 23:00:00,A,NR,DGD,SI,2018,0,
ESTAT:TRAN_SF_RAILDG(1.0),13/02/24 23:00:00,A,NR,DGD,SI,2019,1,
ESTAT:TRAN_SF_RAILDG(1.0),13/02/24 23:00:00,A,NR,DGD,SI,2020,0,
ESTAT:TRAN_SF_RAILDG(1.0),13/02/24 23:00:00,A,NR,DGD,SI,2021,0,
ESTAT:TRAN_SF_RAILDG(1.0),13/02/24 23:00:00,A,NR,DGD,SI,2022,0,
ESTAT:TRAN_SF_RAILDG(1.0),13/02/24 23:00:00,A,NR,DGD,SK,2010,0,
ESTAT:TRAN_SF_RAILDG(1.0),13/02/24 23:00:00,A,NR,DGD,SK,2011,0,
ESTAT:TRAN_SF_RAILDG(1.0),13/02/24 23:00:00,A,NR,DGD,SK,2012,0,
ESTAT:TRAN_SF_RAILDG(1.0),13/02/24 23:00:00,A,NR,DGD,SK,2013,0,
ESTAT:TRAN_SF_RAILDG(1.0),13/02/24 23:00:00,A,NR,DGD,SK,2014,0,
ESTAT:TRAN_SF_RAILDG(1.0),13/02/24 23:00:00,A,NR,DGD,SK,2015,0,
ESTAT:TRAN_SF_RAILDG(1.0),13/02/24 23:00:00,A,NR,DGD,SK,2016,0,
ESTAT:TRAN_SF_RAILDG(1.0),13/02/24 23:00:00,A,NR,DGD,SK,2017,0,
ESTAT:TRAN_SF_RAILDG(1.0),13/02/24 23:00:00,A,NR,DGD,SK,2018,0,
ESTAT:TRAN_SF_RAILDG(1.0),13/02/24 23:00:00,A,NR,DGD,SK,2019,0,
ESTAT:TRAN_SF_RAILDG(1.0),13/02/24 23:00:00,A,NR,DGD,SK,2020,0,
ESTAT:TRAN_SF_RAILDG(1.0),13/02/24 23:00:00,A,NR,DGD,SK,2021,0,
ESTAT:TRAN_SF_RAILDG(1.0),13/02/24 23:00:00,A,NR,DGD,SK,2022,1,
ESTAT:TRAN_SF_RAILDG(1.0),13/02/24 23:00:00,A,NR,DGD,TR,2006,0,
ESTAT:TRAN_SF_RAILDG(1.0),13/02/24 23:00:00,A,NR,DGD,TR,2007,0,
ESTAT:TRAN_SF_RAILDG(1.0),13/02/24 23:00:00,A,NR,DGD,TR,2008,0,
ESTAT:TRAN_SF_RAILDG(1.0),13/02/24 23:00:00,A,NR,DGD,TR,2009,3,
ESTAT:TRAN_SF_RAILDG(1.0),13/02/24 23:00:00,A,NR,DGD,TR,2010,2,
ESTAT:TRAN_SF_RAILDG(1.0),13/02/24 23:00:00,A,NR,DGD,TR,2011,3,
ESTAT:TRAN_SF_RAILDG(1.0),13/02/24 23:00:00,A,NR,DGD,TR,2012,3,
ESTAT:TRAN_SF_RAILDG(1.0),13/02/24 23:00:00,A,NR,DGD,TR,2013,6,
ESTAT:TRAN_SF_RAILDG(1.0),13/02/24 23:00:00,A,NR,DGD,TR,2014,0,
ESTAT:TRAN_SF_RAILDG(1.0),13/02/24 23:00:00,A,NR,DGD,TR,2015,0,
ESTAT:TRAN_SF_RAILDG(1.0),13/02/24 23:00:00,A,NR,DGD,TR,2016,0,
ESTAT:TRAN_SF_RAILDG(1.0),13/02/24 23:00:00,A,NR,DGD,TR,2017,3,
ESTAT:TRAN_SF_RAILDG(1.0),13/02/24 23:00:00,A,NR,DGD,TR,2018,8,
ESTAT:TRAN_SF_RAILDG(1.0),13/02/24 23:00:00,A,NR,DGD,TR,2020,7,
ESTAT:TRAN_SF_RAILDG(1.0),13/02/24 23:00:00,A,NR,DGD,TR,2021,1,
ESTAT:TRAN_SF_RAILDG(1.0),13/02/24 23:00:00,A,NR,DGD,UK,2009,1,
ESTAT:TRAN_SF_RAILDG(1.0),13/02/24 23:00:00,A,NR,DGD,UK,2010,0,
ESTAT:TRAN_SF_RAILDG(1.0),13/02/24 23:00:00,A,NR,DGD,UK,2011,1,
ESTAT:TRAN_SF_RAILDG(1.0),13/02/24 23:00:00,A,NR,DGD,UK,2012,0,
ESTAT:TRAN_SF_RAILDG(1.0),13/02/24 23:00:00,A,NR,DGD,UK,2013,0,
ESTAT:TRAN_SF_RAILDG(1.0),13/02/24 23:00:00,A,NR,DGD,UK,2014,0,
ESTAT:TRAN_SF_RAILDG(1.0),13/02/24 23:00:00,A,NR,DGD,UK,2015,0,
ESTAT:TRAN_SF_RAILDG(1.0),13/02/24 23:00:00,A,NR,DGD,UK,2016,0,
ESTAT:TRAN_SF_RAILDG(1.0),13/02/24 23:00:00,A,NR,DGD,UK,2017,0,
ESTAT:TRAN_SF_RAILDG(1.0),13/02/24 23:00:00,A,NR,DGD,UK,2018,0,
ESTAT:TRAN_SF_RAILDG(1.0),13/02/24 23:00:00,A,NR,DGD,UK,2019,0,
ESTAT:TRAN_SF_RAILDG(1.0),13/02/24 23:00:00,A,NR,DGD,UK,2020,0,
ESTAT:TRAN_SF_RAILDG(1.0),13/02/24 23:00:00,A,NR,DGD_NRL,AT,2010,0,
ESTAT:TRAN_SF_RAILDG(1.0),13/02/24 23:00:00,A,NR,DGD_NRL,AT,2011,0,
ESTAT:TRAN_SF_RAILDG(1.0),13/02/24 23:00:00,A,NR,DGD_NRL,AT,2012,0,
ESTAT:TRAN_SF_RAILDG(1.0),13/02/24 23:00:00,A,NR,DGD_NRL,AT,2013,0,
ESTAT:TRAN_SF_RAILDG(1.0),13/02/24 23:00:00,A,NR,DGD_NRL,AT,2014,0,
ESTAT:TRAN_SF_RAILDG(1.0),13/02/24 23:00:00,A,NR,DGD_NRL,AT,2015,0,
ESTAT:TRAN_SF_RAILDG(1.0),13/02/24 23:00:00,A,NR,DGD_NRL,AT,2016,1,
ESTAT:TRAN_SF_RAILDG(1.0),13/02/24 23:00:00,A,NR,DGD_NRL,AT,2017,0,
ESTAT:TRAN_SF_RAILDG(1.0),13/02/24 23:00:00,A,NR,DGD_NRL,AT,2018,30,
ESTAT:TRAN_SF_RAILDG(1.0),13/02/24 23:00:00,A,NR,DGD_NRL,AT,2019,29,
ESTAT:TRAN_SF_RAILDG(1.0),13/02/24 23:00:00,A,NR,DGD_NRL,AT,2020,15,
ESTAT:TRAN_SF_RAILDG(1.0),13/02/24 23:00:00,A,NR,DGD_NRL,AT,2021,0,
ESTAT:TRAN_SF_RAILDG(1.0),13/02/24 23:00:00,A,NR,DGD_NRL,AT,2022,0,
ESTAT:TRAN_SF_RAILDG(1.0),13/02/24 23:00:00,A,NR,DGD_NRL,BE,2010,0,
ESTAT:TRAN_SF_RAILDG(1.0),13/02/24 23:00:00,A,NR,DGD_NRL,BE,2011,0,
ESTAT:TRAN_SF_RAILDG(1.0),13/02/24 23:00:00,A,NR,DGD_NRL,BE,2012,2,
ESTAT:TRAN_SF_RAILDG(1.0),13/02/24 23:00:00,A,NR,DGD_NRL,BE,2013,0,
ESTAT:TRAN_SF_RAILDG(1.0),13/02/24 23:00:00,A,NR,DGD_NRL,BE,2014,1,
ESTAT:TRAN_SF_RAILDG(1.0),13/02/24 23:00:00,A,NR,DGD_NRL,BE,2015,0,
ESTAT:TRAN_SF_RAILDG(1.0),13/02/24 23:00:00,A,NR,DGD_NRL,BE,2016,0,
ESTAT:TRAN_SF_RAILDG(1.0),13/02/24 23:00:00,A,NR,DGD_NRL,BE,2017,0,
ESTAT:TRAN_SF_RAILDG(1.0),13/02/24 23:00:00,A,NR,DGD_NRL,BE,2018,0,
ESTAT:TRAN_SF_RAILDG(1.0),13/02/24 23:00:00,A,NR,DGD_NRL,BE,2019,1,
ESTAT:TRAN_SF_RAILDG(1.0),13/02/24 23:00:00,A,NR,DGD_NRL,BE,2020,3,
ESTAT:TRAN_SF_RAILDG(1.0),13/02/24 23:00:00,A,NR,DGD_NRL,BE,2021,0,
ESTAT:TRAN_SF_RAILDG(1.0),13/02/24 23:00:00,A,NR,DGD_NRL,BE,2022,0,
ESTAT:TRAN_SF_RAILDG(1.0),13/02/24 23:00:00,A,NR,DGD_NRL,BG,2010,0,
ESTAT:TRAN_SF_RAILDG(1.0),13/02/24 23:00:00,A,NR,DGD_NRL,BG,2011,0,
ESTAT:TRAN_SF_RAILDG(1.0),13/02/24 23:00:00,A,NR,DGD_NRL,BG,2012,0,
ESTAT:TRAN_SF_RAILDG(1.0),13/02/24 23:00:00,A,NR,DGD_NRL,BG,2013,0,
ESTAT:TRAN_SF_RAILDG(1.0),13/02/24 23:00:00,A,NR,DGD_NRL,BG,2014,0,
ESTAT:TRAN_SF_RAILDG(1.0),13/02/24 23:00:00,A,NR,DGD_NRL,BG,2015,1,
ESTAT:TRAN_SF_RAILDG(1.0),13/02/24 23:00:00,A,NR,DGD_NRL,BG,2016,0,
ESTAT:TRAN_SF_RAILDG(1.0),13/02/24 23:00:00,A,NR,DGD_NRL,BG,2017,1,
ESTAT:TRAN_SF_RAILDG(1.0),13/02/24 23:00:00,A,NR,DGD_NRL,BG,2018,0,
ESTAT:TRAN_SF_RAILDG(1.0),13/02/24 23:00:00,A,NR,DGD_NRL,BG,2019,1,
ESTAT:TRAN_SF_RAILDG(1.0),13/02/24 23:00:00,A,NR,DGD_NRL,BG,2020,1,
ESTAT:TRAN_SF_RAILDG(1.0),13/02/24 23:00:00,A,NR,DGD_NRL,BG,2021,1,
ESTAT:TRAN_SF_RAILDG(1.0),13/02/24 23:00:00,A,NR,DGD_NRL,BG,2022,0,
ESTAT:TRAN_SF_RAILDG(1.0),13/02/24 23:00:00,A,NR,DGD_NRL,CH,2009,0,
ESTAT:TRAN_SF_RAILDG(1.0),13/02/24 23:00:00,A,NR,DGD_NRL,CH,2010,0,
ESTAT:TRAN_SF_RAILDG(1.0),13/02/24 23:00:00,A,NR,DGD_NRL,CH,2011,1,
ESTAT:TRAN_SF_RAILDG(1.0),13/02/24 23:00:00,A,NR,DGD_NRL,CH,2012,0,
ESTAT:TRAN_SF_RAILDG(1.0),13/02/24 23:00:00,A,NR,DGD_NRL,CH,2013,0,
ESTAT:TRAN_SF_RAILDG(1.0),13/02/24 23:00:00,A,NR,DGD_NRL,CH,2014,0,
ESTAT:TRAN_SF_RAILDG(1.0),13/02/24 23:00:00,A,NR,DGD_NRL,CH,2015,0,
ESTAT:TRAN_SF_RAILDG(1.0),13/02/24 23:00:00,A,NR,DGD_NRL,CH,2016,0,
ESTAT:TRAN_SF_RAILDG(1.0),13/02/24 23:00:00,A,NR,DGD_NRL,CH,2017,0,
ESTAT:TRAN_SF_RAILDG(1.0),13/02/24 23:00:00,A,NR,DGD_NRL,CH,2018,0,
ESTAT:TRAN_SF_RAILDG(1.0),13/02/24 23:00:00,A,NR,DGD_NRL,CH,2019,0,
ESTAT:TRAN_SF_RAILDG(1.0),13/02/24 23:00:00,A,NR,DGD_NRL,CH,2020,0,
ESTAT:TRAN_SF_RAILDG(1.0),13/02/24 23:00:00,A,NR,DGD_NRL,CH,2021,0,
ESTAT:TRAN_SF_RAILDG(1.0),13/02/24 23:00:00,A,NR,DGD_NRL,CH,2022,0,
ESTAT:TRAN_SF_RAILDG(1.0),13/02/24 23:00:00,A,NR,DGD_NRL,CHUNNEL,2010,0,
ESTAT:TRAN_SF_RAILDG(1.0),13/02/24 23:00:00,A,NR,DGD_NRL,CHUNNEL,2011,0,
ESTAT:TRAN_SF_RAILDG(1.0),13/02/24 23:00:00,A,NR,DGD_NRL,CHUNNEL,2012,0,
ESTAT:TRAN_SF_RAILDG(1.0),13/02/24 23:00:00,A,NR,DGD_NRL,CHUNNEL,2013,0,
ESTAT:TRAN_SF_RAILDG(1.0),13/02/24 23:00:00,A,NR,DGD_NRL,CHUNNEL,2014,0,
ESTAT:TRAN_SF_RAILDG(1.0),13/02/24 23:00:00,A,NR,DGD_NRL,CHUNNEL,2015,0,
ESTAT:TRAN_SF_RAILDG(1.0),13/02/24 23:00:00,A,NR,DGD_NRL,CHUNNEL,2016,0,
ESTAT:TRAN_SF_RAILDG(1.0),13/02/24 23:00:00,A,NR,DGD_NRL,CHUNNEL,2017,0,
ESTAT:TRAN_SF_RAILDG(1.0),13/02/24 23:00:00,A,NR,DGD_NRL,CHUNNEL,2018,0,
ESTAT:TRAN_SF_RAILDG(1.0),13/02/24 23:00:00,A,NR,DGD_NRL,CHUNNEL,2019,0,
ESTAT:TRAN_SF_RAILDG(1.0),13/02/24 23:00:00,A,NR,DGD_NRL,CHUNNEL,2020,0,
ESTAT:TRAN_SF_RAILDG(1.0),13/02/24 23:00:00,A,NR,DGD_NRL,CHUNNEL,2021,0,
ESTAT:TRAN_SF_RAILDG(1.0),13/02/24 23:00:00,A,NR,DGD_NRL,CHUNNEL,2022,0,
ESTAT:TRAN_SF_RAILDG(1.0),13/02/24 23:00:00,A,NR,DGD_NRL,CZ,2010,0,
ESTAT:TRAN_SF_RAILDG(1.0),13/02/24 23:00:00,A,NR,DGD_NRL,CZ,2011,0,
ESTAT:TRAN_SF_RAILDG(1.0),13/02/24 23:00:00,A,NR,DGD_NRL,CZ,2012,0,
ESTAT:TRAN_SF_RAILDG(1.0),13/02/24 23:00:00,A,NR,DGD_NRL,CZ,2013,0,
ESTAT:TRAN_SF_RAILDG(1.0),13/02/24 23:00:00,A,NR,DGD_NRL,CZ,2014,0,
ESTAT:TRAN_SF_RAILDG(1.0),13/02/24 23:00:00,A,NR,DGD_NRL,CZ,2015,1,
ESTAT:TRAN_SF_RAILDG(1.0),13/02/24 23:00:00,A,NR,DGD_NRL,CZ,2016,1,
ESTAT:TRAN_SF_RAILDG(1.0),13/02/24 23:00:00,A,NR,DGD_NRL,CZ,2017,0,
ESTAT:TRAN_SF_RAILDG(1.0),13/02/24 23:00:00,A,NR,DGD_NRL,CZ,2018,0,
ESTAT:TRAN_SF_RAILDG(1.0),13/02/24 23:00:00,A,NR,DGD_NRL,CZ,2019,1,
ESTAT:TRAN_SF_RAILDG(1.0),13/02/24 23:00:00,A,NR,DGD_NRL,CZ,2020,0,
ESTAT:TRAN_SF_RAILDG(1.0),13/02/24 23:00:00,A,NR,DGD_NRL,CZ,2021,1,
ESTAT:TRAN_SF_RAILDG(1.0),13/02/24 23:00:00,A,NR,DGD_NRL,CZ,2022,1,
ESTAT:TRAN_SF_RAILDG(1.0),13/02/24 23:00:00,A,NR,DGD_NRL,DE,2010,0,
ESTAT:TRAN_SF_RAILDG(1.0),13/02/24 23:00:00,A,NR,DGD_NRL,DE,2011,1,
ESTAT:TRAN_SF_RAILDG(1.0),13/02/24 23:00:00,A,NR,DGD_NRL,DE,2012,0,
ESTAT:TRAN_SF_RAILDG(1.0),13/02/24 23:00:00,A,NR,DGD_NRL,DE,2013,0,
ESTAT:TRAN_SF_RAILDG(1.0),13/02/24 23:00:00,A,NR,DGD_NRL,DE,2014,0,
ESTAT:TRAN_SF_RAILDG(1.0),13/02/24 23:00:00,A,NR,DGD_NRL,DE,2015,1,
ESTAT:TRAN_SF_RAILDG(1.0),13/02/24 23:00:00,A,NR,DGD_NRL,DE,2016,4,
ESTAT:TRAN_SF_RAILDG(1.0),13/02/24 23:00:00,A,NR,DGD_NRL,DE,2017,2,
ESTAT:TRAN_SF_RAILDG(1.0),13/02/24 23:00:00,A,NR,DGD_NRL,DE,2018,4,
ESTAT:TRAN_SF_RAILDG(1.0),13/02/24 23:00:00,A,NR,DGD_NRL,DE,2019,1,
ESTAT:TRAN_SF_RAILDG(1.0),13/02/24 23:00:00,A,NR,DGD_NRL,DE,2020,1,
ESTAT:TRAN_SF_RAILDG(1.0),13/02/24 23:00:00,A,NR,DGD_NRL,DE,2021,3,
ESTAT:TRAN_SF_RAILDG(1.0),13/02/24 23:00:00,A,NR,DGD_NRL,DE,2022,3,
ESTAT:TRAN_SF_RAILDG(1.0),13/02/24 23:00:00,A,NR,DGD_NRL,DK,2010,1,
ESTAT:TRAN_SF_RAILDG(1.0),13/02/24 23:00:00,A,NR,DGD_NRL,DK,2011,2,
ESTAT:TRAN_SF_RAILDG(1.0),13/02/24 23:00:00,A,NR,DGD_NRL,DK,2012,1,
ESTAT:TRAN_SF_RAILDG(1.0),13/02/24 23:00:00,A,NR,DGD_NRL,DK,2013,0,
ESTAT:TRAN_SF_RAILDG(1.0),13/02/24 23:00:00,A,NR,DGD_NRL,DK,2014,1,
ESTAT:TRAN_SF_RAILDG(1.0),13/02/24 23:00:00,A,NR,DGD_NRL,DK,2015,1,
ESTAT:TRAN_SF_RAILDG(1.0),13/02/24 23:00:00,A,NR,DGD_NRL,DK,2016,1,
ESTAT:TRAN_SF_RAILDG(1.0),13/02/24 23:00:00,A,NR,DGD_NRL,DK,2017,0,
ESTAT:TRAN_SF_RAILDG(1.0),13/02/24 23:00:00,A,NR,DGD_NRL,DK,2018,0,
ESTAT:TRAN_SF_RAILDG(1.0),13/02/24 23:00:00,A,NR,DGD_NRL,DK,2019,0,
ESTAT:TRAN_SF_RAILDG(1.0),13/02/24 23:00:00,A,NR,DGD_NRL,DK,2020,0,
ESTAT:TRAN_SF_RAILDG(1.0),13/02/24 23:00:00,A,NR,DGD_NRL,DK,2021,0,
ESTAT:TRAN_SF_RAILDG(1.0),13/02/24 23:00:00,A,NR,DGD_NRL,DK,2022,0,
ESTAT:TRAN_SF_RAILDG(1.0),13/02/24 23:00:00,A,NR,DGD_NRL,EE,2010,0,
ESTAT:TRAN_SF_RAILDG(1.0),13/02/24 23:00:00,A,NR,DGD_NRL,EE,2011,0,
ESTAT:TRAN_SF_RAILDG(1.0),13/02/24 23:00:00,A,NR,DGD_NRL,EE,2012,0,
ESTAT:TRAN_SF_RAILDG(1.0),13/02/24 23:00:00,A,NR,DGD_NRL,EE,2013,0,
ESTAT:TRAN_SF_RAILDG(1.0),13/02/24 23:00:00,A,NR,DGD_NRL,EE,2014,0,
ESTAT:TRAN_SF_RAILDG(1.0),13/02/24 23:00:00,A,NR,DGD_NRL,EE,2015,0,
ESTAT:TRAN_SF_RAILDG(1.0),13/02/24 23:00:00,A,NR,DGD_NRL,EE,2016,0,
ESTAT:TRAN_SF_RAILDG(1.0),13/02/24 23:00:00,A,NR,DGD_NRL,EE,2017,0,
ESTAT:TRAN_SF_RAILDG(1.0),13/02/24 23:00:00,A,NR,DGD_NRL,EE,2018,0,
ESTAT:TRAN_SF_RAILDG(1.0),13/02/24 23:00:00,A,NR,DGD_NRL,EE,2019,0,
ESTAT:TRAN_SF_RAILDG(1.0),13/02/24 23:00:00,A,NR,DGD_NRL,EE,2020,0,
ESTAT:TRAN_SF_RAILDG(1.0),13/02/24 23:00:00,A,NR,DGD_NRL,EE,2021,0,
ESTAT:TRAN_SF_RAILDG(1.0),13/02/24 23:00:00,A,NR,DGD_NRL,EE,2022,0,
ESTAT:TRAN_SF_RAILDG(1.0),13/02/24 23:00:00,A,NR,DGD_NRL,EL,2010,0,
ESTAT:TRAN_SF_RAILDG(1.0),13/02/24 23:00:00,A,NR,DGD_NRL,EL,2011,0,
ESTAT:TRAN_SF_RAILDG(1.0),13/02/24 23:00:00,A,NR,DGD_NRL,EL,2012,0,
ESTAT:TRAN_SF_RAILDG(1.0),13/02/24 23:00:00,A,NR,DGD_NRL,EL,2013,0,
ESTAT:TRAN_SF_RAILDG(1.0),13/02/24 23:00:00,A,NR,DGD_NRL,EL,2014,0,
ESTAT:TRAN_SF_RAILDG(1.0),13/02/24 23:00:00,A,NR,DGD_NRL,EL,2015,0,
ESTAT:TRAN_SF_RAILDG(1.0),13/02/24 23:00:00,A,NR,DGD_NRL,EL,2016,0,
ESTAT:TRAN_SF_RAILDG(1.0),13/02/24 23:00:00,A,NR,DGD_NRL,EL,2017,0,
ESTAT:TRAN_SF_RAILDG(1.0),13/02/24 23:00:00,A,NR,DGD_NRL,EL,2018,0,
ESTAT:TRAN_SF_RAILDG(1.0),13/02/24 23:00:00,A,NR,DGD_NRL,EL,2019,0,
ESTAT:TRAN_SF_RAILDG(1.0),13/02/24 23:00:00,A,NR,DGD_NRL,EL,2020,0,
ESTAT:TRAN_SF_RAILDG(1.0),13/02/24 23:00:00,A,NR,DGD_NRL,EL,2021,0,
ESTAT:TRAN_SF_RAILDG(1.0),13/02/24 23:00:00,A,NR,DGD_NRL,EL,2022,0,
ESTAT:TRAN_SF_RAILDG(1.0),13/02/24 23:00:00,A,NR,DGD_NRL,ES,2010,1,
ESTAT:TRAN_SF_RAILDG(1.0),13/02/24 23:00:00,A,NR,DGD_NRL,ES,2011,4,
ESTAT:TRAN_SF_RAILDG(1.0),13/02/24 23:00:00,A,NR,DGD_NRL,ES,2012,2,
ESTAT:TRAN_SF_RAILDG(1.0),13/02/24 23:00:00,A,NR,DGD_NRL,ES,2013,3,
ESTAT:TRAN_SF_RAILDG(1.0),13/02/24 23:00:00,A,NR,DGD_NRL,ES,2014,0,
ESTAT:TRAN_SF_RAILDG(1.0),13/02/24 23:00:00,A,NR,DGD_NRL,ES,2015,0,
ESTAT:TRAN_SF_RAILDG(1.0),13/02/24 23:00:00,A,NR,DGD_NRL,ES,2016,0,
ESTAT:TRAN_SF_RAILDG(1.0),13/02/24 23:00:00,A,NR,DGD_NRL,ES,2017,1,
ESTAT:TRAN_SF_RAILDG(1.0),13/02/24 23:00:00,A,NR,DGD_NRL,ES,2018,3,
ESTAT:TRAN_SF_RAILDG(1.0),13/02/24 23:00:00,A,NR,DGD_NRL,ES,2019,6,
ESTAT:TRAN_SF_RAILDG(1.0),13/02/24 23:00:00,A,NR,DGD_NRL,ES,2020,5,
ESTAT:TRAN_SF_RAILDG(1.0),13/02/24 23:00:00,A,NR,DGD_NRL,ES,2021,2,
ESTAT:TRAN_SF_RAILDG(1.0),13/02/24 23:00:00,A,NR,DGD_NRL,ES,2022,2,
ESTAT:TRAN_SF_RAILDG(1.0),13/02/24 23:00:00,A,NR,DGD_NRL,EU27_2020,2011,18,
ESTAT:TRAN_SF_RAILDG(1.0),13/02/24 23:00:00,A,NR,DGD_NRL,EU27_2020,2012,13,
ESTAT:TRAN_SF_RAILDG(1.0),13/02/24 23:00:00,A,NR,DGD_NRL,EU27_2020,2013,9,
ESTAT:TRAN_SF_RAILDG(1.0),13/02/24 23:00:00,A,NR,DGD_NRL,EU27_2020,2014,17,
ESTAT:TRAN_SF_RAILDG(1.0),13/02/24 23:00:00,A,NR,DGD_NRL,EU27_2020,2015,7,
ESTAT:TRAN_SF_RAILDG(1.0),13/02/24 23:00:00,A,NR,DGD_NRL,EU27_2020,2016,12,
ESTAT:TRAN_SF_RAILDG(1.0),13/02/24 23:00:00,A,NR,DGD_NRL,EU27_2020,2017,11,
ESTAT:TRAN_SF_RAILDG(1.0),13/02/24 23:00:00,A,NR,DGD_NRL,EU27_2020,2018,46,
ESTAT:TRAN_SF_RAILDG(1.0),13/02/24 23:00:00,A,NR,DGD_NRL,EU27_2020,2019,44,
ESTAT:TRAN_SF_RAILDG(1.0),13/02/24 23:00:00,A,NR,DGD_NRL,EU27_2020,2020,36,
ESTAT:TRAN_SF_RAILDG(1.0),13/02/24 23:00:00,A,NR,DGD_NRL,EU27_2020,2021,19,
ESTAT:TRAN_SF_RAILDG(1.0),13/02/24 23:00:00,A,NR,DGD_NRL,EU27_2020,2022,22,
ESTAT:TRAN_SF_RAILDG(1.0),13/02/24 23:00:00,A,NR,DGD_NRL,FI,2010,0,
ESTAT:TRAN_SF_RAILDG(1.0),13/02/24 23:00:00,A,NR,DGD_NRL,FI,2011,0,
ESTAT:TRAN_SF_RAILDG(1.0),13/02/24 23:00:00,A,NR,DGD_NRL,FI,2012,1,
ESTAT:TRAN_SF_RAILDG(1.0),13/02/24 23:00:00,A,NR,DGD_NRL,FI,2013,1,
ESTAT:TRAN_SF_RAILDG(1.0),13/02/24 23:00:00,A,NR,DGD_NRL,FI,2014,4,
ESTAT:TRAN_SF_RAILDG(1.0),13/02/24 23:00:00,A,NR,DGD_NRL,FI,2015,1,
ESTAT:TRAN_SF_RAILDG(1.0),13/02/24 23:00:00,A,NR,DGD_NRL,FI,2016,0,
ESTAT:TRAN_SF_RAILDG(1.0),13/02/24 23:00:00,A,NR,DGD_NRL,FI,2017,0,
ESTAT:TRAN_SF_RAILDG(1.0),13/02/24 23:00:00,A,NR,DGD_NRL,FI,2018,0,
ESTAT:TRAN_SF_RAILDG(1.0),13/02/24 23:00:00,A,NR,DGD_NRL,FI,2019,3,
ESTAT:TRAN_SF_RAILDG(1.0),13/02/24 23:00:00,A,NR,DGD_NRL,FI,2020,3,
ESTAT:TRAN_SF_RAILDG(1.0),13/02/24 23:00:00,A,NR,DGD_NRL,FI,2021,2,
ESTAT:TRAN_SF_RAILDG(1.0),13/02/24 23:00:00,A,NR,DGD_NRL,FI,2022,1,
ESTAT:TRAN_SF_RAILDG(1.0),13/02/24 23:00:00,A,NR,DGD_NRL,FR,2011,0,
ESTAT:TRAN_SF_RAILDG(1.0),13/02/24 23:00:00,A,NR,DGD_NRL,FR,2012,1,
ESTAT:TRAN_SF_RAILDG(1.0),13/02/24 23:00:00,A,NR,DGD_NRL,FR,2013,2,
ESTAT:TRAN_SF_RAILDG(1.0),13/02/24 23:00:00,A,NR,DGD_NRL,FR,2014,2,
ESTAT:TRAN_SF_RAILDG(1.0),13/02/24 23:00:00,A,NR,DGD_NRL,FR,2015,0,
ESTAT:TRAN_SF_RAILDG(1.0),13/02/24 23:00:00,A,NR,DGD_NRL,FR,2016,0,
ESTAT:TRAN_SF_RAILDG(1.0),13/02/24 23:00:00,A,NR,DGD_NRL,FR,2017,2,
ESTAT:TRAN_SF_RAILDG(1.0),13/02/24 23:00:00,A,NR,DGD_NRL,FR,2018,4,
ESTAT:TRAN_SF_RAILDG(1.0),13/02/24 23:00:00,A,NR,DGD_NRL,FR,2019,1,
ESTAT:TRAN_SF_RAILDG(1.0),13/02/24 23:00:00,A,NR,DGD_NRL,FR,2020,5,
ESTAT:TRAN_SF_RAILDG(1.0),13/02/24 23:00:00,A,NR,DGD_NRL,FR,2021,9,
ESTAT:TRAN_SF_RAILDG(1.0),13/02/24 23:00:00,A,NR,DGD_NRL,FR,2022,11,
ESTAT:TRAN_SF_RAILDG(1.0),13/02/24 23:00:00,A,NR,DGD_NRL,HR,2010,0,
ESTAT:TRAN_SF_RAILDG(1.0),13/02/24 23:00:00,A,NR,DGD_NRL,HR,2011,0,
ESTAT:TRAN_SF_RAILDG(1.0),13/02/24 23:00:00,A,NR,DGD_NRL,HR,2012,0,
ESTAT:TRAN_SF_RAILDG(1.0),13/02/24 23:00:00,A,NR,DGD_NRL,HR,2013,0,
ESTAT:TRAN_SF_RAILDG(1.0),13/02/24 23:00:00,A,NR,DGD_NRL,HR,2014,0,
ESTAT:TRAN_SF_RAILDG(1.0),13/02/24 23:00:00,A,NR,DGD_NRL,HR,2015,0,
ESTAT:TRAN_SF_RAILDG(1.0),13/02/24 23:00:00,A,NR,DGD_NRL,HR,2016,0,
ESTAT:TRAN_SF_RAILDG(1.0),13/02/24 23:00:00,A,NR,DGD_NRL,HR,2017,0,
ESTAT:TRAN_SF_RAILDG(1.0),13/02/24 23:00:00,A,NR,DGD_NRL,HR,2018,0,
ESTAT:TRAN_SF_RAILDG(1.0),13/02/24 23:00:00,A,NR,DGD_NRL,HR,2019,0,
ESTAT:TRAN_SF_RAILDG(1.0),13/02/24 23:00:00,A,NR,DGD_NRL,HR,2020,0,
ESTAT:TRAN_SF_RAILDG(1.0),13/02/24 23:00:00,A,NR,DGD_NRL,HR,2021,0,
ESTAT:TRAN_SF_RAILDG(1.0),13/02/24 23:00:00,A,NR,DGD_NRL,HR,2022,0,
ESTAT:TRAN_SF_RAILDG(1.0),13/02/24 23:00:00,A,NR,DGD_NRL,HU,2010,0,
ESTAT:TRAN_SF_RAILDG(1.0),13/02/24 23:00:00,A,NR,DGD_NRL,HU,2011,0,
ESTAT:TRAN_SF_RAILDG(1.0),13/02/24 23:00:00,A,NR,DGD_NRL,HU,2012,0,
ESTAT:TRAN_SF_RAILDG(1.0),13/02/24 23:00:00,A,NR,DGD_NRL,HU,2013,0,
ESTAT:TRAN_SF_RAILDG(1.0),13/02/24 23:00:00,A,NR,DGD_NRL,HU,2014,0,
ESTAT:TRAN_SF_RAILDG(1.0),13/02/24 23:00:00,A,NR,DGD_NRL,HU,2015,0,
ESTAT:TRAN_SF_RAILDG(1.0),13/02/24 23:00:00,A,NR,DGD_NRL,HU,2016,0,
ESTAT:TRAN_SF_RAILDG(1.0),13/02/24 23:00:00,A,NR,DGD_NRL,HU,2017,0,
ESTAT:TRAN_SF_RAILDG(1.0),13/02/24 23:00:00,A,NR,DGD_NRL,HU,2018,2,
ESTAT:TRAN_SF_RAILDG(1.0),13/02/24 23:00:00,A,NR,DGD_NRL,HU,2019,1,
ESTAT:TRAN_SF_RAILDG(1.0),13/02/24 23:00:00,A,NR,DGD_NRL,HU,2020,0,
ESTAT:TRAN_SF_RAILDG(1.0),13/02/24 23:00:00,A,NR,DGD_NRL,HU,2021,0,
ESTAT:TRAN_SF_RAILDG(1.0),13/02/24 23:00:00,A,NR,DGD_NRL,HU,2022,0,
ESTAT:TRAN_SF_RAILDG(1.0),13/02/24 23:00:00,A,NR,DGD_NRL,IE,2010,0,
ESTAT:TRAN_SF_RAILDG(1.0),13/02/24 23:00:00,A,NR,DGD_NRL,IE,2011,0,
ESTAT:TRAN_SF_RAILDG(1.0),13/02/24 23:00:00,A,NR,DGD_NRL,IE,2012,0,
ESTAT:TRAN_SF_RAILDG(1.0),13/02/24 23:00:00,A,NR,DGD_NRL,IE,2013,0,
ESTAT:TRAN_SF_RAILDG(1.0),13/02/24 23:00:00,A,NR,DGD_NRL,IE,2014,0,
ESTAT:TRAN_SF_RAILDG(1.0),13/02/24 23:00:00,A,NR,DGD_NRL,IE,2015,0,
ESTAT:TRAN_SF_RAILDG(1.0),13/02/24 23:00:00,A,NR,DGD_NRL,IE,2016,0,
ESTAT:TRAN_SF_RAILDG(1.0),13/02/24 23:00:00,A,NR,DGD_NRL,IE,2017,0,
ESTAT:TRAN_SF_RAILDG(1.0),13/02/24 23:00:00,A,NR,DGD_NRL,IE,2018,0,
ESTAT:TRAN_SF_RAILDG(1.0),13/02/24 23:00:00,A,NR,DGD_NRL,IE,2019,0,
ESTAT:TRAN_SF_RAILDG(1.0),13/02/24 23:00:00,A,NR,DGD_NRL,IE,2020,0,
ESTAT:TRAN_SF_RAILDG(1.0),13/02/24 23:00:00,A,NR,DGD_NRL,IE,2021,0,
ESTAT:TRAN_SF_RAILDG(1.0),13/02/24 23:00:00,A,NR,DGD_NRL,IE,2022,0,
ESTAT:TRAN_SF_RAILDG(1.0),13/02/24 23:00:00,A,NR,DGD_NRL,IT,2010,0,
ESTAT:TRAN_SF_RAILDG(1.0),13/02/24 23:00:00,A,NR,DGD_NRL,IT,2011,0,
ESTAT:TRAN_SF_RAILDG(1.0),13/02/24 23:00:00,A,NR,DGD_NRL,IT,2012,0,
ESTAT:TRAN_SF_RAILDG(1.0),13/02/24 23:00:00,A,NR,DGD_NRL,IT,2013,0,
ESTAT:TRAN_SF_RAILDG(1.0),13/02/24 23:00:00,A,NR,DGD_NRL,IT,2014,0,
ESTAT:TRAN_SF_RAILDG(1.0),13/02/24 23:00:00,A,NR,DGD_NRL,IT,2015,0,
ESTAT:TRAN_SF_RAILDG(1.0),13/02/24 23:00:00,A,NR,DGD_NRL,IT,2016,0,
ESTAT:TRAN_SF_RAILDG(1.0),13/02/24 23:00:00,A,NR,DGD_NRL,IT,2017,0,
ESTAT:TRAN_SF_RAILDG(1.0),13/02/24 23:00:00,A,NR,DGD_NRL,IT,2018,1,
ESTAT:TRAN_SF_RAILDG(1.0),13/02/24 23:00:00,A,NR,DGD_NRL,IT,2019,0,
ESTAT:TRAN_SF_RAILDG(1.0),13/02/24 23:00:00,A,NR,DGD_NRL,IT,2020,0,
ESTAT:TRAN_SF_RAILDG(1.0),13/02/24 23:00:00,A,NR,DGD_NRL,IT,2021,0,
ESTAT:TRAN_SF_RAILDG(1.0),13/02/24 23:00:00,A,NR,DGD_NRL,IT,2022,1,
ESTAT:TRAN_SF_RAILDG(1.0),13/02/24 23:00:00,A,NR,DGD_NRL,LT,2010,3,
ESTAT:TRAN_SF_RAILDG(1.0),13/02/24 23:00:00,A,NR,DGD_NRL,LT,2011,2,
ESTAT:TRAN_SF_RAILDG(1.0),13/02/24 23:00:00,A,NR,DGD_NRL,LT,2012,3,
ESTAT:TRAN_SF_RAILDG(1.0),13/02/24 23:00:00,A,NR,DGD_NRL,LT,2013,2,
ESTAT:TRAN_SF_RAILDG(1.0),13/02/24 23:00:00,A,NR,DGD_NRL,LT,2014,0,
ESTAT:TRAN_SF_RAILDG(1.0),13/02/24 23:00:00,A,NR,DGD_NRL,LT,2015,0,
ESTAT:TRAN_SF_RAILDG(1.0),13/02/24 23:00:00,A,NR,DGD_NRL,LT,2016,0,
ESTAT:TRAN_SF_RAILDG(1.0),13/02/24 23:00:00,A,NR,DGD_NRL,LT,2017,0,
ESTAT:TRAN_SF_RAILDG(1.0),13/02/24 23:00:00,A,NR,DGD_NRL,LT,2018,0,
ESTAT:TRAN_SF_RAILDG(1.0),13/02/24 23:00:00,A,NR,DGD_NRL,LT,2019,0,
ESTAT:TRAN_SF_RAILDG(1.0),13/02/24 23:00:00,A,NR,DGD_NRL,LT,2020,0,
ESTAT:TRAN_SF_RAILDG(1.0),13/02/24 23:00:00,A,NR,DGD_NRL,LT,2021,0,
ESTAT:TRAN_SF_RAILDG(1.0),13/02/24 23:00:00,A,NR,DGD_NRL,LT,2022,0,
ESTAT:TRAN_SF_RAILDG(1.0),13/02/24 23:00:00,A,NR,DGD_NRL,LU,2010,0,
ESTAT:TRAN_SF_RAILDG(1.0),13/02/24 23:00:00,A,NR,DGD_NRL,LU,2011,0,
ESTAT:TRAN_SF_RAILDG(1.0),13/02/24 23:00:00,A,NR,DGD_NRL,LU,2012,0,
ESTAT:TRAN_SF_RAILDG(1.0),13/02/24 23:00:00,A,NR,DGD_NRL,LU,2013,0,
ESTAT:TRAN_SF_RAILDG(1.0),13/02/24 23:00:00,A,NR,DGD_NRL,LU,2014,0,
ESTAT:TRAN_SF_RAILDG(1.0),13/02/24 23:00:00,A,NR,DGD_NRL,LU,2015,0,
ESTAT:TRAN_SF_RAILDG(1.0),13/02/24 23:00:00,A,NR,DGD_NRL,LU,2016,0,
ESTAT:TRAN_SF_RAILDG(1.0),13/02/24 23:00:00,A,NR,DGD_NRL,LU,2017,0,
ESTAT:TRAN_SF_RAILDG(1.0),13/02/24 23:00:00,A,NR,DGD_NRL,LU,2018,0,
ESTAT:TRAN_SF_RAILDG(1.0),13/02/24 23:00:00,A,NR,DGD_NRL,LU,2019,0,
ESTAT:TRAN_SF_RAILDG(1.0),13/02/24 23:00:00,A,NR,DGD_NRL,LU,2020,0,
ESTAT:TRAN_SF_RAILDG(1.0),13/02/24 23:00:00,A,NR,DGD_NRL,LU,2021,0,
ESTAT:TRAN_SF_RAILDG(1.0),13/02/24 23:00:00,A,NR,DGD_NRL,LU,2022,0,
ESTAT:TRAN_SF_RAILDG(1.0),13/02/24 23:00:00,A,NR,DGD_NRL,LV,2010,0,
ESTAT:TRAN_SF_RAILDG(1.0),13/02/24 23:00:00,A,NR,DGD_NRL,LV,2011,1,
ESTAT:TRAN_SF_RAILDG(1.0),13/02/24 23:00:00,A,NR,DGD_NRL,LV,2012,1,
ESTAT:TRAN_SF_RAILDG(1.0),13/02/24 23:00:00,A,NR,DGD_NRL,LV,2013,0,
ESTAT:TRAN_SF_RAILDG(1.0),13/02/24 23:00:00,A,NR,DGD_NRL,LV,2014,1,
ESTAT:TRAN_SF_RAILDG(1.0),13/02/24 23:00:00,A,NR,DGD_NRL,LV,2015,0,
ESTAT:TRAN_SF_RAILDG(1.0),13/02/24 23:00:00,A,NR,DGD_NRL,LV,2016,0,
ESTAT:TRAN_SF_RAILDG(1.0),13/02/24 23:00:00,A,NR,DGD_NRL,LV,2017,0,
ESTAT:TRAN_SF_RAILDG(1.0),13/02/24 23:00:00,A,NR,DGD_NRL,LV,2018,0,
ESTAT:TRAN_SF_RAILDG(1.0),13/02/24 23:00:00,A,NR,DGD_NRL,LV,2019,0,
ESTAT:TRAN_SF_RAILDG(1.0),13/02/24 23:00:00,A,NR,DGD_NRL,LV,2020,0,
ESTAT:TRAN_SF_RAILDG(1.0),13/02/24 23:00:00,A,NR,DGD_NRL,LV,2021,0,
ESTAT:TRAN_SF_RAILDG(1.0),13/02/24 23:00:00,A,NR,DGD_NRL,LV,2022,0,
ESTAT:TRAN_SF_RAILDG(1.0),13/02/24 23:00:00,A,NR,DGD_NRL,ME,2013,0,
ESTAT:TRAN_SF_RAILDG(1.0),13/02/24 23:00:00,A,NR,DGD_NRL,ME,2014,0,
ESTAT:TRAN_SF_RAILDG(1.0),13/02/24 23:00:00,A,NR,DGD_NRL,ME,2015,0,
ESTAT:TRAN_SF_RAILDG(1.0),13/02/24 23:00:00,A,NR,DGD_NRL,ME,2016,0,
ESTAT:TRAN_SF_RAILDG(1.0),13/02/24 23:00:00,A,NR,DGD_NRL,MK,2010,0,
ESTAT:TRAN_SF_RAILDG(1.0),13/02/24 23:00:00,A,NR,DGD_NRL,MK,2011,0,
ESTAT:TRAN_SF_RAILDG(1.0),13/02/24 23:00:00,A,NR,DGD_NRL,MK,2012,0,
ESTAT:TRAN_SF_RAILDG(1.0),13/02/24 23:00:00,A,NR,DGD_NRL,MK,2013,0,
ESTAT:TRAN_SF_RAILDG(1.0),13/02/24 23:00:00,A,NR,DGD_NRL,MK,2014,0,
ESTAT:TRAN_SF_RAILDG(1.0),13/02/24 23:00:00,A,NR,DGD_NRL,MK,2015,0,
ESTAT:TRAN_SF_RAILDG(1.0),13/02/24 23:00:00,A,NR,DGD_NRL,MK,2016,0,
ESTAT:TRAN_SF_RAILDG(1.0),13/02/24 23:00:00,A,NR,DGD_NRL,MK,2017,0,
ESTAT:TRAN_SF_RAILDG(1.0),13/02/24 23:00:00,A,NR,DGD_NRL,MK,2018,0,
ESTAT:TRAN_SF_RAILDG(1.0),13/02/24 23:00:00,A,NR,DGD_NRL,NL,2010,0,
ESTAT:TRAN_SF_RAILDG(1.0),13/02/24 23:00:00,A,NR,DGD_NRL,NL,2011,2,
ESTAT:TRAN_SF_RAILDG(1.0),13/02/24 23:00:00,A,NR,DGD_NRL,NL,2012,2,
ESTAT:TRAN_SF_RAILDG(1.0),13/02/24 23:00:00,A,NR,DGD_NRL,NL,2013,0,
ESTAT:TRAN_SF_RAILDG(1.0),13/02/24 23:00:00,A,NR,DGD_NRL,NL,2014,1,
ESTAT:TRAN_SF_RAILDG(1.0),13/02/24 23:00:00,A,NR,DGD_NRL,NL,2015,1,
ESTAT:TRAN_SF_RAILDG(1.0),13/02/24 23:00:00,A,NR,DGD_NRL,NL,2016,0,
ESTAT:TRAN_SF_RAILDG(1.0),13/02/24 23:00:00,A,NR,DGD_NRL,NL,2017,1,
ESTAT:TRAN_SF_RAILDG(1.0),13/02/24 23:00:00,A,NR,DGD_NRL,NL,2018,1,
ESTAT:TRAN_SF_RAILDG(1.0),13/02/24 23:00:00,A,NR,DGD_NRL,NL,2019,0,
ESTAT:TRAN_SF_RAILDG(1.0),13/02/24 23:00:00,A,NR,DGD_NRL,NL,2020,1,
ESTAT:TRAN_SF_RAILDG(1.0),13/02/24 23:00:00,A,NR,DGD_NRL,NL,2021,1,
ESTAT:TRAN_SF_RAILDG(1.0),13/02/24 23:00:00,A,NR,DGD_NRL,NL,2022,0,
ESTAT:TRAN_SF_RAILDG(1.0),13/02/24 23:00:00,A,NR,DGD_NRL,NO,2010,0,
ESTAT:TRAN_SF_RAILDG(1.0),13/02/24 23:00:00,A,NR,DGD_NRL,NO,2011,0,
ESTAT:TRAN_SF_RAILDG(1.0),13/02/24 23:00:00,A,NR,DGD_NRL,NO,2012,0,
ESTAT:TRAN_SF_RAILDG(1.0),13/02/24 23:00:00,A,NR,DGD_NRL,NO,2013,1,
ESTAT:TRAN_SF_RAILDG(1.0),13/02/24 23:00:00,A,NR,DGD_NRL,NO,2014,2,
ESTAT:TRAN_SF_RAILDG(1.0),13/02/24 23:00:00,A,NR,DGD_NRL,NO,2015,2,
ESTAT:TRAN_SF_RAILDG(1.0),13/02/24 23:00:00,A,NR,DGD_NRL,NO,2016,0,
ESTAT:TRAN_SF_RAILDG(1.0),13/02/24 23:00:00,A,NR,DGD_NRL,NO,2017,0,
ESTAT:TRAN_SF_RAILDG(1.0),13/02/24 23:00:00,A,NR,DGD_NRL,NO,2018,2,
ESTAT:TRAN_SF_RAILDG(1.0),13/02/24 23:00:00,A,NR,DGD_NRL,NO,2019,8,
ESTAT:TRAN_SF_RAILDG(1.0),13/02/24 23:00:00,A,NR,DGD_NRL,NO,2020,4,
ESTAT:TRAN_SF_RAILDG(1.0),13/02/24 23:00:00,A,NR,DGD_NRL,NO,2021,2,
ESTAT:TRAN_SF_RAILDG(1.0),13/02/24 23:00:00,A,NR,DGD_NRL,NO,2022,2,
ESTAT:TRAN_SF_RAILDG(1.0),13/02/24 23:00:00,A,NR,DGD_NRL,PL,2010,8,
ESTAT:TRAN_SF_RAILDG(1.0),13/02/24 23:00:00,A,NR,DGD_NRL,PL,2011,5,
ESTAT:TRAN_SF_RAILDG(1.0),13/02/24 23:00:00,A,NR,DGD_NRL,PL,2012,0,
ESTAT:TRAN_SF_RAILDG(1.0),13/02/24 23:00:00,A,NR,DGD_NRL,PL,2013,1,
ESTAT:TRAN_SF_RAILDG(1.0),13/02/24 23:00:00,A,NR,DGD_NRL,PL,2014,1,
ESTAT:TRAN_SF_RAILDG(1.0),13/02/24 23:00:00,A,NR,DGD_NRL,PL,2015,1,
ESTAT:TRAN_SF_RAILDG(1.0),13/02/24 23:00:00,A,NR,DGD_NRL,PL,2016,5,
ESTAT:TRAN_SF_RAILDG(1.0),13/02/24 23:00:00,A,NR,DGD_NRL,PL,2017,1,
ESTAT:TRAN_SF_RAILDG(1.0),13/02/24 23:00:00,A,NR,DGD_NRL,PL,2018,0,
ESTAT:TRAN_SF_RAILDG(1.0),13/02/24 23:00:00,A,NR,DGD_NRL,PL,2019,0,
ESTAT:TRAN_SF_RAILDG(1.0),13/02/24 23:00:00,A,NR,DGD_NRL,PL,2020,1,
ESTAT:TRAN_SF_RAILDG(1.0),13/02/24 23:00:00,A,NR,DGD_NRL,PL,2021,0,
ESTAT:TRAN_SF_RAILDG(1.0),13/02/24 23:00:00,A,NR,DGD_NRL,PL,2022,1,
ESTAT:TRAN_SF_RAILDG(1.0),13/02/24 23:00:00,A,NR,DGD_NRL,PT,2010,1,
ESTAT:TRAN_SF_RAILDG(1.0),13/02/24 23:00:00,A,NR,DGD_NRL,PT,2011,0,
ESTAT:TRAN_SF_RAILDG(1.0),13/02/24 23:00:00,A,NR,DGD_NRL,PT,2012,0,
ESTAT:TRAN_SF_RAILDG(1.0),13/02/24 23:00:00,A,NR,DGD_NRL,PT,2013,0,
ESTAT:TRAN_SF_RAILDG(1.0),13/02/24 23:00:00,A,NR,DGD_NRL,PT,2014,2,
ESTAT:TRAN_SF_RAILDG(1.0),13/02/24 23:00:00,A,NR,DGD_NRL,PT,2015,0,
ESTAT:TRAN_SF_RAILDG(1.0),13/02/24 23:00:00,A,NR,DGD_NRL,PT,2016,0,
ESTAT:TRAN_SF_RAILDG(1.0),13/02/24 23:00:00,A,NR,DGD_NRL,PT,2017,0,
ESTAT:TRAN_SF_RAILDG(1.0),13/02/24 23:00:00,A,NR,DGD_NRL,PT,2018,0,
ESTAT:TRAN_SF_RAILDG(1.0),13/02/24 23:00:00,A,NR,DGD_NRL,PT,2019,0,
ESTAT:TRAN_SF_RAILDG(1.0),13/02/24 23:00:00,A,NR,DGD_NRL,PT,2020,0,
ESTAT:TRAN_SF_RAILDG(1.0),13/02/24 23:00:00,A,NR,DGD_NRL,PT,2021,0,
ESTAT:TRAN_SF_RAILDG(1.0),13/02/24 23:00:00,A,NR,DGD_NRL,PT,2022,0,
ESTAT:TRAN_SF_RAILDG(1.0),13/02/24 23:00:00,A,NR,DGD_NRL,RO,2010,1,
ESTAT:TRAN_SF_RAILDG(1.0),13/02/24 23:00:00,A,NR,DGD_NRL,RO,2011,1,
ESTAT:TRAN_SF_RAILDG(1.0),13/02/24 23:00:00,A,NR,DGD_NRL,RO,2012,0,
ESTAT:TRAN_SF_RAILDG(1.0),13/02/24 23:00:00,A,NR,DGD_NRL,RO,2013,0,
ESTAT:TRAN_SF_RAILDG(1.0),13/02/24 23:00:00,A,NR,DGD_NRL,RO,2014,0,
ESTAT:TRAN_SF_RAILDG(1.0),13/02/24 23:00:00,A,NR,DGD_NRL,RO,2015,0,
ESTAT:TRAN_SF_RAILDG(1.0),13/02/24 23:00:00,A,NR,DGD_NRL,RO,2016,0,
ESTAT:TRAN_SF_RAILDG(1.0),13/02/24 23:00:00,A,NR,DGD_NRL,RO,2017,0,
ESTAT:TRAN_SF_RAILDG(1.0),13/02/24 23:00:00,A,NR,DGD_NRL,RO,2018,0,
ESTAT:TRAN_SF_RAILDG(1.0),13/02/24 23:00:00,A,NR,DGD_NRL,RO,2019,0,
ESTAT:TRAN_SF_RAILDG(1.0),13/02/24 23:00:00,A,NR,DGD_NRL,RO,2020,0,
ESTAT:TRAN_SF_RAILDG(1.0),13/02/24 23:00:00,A,NR,DGD_NRL,RO,2021,0,
ESTAT:TRAN_SF_RAILDG(1.0),13/02/24 23:00:00,A,NR,DGD_NRL,RO,2022,0,
ESTAT:TRAN_SF_RAILDG(1.0),13/02/24 23:00:00,A,NR,DGD_NRL,SE,2010,0,
ESTAT:TRAN_SF_RAILDG(1.0),13/02/24 23:00:00,A,NR,DGD_NRL,SE,2011,0,
ESTAT:TRAN_SF_RAILDG(1.0),13/02/24 23:00:00,A,NR,DGD_NRL,SE,2012,0,
ESTAT:TRAN_SF_RAILDG(1.0),13/02/24 23:00:00,A,NR,DGD_NRL,SE,2013,0,
ESTAT:TRAN_SF_RAILDG(1.0),13/02/24 23:00:00,A,NR,DGD_NRL,SE,2014,4,
ESTAT:TRAN_SF_RAILDG(1.0),13/02/24 23:00:00,A,NR,DGD_NRL,SE,2015,0,
ESTAT:TRAN_SF_RAILDG(1.0),13/02/24 23:00:00,A,NR,DGD_NRL,SE,2016,0,
ESTAT:TRAN_SF_RAILDG(1.0),13/02/24 23:00:00,A,NR,DGD_NRL,SE,2017,3,
ESTAT:TRAN_SF_RAILDG(1.0),13/02/24 23:00:00,A,NR,DGD_NRL,SE,2018,1,
ESTAT:TRAN_SF_RAILDG(1.0),13/02/24 23:00:00,A,NR,DGD_NRL,SE,2019,0,
ESTAT:TRAN_SF_RAILDG(1.0),13/02/24 23:00:00,A,NR,DGD_NRL,SE,2020,1,
ESTAT:TRAN_SF_RAILDG(1.0),13/02/24 23:00:00,A,NR,DGD_NRL,SE,2021,0,
ESTAT:TRAN_SF_RAILDG(1.0),13/02/24 23:00:00,A,NR,DGD_NRL,SE,2022,1,
ESTAT:TRAN_SF_RAILDG(1.0),13/02/24 23:00:00,A,NR,DGD_NRL,SI,2010,0,
ESTAT:TRAN_SF_RAILDG(1.0),13/02/24 23:00:00,A,NR,DGD_NRL,SI,2011,0,
ESTAT:TRAN_SF_RAILDG(1.0),13/02/24 23:00:00,A,NR,DGD_NRL,SI,2012,0,
ESTAT:TRAN_SF_RAILDG(1.0),13/02/24 23:00:00,A,NR,DGD_NRL,SI,2013,0,
ESTAT:TRAN_SF_RAILDG(1.0),13/02/24 23:00:00,A,NR,DGD_NRL,SI,2014,0,
ESTAT:TRAN_SF_RAILDG(1.0),13/02/24 23:00:00,A,NR,DGD_NRL,SI,2015,0,
ESTAT:TRAN_SF_RAILDG(1.0),13/02/24 23:00:00,A,NR,DGD_NRL,SI,2016,0,
ESTAT:TRAN_SF_RAILDG(1.0),13/02/24 23:00:00,A,NR,DGD_NRL,SI,2017,0,
ESTAT:TRAN_SF_RAILDG(1.0),13/02/24 23:00:00,A,NR,DGD_NRL,SI,2018,0,
ESTAT:TRAN_SF_RAILDG(1.0),13/02/24 23:00:00,A,NR,DGD_NRL,SI,2019,0,
ESTAT:TRAN_SF_RAILDG(1.0),13/02/24 23:00:00,A,NR,DGD_NRL,SI,2020,0,
ESTAT:TRAN_SF_RAILDG(1.0),13/02/24 23:00:00,A,NR,DGD_NRL,SI,2021,0,
ESTAT:TRAN_SF_RAILDG(1.0),13/02/24 23:00:00,A,NR,DGD_NRL,SI,2022,0,
ESTAT:TRAN_SF_RAILDG(1.0),13/02/24 23:00:00,A,NR,DGD_NRL,SK,2010,0,
ESTAT:TRAN_SF_RAILDG(1.0),13/02/24 23:00:00,A,NR,DGD_NRL,SK,2011,0,
ESTAT:TRAN_SF_RAILDG(1.0),13/02/24 23:00:00,A,NR,DGD_NRL,SK,2012,0,
ESTAT:TRAN_SF_RAILDG(1.0),13/02/24 23:00:00,A,NR,DGD_NRL,SK,2013,0,
ESTAT:TRAN_SF_RAILDG(1.0),13/02/24 23:00:00,A,NR,DGD_NRL,SK,2014,0,
ESTAT:TRAN_SF_RAILDG(1.0),13/02/24 23:00:00,A,NR,DGD_NRL,SK,2015,0,
ESTAT:TRAN_SF_RAILDG(1.0),13/02/24 23:00:00,A,NR,DGD_NRL,SK,2016,0,
ESTAT:TRAN_SF_RAILDG(1.0),13/02/24 23:00:00,A,NR,DGD_NRL,SK,2017,0,
ESTAT:TRAN_SF_RAILDG(1.0),13/02/24 23:00:00,A,NR,DGD_NRL,SK,2018,0,
ESTAT:TRAN_SF_RAILDG(1.0),13/02/24 23:00:00,A,NR,DGD_NRL,SK,2019,0,
ESTAT:TRAN_SF_RAILDG(1.0),13/02/24 23:00:00,A,NR,DGD_NRL,SK,2020,0,
ESTAT:TRAN_SF_RAILDG(1.0),13/02/24 23:00:00,A,NR,DGD_NRL,SK,2021,0,
ESTAT:TRAN_SF_RAILDG(1.0),13/02/24 23:00:00,A,NR,DGD_NRL,SK,2022,1,
ESTAT:TRAN_SF_RAILDG(1.0),13/02/24 23:00:00,A,NR,DGD_NRL,TR,2006,0,
ESTAT:TRAN_SF_RAILDG(1.0),13/02/24 23:00:00,A,NR,DGD_NRL,TR,2007,0,
ESTAT:TRAN_SF_RAILDG(1.0),13/02/24 23:00:00,A,NR,DGD_NRL,TR,2008,0,
ESTAT:TRAN_SF_RAILDG(1.0),13/02/24 23:00:00,A,NR,DGD_NRL,TR,2009,3,
ESTAT:TRAN_SF_RAILDG(1.0),13/02/24 23:00:00,A,NR,DGD_NRL,TR,2010,2,
ESTAT:TRAN_SF_RAILDG(1.0),13/02/24 23:00:00,A,NR,DGD_NRL,TR,2011,2,
ESTAT:TRAN_SF_RAILDG(1.0),13/02/24 23:00:00,A,NR,DGD_NRL,TR,2012,2,
ESTAT:TRAN_SF_RAILDG(1.0),13/02/24 23:00:00,A,NR,DGD_NRL,TR,2013,3,
ESTAT:TRAN_SF_RAILDG(1.0),13/02/24 23:00:00,A,NR,DGD_NRL,TR,2014,0,
ESTAT:TRAN_SF_RAILDG(1.0),13/02/24 23:00:00,A,NR,DGD_NRL,TR,2015,0,
ESTAT:TRAN_SF_RAILDG(1.0),13/02/24 23:00:00,A,NR,DGD_NRL,TR,2016,0,
ESTAT:TRAN_SF_RAILDG(1.0),13/02/24 23:00:00,A,NR,DGD_NRL,TR,2017,3,
ESTAT:TRAN_SF_RAILDG(1.0),13/02/24 23:00:00,A,NR,DGD_NRL,TR,2018,6,
ESTAT:TRAN_SF_RAILDG(1.0),13/02/24 23:00:00,A,NR,DGD_NRL,TR,2020,6,
ESTAT:TRAN_SF_RAILDG(1.0),13/02/24 23:00:00,A,NR,DGD_NRL,TR,2021,1,
ESTAT:TRAN_SF_RAILDG(1.0),13/02/24 23:00:00,A,NR,DGD_NRL,UK,2009,0,
ESTAT:TRAN_SF_RAILDG(1.0),13/02/24 23:00:00,A,NR,DGD_NRL,UK,2010,0,
ESTAT:TRAN_SF_RAILDG(1.0),13/02/24 23:00:00,A,NR,DGD_NRL,UK,2011,1,
ESTAT:TRAN_SF_RAILDG(1.0),13/02/24 23:00:00,A,NR,DGD_NRL,UK,2012,0,
ESTAT:TRAN_SF_RAILDG(1.0),13/02/24 23:00:00,A,NR,DGD_NRL,UK,2013,0,
ESTAT:TRAN_SF_RAILDG(1.0),13/02/24 23:00:00,A,NR,DGD_NRL,UK,2014,0,
ESTAT:TRAN_SF_RAILDG(1.0),13/02/24 23:00:00,A,NR,DGD_NRL,UK,2015,0,
ESTAT:TRAN_SF_RAILDG(1.0),13/02/24 23:00:00,A,NR,DGD_NRL,UK,2016,0,
ESTAT:TRAN_SF_RAILDG(1.0),13/02/24 23:00:00,A,NR,DGD_NRL,UK,2017,0,
ESTAT:TRAN_SF_RAILDG(1.0),13/02/24 23:00:00,A,NR,DGD_NRL,UK,2018,0,
ESTAT:TRAN_SF_RAILDG(1.0),13/02/24 23:00:00,A,NR,DGD_NRL,UK,2019,0,
ESTAT:TRAN_SF_RAILDG(1.0),13/02/24 23:00:00,A,NR,DGD_NRL,UK,2020,0,
ESTAT:TRAN_SF_RAILDG(1.0),13/02/24 23:00:00,A,NR,DGD_RL,AT,2010,0,
ESTAT:TRAN_SF_RAILDG(1.0),13/02/24 23:00:00,A,NR,DGD_RL,AT,2011,0,
ESTAT:TRAN_SF_RAILDG(1.0),13/02/24 23:00:00,A,NR,DGD_RL,AT,2012,0,
ESTAT:TRAN_SF_RAILDG(1.0),13/02/24 23:00:00,A,NR,DGD_RL,AT,2013,0,
ESTAT:TRAN_SF_RAILDG(1.0),13/02/24 23:00:00,A,NR,DGD_RL,AT,2014,0,
ESTAT:TRAN_SF_RAILDG(1.0),13/02/24 23:00:00,A,NR,DGD_RL,AT,2015,0,
ESTAT:TRAN_SF_RAILDG(1.0),13/02/24 23:00:00,A,NR,DGD_RL,AT,2016,0,
ESTAT:TRAN_SF_RAILDG(1.0),13/02/24 23:00:00,A,NR,DGD_RL,AT,2017,0,
ESTAT:TRAN_SF_RAILDG(1.0),13/02/24 23:00:00,A,NR,DGD_RL,AT,2018,4,
ESTAT:TRAN_SF_RAILDG(1.0),13/02/24 23:00:00,A,NR,DGD_RL,AT,2019,5,
ESTAT:TRAN_SF_RAILDG(1.0),13/02/24 23:00:00,A,NR,DGD_RL,AT,2020,1,
ESTAT:TRAN_SF_RAILDG(1.0),13/02/24 23:00:00,A,NR,DGD_RL,AT,2021,1,
ESTAT:TRAN_SF_RAILDG(1.0),13/02/24 23:00:00,A,NR,DGD_RL,AT,2022,1,
ESTAT:TRAN_SF_RAILDG(1.0),13/02/24 23:00:00,A,NR,DGD_RL,BE,2010,2,
ESTAT:TRAN_SF_RAILDG(1.0),13/02/24 23:00:00,A,NR,DGD_RL,BE,2011,0,
ESTAT:TRAN_SF_RAILDG(1.0),13/02/24 23:00:00,A,NR,DGD_RL,BE,2012,0,
ESTAT:TRAN_SF_RAILDG(1.0),13/02/24 23:00:00,A,NR,DGD_RL,BE,2013,1,
ESTAT:TRAN_SF_RAILDG(1.0),13/02/24 23:00:00,A,NR,DGD_RL,BE,2014,0,
ESTAT:TRAN_SF_RAILDG(1.0),13/02/24 23:00:00,A,NR,DGD_RL,BE,2015,0,
ESTAT:TRAN_SF_RAILDG(1.0),13/02/24 23:00:00,A,NR,DGD_RL,BE,2016,0,
ESTAT:TRAN_SF_RAILDG(1.0),13/02/24 23:00:00,A,NR,DGD_RL,BE,2017,0,
ESTAT:TRAN_SF_RAILDG(1.0),13/02/24 23:00:00,A,NR,DGD_RL,BE,2018,0,
ESTAT:TRAN_SF_RAILDG(1.0),13/02/24 23:00:00,A,NR,DGD_RL,BE,2019,0,
ESTAT:TRAN_SF_RAILDG(1.0),13/02/24 23:00:00,A,NR,DGD_RL,BE,2020,0,
ESTAT:TRAN_SF_RAILDG(1.0),13/02/24 23:00:00,A,NR,DGD_RL,BE,2021,0,
ESTAT:TRAN_SF_RAILDG(1.0),13/02/24 23:00:00,A,NR,DGD_RL,BE,2022,0,
ESTAT:TRAN_SF_RAILDG(1.0),13/02/24 23:00:00,A,NR,DGD_RL,BG,2010,0,
ESTAT:TRAN_SF_RAILDG(1.0),13/02/24 23:00:00,A,NR,DGD_RL,BG,2011,0,
ESTAT:TRAN_SF_RAILDG(1.0),13/02/24 23:00:00,A,NR,DGD_RL,BG,2012,0,
ESTAT:TRAN_SF_RAILDG(1.0),13/02/24 23:00:00,A,NR,DGD_RL,BG,2013,0,
ESTAT:TRAN_SF_RAILDG(1.0),13/02/24 23:00:00,A,NR,DGD_RL,BG,2014,0,
ESTAT:TRAN_SF_RAILDG(1.0),13/02/24 23:00:00,A,NR,DGD_RL,BG,2015,0,
ESTAT:TRAN_SF_RAILDG(1.0),13/02/24 23:00:00,A,NR,DGD_RL,BG,2016,1,
ESTAT:TRAN_SF_RAILDG(1.0),13/02/24 23:00:00,A,NR,DGD_RL,BG,2017,0,
ESTAT:TRAN_SF_RAILDG(1.0),13/02/24 23:00:00,A,NR,DGD_RL,BG,2018,0,
ESTAT:TRAN_SF_RAILDG(1.0),13/02/24 23:00:00,A,NR,DGD_RL,BG,2019,0,
ESTAT:TRAN_SF_RAILDG(1.0),13/02/24 23:00:00,A,NR,DGD_RL,BG,2020,0,
ESTAT:TRAN_SF_RAILDG(1.0),13/02/24 23:00:00,A,NR,DGD_RL,BG,2021,0,
ESTAT:TRAN_SF_RAILDG(1.0),13/02/24 23:00:00,A,NR,DGD_RL,BG,2022,0,
ESTAT:TRAN_SF_RAILDG(1.0),13/02/24 23:00:00,A,NR,DGD_RL,CH,2009,0,
ESTAT:TRAN_SF_RAILDG(1.0),13/02/24 23:00:00,A,NR,DGD_RL,CH,2010,1,
ESTAT:TRAN_SF_RAILDG(1.0),13/02/24 23:00:00,A,NR,DGD_RL,CH,2011,0,
ESTAT:TRAN_SF_RAILDG(1.0),13/02/24 23:00:00,A,NR,DGD_RL,CH,2012,0,
ESTAT:TRAN_SF_RAILDG(1.0),13/02/24 23:00:00,A,NR,DGD_RL,CH,2013,0,
ESTAT:TRAN_SF_RAILDG(1.0),13/02/24 23:00:00,A,NR,DGD_RL,CH,2014,0,
ESTAT:TRAN_SF_RAILDG(1.0),13/02/24 23:00:00,A,NR,DGD_RL,CH,2015,1,
ESTAT:TRAN_SF_RAILDG(1.0),13/02/24 23:00:00,A,NR,DGD_RL,CH,2016,0,
ESTAT:TRAN_SF_RAILDG(1.0),13/02/24 23:00:00,A,NR,DGD_RL,CH,2017,0,
ESTAT:TRAN_SF_RAILDG(1.0),13/02/24 23:00:00,A,NR,DGD_RL,CH,2018,0,
ESTAT:TRAN_SF_RAILDG(1.0),13/02/24 23:00:00,A,NR,DGD_RL,CH,2019,0,
ESTAT:TRAN_SF_RAILDG(1.0),13/02/24 23:00:00,A,NR,DGD_RL,CH,2020,0,
ESTAT:TRAN_SF_RAILDG(1.0),13/02/24 23:00:00,A,NR,DGD_RL,CH,2021,0,
ESTAT:TRAN_SF_RAILDG(1.0),13/02/24 23:00:00,A,NR,DGD_RL,CH,2022,0,
ESTAT:TRAN_SF_RAILDG(1.0),13/02/24 23:00:00,A,NR,DGD_RL,CHUNNEL,2010,0,
ESTAT:TRAN_SF_RAILDG(1.0),13/02/24 23:00:00,A,NR,DGD_RL,CHUNNEL,2011,1,
ESTAT:TRAN_SF_RAILDG(1.0),13/02/24 23:00:00,A,NR,DGD_RL,CHUNNEL,2012,0,
ESTAT:TRAN_SF_RAILDG(1.0),13/02/24 23:00:00,A,NR,DGD_RL,CHUNNEL,2013,1,
ESTAT:TRAN_SF_RAILDG(1.0),13/02/24 23:00:00,A,NR,DGD_RL,CHUNNEL,2014,0,
ESTAT:TRAN_SF_RAILDG(1.0),13/02/24 23:00:00,A,NR,DGD_RL,CHUNNEL,2015,0,
ESTAT:TRAN_SF_RAILDG(1.0),13/02/24 23:00:00,A,NR,DGD_RL,CHUNNEL,2016,0,
ESTAT:TRAN_SF_RAILDG(1.0),13/02/24 23:00:00,A,NR,DGD_RL,CHUNNEL,2017,0,
ESTAT:TRAN_SF_RAILDG(1.0),13/02/24 23:00:00,A,NR,DGD_RL,CHUNNEL,2018,0,
ESTAT:TRAN_SF_RAILDG(1.0),13/02/24 23:00:00,A,NR,DGD_RL,CHUNNEL,2019,0,
ESTAT:TRAN_SF_RAILDG(1.0),13/02/24 23:00:00,A,NR,DGD_RL,CHUNNEL,2020,0,
ESTAT:TRAN_SF_RAILDG(1.0),13/02/24 23:00:00,A,NR,DGD_RL,CHUNNEL,2021,0,
ESTAT:TRAN_SF_RAILDG(1.0),13/02/24 23:00:00,A,NR,DGD_RL,CHUNNEL,2022,0,
ESTAT:TRAN_SF_RAILDG(1.0),13/02/24 23:00:00,A,NR,DGD_RL,CZ,2010,0,
ESTAT:TRAN_SF_RAILDG(1.0),13/02/24 23:00:00,A,NR,DGD_RL,CZ,2011,0,
ESTAT:TRAN_SF_RAILDG(1.0),13/02/24 23:00:00,A,NR,DGD_RL,CZ,2012,0,
ESTAT:TRAN_SF_RAILDG(1.0),13/02/24 23:00:00,A,NR,DGD_RL,CZ,2013,0,
ESTAT:TRAN_SF_RAILDG(1.0),13/02/24 23:00:00,A,NR,DGD_RL,CZ,2014,0,
ESTAT:TRAN_SF_RAILDG(1.0),13/02/24 23:00:00,A,NR,DGD_RL,CZ,2015,0,
ESTAT:TRAN_SF_RAILDG(1.0),13/02/24 23:00:00,A,NR,DGD_RL,CZ,2016,0,
ESTAT:TRAN_SF_RAILDG(1.0),13/02/24 23:00:00,A,NR,DGD_RL,CZ,2017,0,
ESTAT:TRAN_SF_RAILDG(1.0),13/02/24 23:00:00,A,NR,DGD_RL,CZ,2018,0,
ESTAT:TRAN_SF_RAILDG(1.0),13/02/24 23:00:00,A,NR,DGD_RL,CZ,2019,0,
ESTAT:TRAN_SF_RAILDG(1.0),13/02/24 23:00:00,A,NR,DGD_RL,CZ,2020,0,
ESTAT:TRAN_SF_RAILDG(1.0),13/02/24 23:00:00,A,NR,DGD_RL,CZ,2021,0,
ESTAT:TRAN_SF_RAILDG(1.0),13/02/24 23:00:00,A,NR,DGD_RL,CZ,2022,0,
ESTAT:TRAN_SF_RAILDG(1.0),13/02/24 23:00:00,A,NR,DGD_RL,DE,2010,2,
ESTAT:TRAN_SF_RAILDG(1.0),13/02/24 23:00:00,A,NR,DGD_RL,DE,2011,2,
ESTAT:TRAN_SF_RAILDG(1.0),13/02/24 23:00:00,A,NR,DGD_RL,DE,2012,4,
ESTAT:TRAN_SF_RAILDG(1.0),13/02/24 23:00:00,A,NR,DGD_RL,DE,2013,4,
ESTAT:TRAN_SF_RAILDG(1.0),13/02/24 23:00:00,A,NR,DGD_RL,DE,2014,9,
ESTAT:TRAN_SF_RAILDG(1.0),13/02/24 23:00:00,A,NR,DGD_RL,DE,2015,5,
ESTAT:TRAN_SF_RAILDG(1.0),13/02/24 23:00:00,A,NR,DGD_RL,DE,2016,5,
ESTAT:TRAN_SF_RAILDG(1.0),13/02/24 23:00:00,A,NR,DGD_RL,DE,2017,8,
ESTAT:TRAN_SF_RAILDG(1.0),13/02/24 23:00:00,A,NR,DGD_RL,DE,2018,1,
ESTAT:TRAN_SF_RAILDG(1.0),13/02/24 23:00:00,A,NR,DGD_RL,DE,2019,7,
ESTAT:TRAN_SF_RAILDG(1.0),13/02/24 23:00:00,A,NR,DGD_RL,DE,2020,5,
ESTAT:TRAN_SF_RAILDG(1.0),13/02/24 23:00:00,A,NR,DGD_RL,DE,2021,4,
ESTAT:TRAN_SF_RAILDG(1.0),13/02/24 23:00:00,A,NR,DGD_RL,DE,2022,5,
ESTAT:TRAN_SF_RAILDG(1.0),13/02/24 23:00:00,A,NR,DGD_RL,DK,2010,1,
ESTAT:TRAN_SF_RAILDG(1.0),13/02/24 23:00:00,A,NR,DGD_RL,DK,2011,0,
ESTAT:TRAN_SF_RAILDG(1.0),13/02/24 23:00:00,A,NR,DGD_RL,DK,2012,0,
ESTAT:TRAN_SF_RAILDG(1.0),13/02/24 23:00:00,A,NR,DGD_RL,DK,2013,0,
ESTAT:TRAN_SF_RAILDG(1.0),13/02/24 23:00:00,A,NR,DGD_RL,DK,2014,0,
ESTAT:TRAN_SF_RAILDG(1.0),13/02/24 23:00:00,A,NR,DGD_RL,DK,2015,1,
ESTAT:TRAN_SF_RAILDG(1.0),13/02/24 23:00:00,A,NR,DGD_RL,DK,2016,1,
ESTAT:TRAN_SF_RAILDG(1.0),13/02/24 23:00:00,A,NR,DGD_RL,DK,2017,0,
ESTAT:TRAN_SF_RAILDG(1.0),13/02/24 23:00:00,A,NR,DGD_RL,DK,2018,0,
ESTAT:TRAN_SF_RAILDG(1.0),13/02/24 23:00:00,A,NR,DGD_RL,DK,2019,0,
ESTAT:TRAN_SF_RAILDG(1.0),13/02/24 23:00:00,A,NR,DGD_RL,DK,2020,0,
ESTAT:TRAN_SF_RAILDG(1.0),13/02/24 23:00:00,A,NR,DGD_RL,DK,2021,0,
ESTAT:TRAN_SF_RAILDG(1.0),13/02/24 23:00:00,A,NR,DGD_RL,DK,2022,0,
ESTAT:TRAN_SF_RAILDG(1.0),13/02/24 23:00:00,A,NR,DGD_RL,EE,2010,0,
ESTAT:TRAN_SF_RAILDG(1.0),13/02/24 23:00:00,A,NR,DGD_RL,EE,2011,0,
ESTAT:TRAN_SF_RAILDG(1.0),13/02/24 23:00:00,A,NR,DGD_RL,EE,2012,0,
ESTAT:TRAN_SF_RAILDG(1.0),13/02/24 23:00:00,A,NR,DGD_RL,EE,2013,0,
ESTAT:TRAN_SF_RAILDG(1.0),13/02/24 23:00:00,A,NR,DGD_RL,EE,2014,0,
ESTAT:TRAN_SF_RAILDG(1.0),13/02/24 23:00:00,A,NR,DGD_RL,EE,2015,0,
ESTAT:TRAN_SF_RAILDG(1.0),13/02/24 23:00:00,A,NR,DGD_RL,EE,2016,0,
ESTAT:TRAN_SF_RAILDG(1.0),13/02/24 23:00:00,A,NR,DGD_RL,EE,2017,1,
ESTAT:TRAN_SF_RAILDG(1.0),13/02/24 23:00:00,A,NR,DGD_RL,EE,2018,0,
ESTAT:TRAN_SF_RAILDG(1.0),13/02/24 23:00:00,A,NR,DGD_RL,EE,2019,0,
ESTAT:TRAN_SF_RAILDG(1.0),13/02/24 23:00:00,A,NR,DGD_RL,EE,2020,0,
ESTAT:TRAN_SF_RAILDG(1.0),13/02/24 23:00:00,A,NR,DGD_RL,EE,2021,0,
ESTAT:TRAN_SF_RAILDG(1.0),13/02/24 23:00:00,A,NR,DGD_RL,EE,2022,0,
ESTAT:TRAN_SF_RAILDG(1.0),13/02/24 23:00:00,A,NR,DGD_RL,EL,2010,0,
ESTAT:TRAN_SF_RAILDG(1.0),13/02/24 23:00:00,A,NR,DGD_RL,EL,2011,0,
ESTAT:TRAN_SF_RAILDG(1.0),13/02/24 23:00:00,A,NR,DGD_RL,EL,2012,0,
ESTAT:TRAN_SF_RAILDG(1.0),13/02/24 23:00:00,A,NR,DGD_RL,EL,2013,0,
ESTAT:TRAN_SF_RAILDG(1.0),13/02/24 23:00:00,A,NR,DGD_RL,EL,2014,0,
ESTAT:TRAN_SF_RAILDG(1.0),13/02/24 23:00:00,A,NR,DGD_RL,EL,2015,0,
ESTAT:TRAN_SF_RAILDG(1.0),13/02/24 23:00:00,A,NR,DGD_RL,EL,2016,0,
ESTAT:TRAN_SF_RAILDG(1.0),13/02/24 23:00:00,A,NR,DGD_RL,EL,2017,0,
ESTAT:TRAN_SF_RAILDG(1.0),13/02/24 23:00:00,A,NR,DGD_RL,EL,2018,0,
ESTAT:TRAN_SF_RAILDG(1.0),13/02/24 23:00:00,A,NR,DGD_RL,EL,2019,0,
ESTAT:TRAN_SF_RAILDG(1.0),13/02/24 23:00:00,A,NR,DGD_RL,EL,2020,0,
ESTAT:TRAN_SF_RAILDG(1.0),13/02/24 23:00:00,A,NR,DGD_RL,EL,2021,1,
ESTAT:TRAN_SF_RAILDG(1.0),13/02/24 23:00:00,A,NR,DGD_RL,EL,2022,0,
ESTAT:TRAN_SF_RAILDG(1.0),13/02/24 23:00:00,A,NR,DGD_RL,ES,2010,0,
ESTAT:TRAN_SF_RAILDG(1.0),13/02/24 23:00:00,A,NR,DGD_RL,ES,2011,0,
ESTAT:TRAN_SF_RAILDG(1.0),13/02/24 23:00:00,A,NR,DGD_RL,ES,2012,0,
ESTAT:TRAN_SF_RAILDG(1.0),13/02/24 23:00:00,A,NR,DGD_RL,ES,2013,0,
ESTAT:TRAN_SF_RAILDG(1.0),13/02/24 23:00:00,A,NR,DGD_RL,ES,2014,0,
ESTAT:TRAN_SF_RAILDG(1.0),13/02/24 23:00:00,A,NR,DGD_RL,ES,2015,0,
ESTAT:TRAN_SF_RAILDG(1.0),13/02/24 23:00:00,A,NR,DGD_RL,ES,2016,0,
ESTAT:TRAN_SF_RAILDG(1.0),13/02/24 23:00:00,A,NR,DGD_RL,ES,2017,0,
ESTAT:TRAN_SF_RAILDG(1.0),13/02/24 23:00:00,A,NR,DGD_RL,ES,2018,0,
ESTAT:TRAN_SF_RAILDG(1.0),13/02/24 23:00:00,A,NR,DGD_RL,ES,2019,0,
ESTAT:TRAN_SF_RAILDG(1.0),13/02/24 23:00:00,A,NR,DGD_RL,ES,2020,2,
ESTAT:TRAN_SF_RAILDG(1.0),13/02/24 23:00:00,A,NR,DGD_RL,ES,2021,1,
ESTAT:TRAN_SF_RAILDG(1.0),13/02/24 23:00:00,A,NR,DGD_RL,ES,2022,2,
ESTAT:TRAN_SF_RAILDG(1.0),13/02/24 23:00:00,A,NR,DGD_RL,EU27_2020,2011,8,
ESTAT:TRAN_SF_RAILDG(1.0),13/02/24 23:00:00,A,NR,DGD_RL,EU27_2020,2012,10,
ESTAT:TRAN_SF_RAILDG(1.0),13/02/24 23:00:00,A,NR,DGD_RL,EU27_2020,2013,10,
ESTAT:TRAN_SF_RAILDG(1.0),13/02/24 23:00:00,A,NR,DGD_RL,EU27_2020,2014,18,
ESTAT:TRAN_SF_RAILDG(1.0),13/02/24 23:00:00,A,NR,DGD_RL,EU27_2020,2015,9,
ESTAT:TRAN_SF_RAILDG(1.0),13/02/24 23:00:00,A,NR,DGD_RL,EU27_2020,2016,10,
ESTAT:TRAN_SF_RAILDG(1.0),13/02/24 23:00:00,A,NR,DGD_RL,EU27_2020,2017,16,
ESTAT:TRAN_SF_RAILDG(1.0),13/02/24 23:00:00,A,NR,DGD_RL,EU27_2020,2018,9,
ESTAT:TRAN_SF_RAILDG(1.0),13/02/24 23:00:00,A,NR,DGD_RL,EU27_2020,2019,13,
ESTAT:TRAN_SF_RAILDG(1.0),13/02/24 23:00:00,A,NR,DGD_RL,EU27_2020,2020,17,
ESTAT:TRAN_SF_RAILDG(1.0),13/02/24 23:00:00,A,NR,DGD_RL,EU27_2020,2021,23,
ESTAT:TRAN_SF_RAILDG(1.0),13/02/24 23:00:00,A,NR,DGD_RL,EU27_2020,2022,24,
ESTAT:TRAN_SF_RAILDG(1.0),13/02/24 23:00:00,A,NR,DGD_RL,FI,2010,0,
ESTAT:TRAN_SF_RAILDG(1.0),13/02/24 23:00:00,A,NR,DGD_RL,FI,2011,0,
ESTAT:TRAN_SF_RAILDG(1.0),13/02/24 23:00:00,A,NR,DGD_RL,FI,2012,0,
ESTAT:TRAN_SF_RAILDG(1.0),13/02/24 23:00:00,A,NR,DGD_RL,FI,2013,0,
ESTAT:TRAN_SF_RAILDG(1.0),13/02/24 23:00:00,A,NR,DGD_RL,FI,2014,0,
ESTAT:TRAN_SF_RAILDG(1.0),13/02/24 23:00:00,A,NR,DGD_RL,FI,2015,0,
ESTAT:TRAN_SF_RAILDG(1.0),13/02/24 23:00:00,A,NR,DGD_RL,FI,2016,0,
ESTAT:TRAN_SF_RAILDG(1.0),13/02/24 23:00:00,A,NR,DGD_RL,FI,2017,1,
ESTAT:TRAN_SF_RAILDG(1.0),13/02/24 23:00:00,A,NR,DGD_RL,FI,2018,1,
ESTAT:TRAN_SF_RAILDG(1.0),13/02/24 23:00:00,A,NR,DGD_RL,FI,2019,0,
ESTAT:TRAN_SF_RAILDG(1.0),13/02/24 23:00:00,A,NR,DGD_RL,FI,2020,0,
ESTAT:TRAN_SF_RAILDG(1.0),13/02/24 23:00:00,A,NR,DGD_RL,FI,2021,0,
ESTAT:TRAN_SF_RAILDG(1.0),13/02/24 23:00:00,A,NR,DGD_RL,FI,2022,0,
ESTAT:TRAN_SF_RAILDG(1.0),13/02/24 23:00:00,A,NR,DGD_RL,FR,2011,2,
ESTAT:TRAN_SF_RAILDG(1.0),13/02/24 23:00:00,A,NR,DGD_RL,FR,2012,2,
ESTAT:TRAN_SF_RAILDG(1.0),13/02/24 23:00:00,A,NR,DGD_RL,FR,2013,2,
ESTAT:TRAN_SF_RAILDG(1.0),13/02/24 23:00:00,A,NR,DGD_RL,FR,2014,2,
ESTAT:TRAN_SF_RAILDG(1.0),13/02/24 23:00:00,A,NR,DGD_RL,FR,2015,2,
ESTAT:TRAN_SF_RAILDG(1.0),13/02/24 23:00:00,A,NR,DGD_RL,FR,2016,1,
ESTAT:TRAN_SF_RAILDG(1.0),13/02/24 23:00:00,A,NR,DGD_RL,FR,2017,4,
ESTAT:TRAN_SF_RAILDG(1.0),13/02/24 23:00:00,A,NR,DGD_RL,FR,2018,1,
ESTAT:TRAN_SF_RAILDG(1.0),13/02/24 23:00:00,A,NR,DGD_RL,FR,2019,0,
ESTAT:TRAN_SF_RAILDG(1.0),13/02/24 23:00:00,A,NR,DGD_RL,FR,2020,9,
ESTAT:TRAN_SF_RAILDG(1.0),13/02/24 23:00:00,A,NR,DGD_RL,FR,2021,10,
ESTAT:TRAN_SF_RAILDG(1.0),13/02/24 23:00:00,A,NR,DGD_RL,FR,2022,15,
ESTAT:TRAN_SF_RAILDG(1.0),13/02/24 23:00:00,A,NR,DGD_RL,HR,2010,0,
ESTAT:TRAN_SF_RAILDG(1.0),13/02/24 23:00:00,A,NR,DGD_RL,HR,2011,0,
ESTAT:TRAN_SF_RAILDG(1.0),13/02/24 23:00:00,A,NR,DGD_RL,HR,2012,0,
ESTAT:TRAN_SF_RAILDG(1.0),13/02/24 23:00:00,A,NR,DGD_RL,HR,2013,0,
ESTAT:TRAN_SF_RAILDG(1.0),13/02/24 23:00:00,A,NR,DGD_RL,HR,2014,0,
ESTAT:TRAN_SF_RAILDG(1.0),13/02/24 23:00:00,A,NR,DGD_RL,HR,2015,0,
ESTAT:TRAN_SF_RAILDG(1.0),13/02/24 23:00:00,A,NR,DGD_RL,HR,2016,0,
ESTAT:TRAN_SF_RAILDG(1.0),13/02/24 23:00:00,A,NR,DGD_RL,HR,2017,0,
ESTAT:TRAN_SF_RAILDG(1.0),13/02/24 23:00:00,A,NR,DGD_RL,HR,2018,0,
ESTAT:TRAN_SF_RAILDG(1.0),13/02/24 23:00:00,A,NR,DGD_RL,HR,2019,0,
ESTAT:TRAN_SF_RAILDG(1.0),13/02/24 23:00:00,A,NR,DGD_RL,HR,2020,0,
ESTAT:TRAN_SF_RAILDG(1.0),13/02/24 23:00:00,A,NR,DGD_RL,HR,2021,0,
ESTAT:TRAN_SF_RAILDG(1.0),13/02/24 23:00:00,A,NR,DGD_RL,HR,2022,0,
ESTAT:TRAN_SF_RAILDG(1.0),13/02/24 23:00:00,A,NR,DGD_RL,HU,2010,0,
ESTAT:TRAN_SF_RAILDG(1.0),13/02/24 23:00:00,A,NR,DGD_RL,HU,2011,0,
ESTAT:TRAN_SF_RAILDG(1.0),13/02/24 23:00:00,A,NR,DGD_RL,HU,2012,0,
ESTAT:TRAN_SF_RAILDG(1.0),13/02/24 23:00:00,A,NR,DGD_RL,HU,2013,0,
ESTAT:TRAN_SF_RAILDG(1.0),13/02/24 23:00:00,A,NR,DGD_RL,HU,2014,0,
ESTAT:TRAN_SF_RAILDG(1.0),13/02/24 23:00:00,A,NR,DGD_RL,HU,2015,0,
ESTAT:TRAN_SF_RAILDG(1.0),13/02/24 23:00:00,A,NR,DGD_RL,HU,2016,0,
ESTAT:TRAN_SF_RAILDG(1.0),13/02/24 23:00:00,A,NR,DGD_RL,HU,2017,1,
ESTAT:TRAN_SF_RAILDG(1.0),13/02/24 23:00:00,A,NR,DGD_RL,HU,2018,0,
ESTAT:TRAN_SF_RAILDG(1.0),13/02/24 23:00:00,A,NR,DGD_RL,HU,2019,0,
ESTAT:TRAN_SF_RAILDG(1.0),13/02/24 23:00:00,A,NR,DGD_RL,HU,2020,0,
ESTAT:TRAN_SF_RAILDG(1.0),13/02/24 23:00:00,A,NR,DGD_RL,HU,2021,0,
ESTAT:TRAN_SF_RAILDG(1.0),13/02/24 23:00:00,A,NR,DGD_RL,HU,2022,0,
ESTAT:TRAN_SF_RAILDG(1.0),13/02/24 23:00:00,A,NR,DGD_RL,IE,2010,0,
ESTAT:TRAN_SF_RAILDG(1.0),13/02/24 23:00:00,A,NR,DGD_RL,IE,2011,0,
ESTAT:TRAN_SF_RAILDG(1.0),13/02/24 23:00:00,A,NR,DGD_RL,IE,2012,0,
ESTAT:TRAN_SF_RAILDG(1.0),13/02/24 23:00:00,A,NR,DGD_RL,IE,2013,0,
ESTAT:TRAN_SF_RAILDG(1.0),13/02/24 23:00:00,A,NR,DGD_RL,IE,2014,0,
ESTAT:TRAN_SF_RAILDG(1.0),13/02/24 23:00:00,A,NR,DGD_RL,IE,2015,0,
ESTAT:TRAN_SF_RAILDG(1.0),13/02/24 23:00:00,A,NR,DGD_RL,IE,2016,0,
ESTAT:TRAN_SF_RAILDG(1.0),13/02/24 23:00:00,A,NR,DGD_RL,IE,2017,0,
ESTAT:TRAN_SF_RAILDG(1.0),13/02/24 23:00:00,A,NR,DGD_RL,IE,2018,0,
ESTAT:TRAN_SF_RAILDG(1.0),13/02/24 23:00:00,A,NR,DGD_RL,IE,2019,0,
ESTAT:TRAN_SF_RAILDG(1.0),13/02/24 23:00:00,A,NR,DGD_RL,IE,2020,0,
ESTAT:TRAN_SF_RAILDG(1.0),13/02/24 23:00:00,A,NR,DGD_RL,IE,2021,0,
ESTAT:TRAN_SF_RAILDG(1.0),13/02/24 23:00:00,A,NR,DGD_RL,IE,2022,0,
ESTAT:TRAN_SF_RAILDG(1.0),13/02/24 23:00:00,A,NR,DGD_RL,IT,2010,5,
ESTAT:TRAN_SF_RAILDG(1.0),13/02/24 23:00:00,A,NR,DGD_RL,IT,2011,0,
ESTAT:TRAN_SF_RAILDG(1.0),13/02/24 23:00:00,A,NR,DGD_RL,IT,2012,1,
ESTAT:TRAN_SF_RAILDG(1.0),13/02/24 23:00:00,A,NR,DGD_RL,IT,2013,1,
ESTAT:TRAN_SF_RAILDG(1.0),13/02/24 23:00:00,A,NR,DGD_RL,IT,2014,2,
ESTAT:TRAN_SF_RAILDG(1.0),13/02/24 23:00:00,A,NR,DGD_RL,IT,2015,0,
ESTAT:TRAN_SF_RAILDG(1.0),13/02/24 23:00:00,A,NR,DGD_RL,IT,2016,1,
ESTAT:TRAN_SF_RAILDG(1.0),13/02/24 23:00:00,A,NR,DGD_RL,IT,2017,0,
ESTAT:TRAN_SF_RAILDG(1.0),13/02/24 23:00:00,A,NR,DGD_RL,IT,2018,2,
ESTAT:TRAN_SF_RAILDG(1.0),13/02/24 23:00:00,A,NR,DGD_RL,IT,2019,0,
ESTAT:TRAN_SF_RAILDG(1.0),13/02/24 23:00:00,A,NR,DGD_RL,IT,2020,0,
ESTAT:TRAN_SF_RAILDG(1.0),13/02/24 23:00:00,A,NR,DGD_RL,IT,2021,1,
ESTAT:TRAN_SF_RAILDG(1.0),13/02/24 23:00:00,A,NR,DGD_RL,IT,2022,1,
ESTAT:TRAN_SF_RAILDG(1.0),13/02/24 23:00:00,A,NR,DGD_RL,LT,2010,0,
ESTAT:TRAN_SF_RAILDG(1.0),13/02/24 23:00:00,A,NR,DGD_RL,LT,2011,1,
ESTAT:TRAN_SF_RAILDG(1.0),13/02/24 23:00:00,A,NR,DGD_RL,LT,2012,1,
ESTAT:TRAN_SF_RAILDG(1.0),13/02/24 23:00:00,A,NR,DGD_RL,LT,2013,0,
ESTAT:TRAN_SF_RAILDG(1.0),13/02/24 23:00:00,A,NR,DGD_RL,LT,2014,3,
ESTAT:TRAN_SF_RAILDG(1.0),13/02/24 23:00:00,A,NR,DGD_RL,LT,2015,0,
ESTAT:TRAN_SF_RAILDG(1.0),13/02/24 23:00:00,A,NR,DGD_RL,LT,2016,0,
ESTAT:TRAN_SF_RAILDG(1.0),13/02/24 23:00:00,A,NR,DGD_RL,LT,2017,0,
ESTAT:TRAN_SF_RAILDG(1.0),13/02/24 23:00:00,A,NR,DGD_RL,LT,2018,0,
ESTAT:TRAN_SF_RAILDG(1.0),13/02/24 23:00:00,A,NR,DGD_RL,LT,2019,0,
ESTAT:TRAN_SF_RAILDG(1.0),13/02/24 23:00:00,A,NR,DGD_RL,LT,2020,0,
ESTAT:TRAN_SF_RAILDG(1.0),13/02/24 23:00:00,A,NR,DGD_RL,LT,2021,0,
ESTAT:TRAN_SF_RAILDG(1.0),13/02/24 23:00:00,A,NR,DGD_RL,LT,2022,0,
ESTAT:TRAN_SF_RAILDG(1.0),13/02/24 23:00:00,A,NR,DGD_RL,LU,2010,0,
ESTAT:TRAN_SF_RAILDG(1.0),13/02/24 23:00:00,A,NR,DGD_RL,LU,2011,0,
ESTAT:TRAN_SF_RAILDG(1.0),13/02/24 23:00:00,A,NR,DGD_RL,LU,2012,0,
ESTAT:TRAN_SF_RAILDG(1.0),13/02/24 23:00:00,A,NR,DGD_RL,LU,2013,0,
ESTAT:TRAN_SF_RAILDG(1.0),13/02/24 23:00:00,A,NR,DGD_RL,LU,2014,0,
ESTAT:TRAN_SF_RAILDG(1.0),13/02/24 23:00:00,A,NR,DGD_RL,LU,2015,0,
ESTAT:TRAN_SF_RAILDG(1.0),13/02/24 23:00:00,A,NR,DGD_RL,LU,2016,0,
ESTAT:TRAN_SF_RAILDG(1.0),13/02/24 23:00:00,A,NR,DGD_RL,LU,2017,0,
ESTAT:TRAN_SF_RAILDG(1.0),13/02/24 23:00:00,A,NR,DGD_RL,LU,2018,0,
ESTAT:TRAN_SF_RAILDG(1.0),13/02/24 23:00:00,A,NR,DGD_RL,LU,2019,0,
ESTAT:TRAN_SF_RAILDG(1.0),13/02/24 23:00:00,A,NR,DGD_RL,LU,2020,0,
ESTAT:TRAN_SF_RAILDG(1.0),13/02/24 23:00:00,A,NR,DGD_RL,LU,2021,0,
ESTAT:TRAN_SF_RAILDG(1.0),13/02/24 23:00:00,A,NR,DGD_RL,LU,2022,0,
ESTAT:TRAN_SF_RAILDG(1.0),13/02/24 23:00:00,A,NR,DGD_RL,LV,2010,2,
ESTAT:TRAN_SF_RAILDG(1.0),13/02/24 23:00:00,A,NR,DGD_RL,LV,2011,1,
ESTAT:TRAN_SF_RAILDG(1.0),13/02/24 23:00:00,A,NR,DGD_RL,LV,2012,1,
ESTAT:TRAN_SF_RAILDG(1.0),13/02/24 23:00:00,A,NR,DGD_RL,LV,2013,2,
ESTAT:TRAN_SF_RAILDG(1.0),13/02/24 23:00:00,A,NR,DGD_RL,LV,2014,1,
ESTAT:TRAN_SF_RAILDG(1.0),13/02/24 23:00:00,A,NR,DGD_RL,LV,2015,0,
ESTAT:TRAN_SF_RAILDG(1.0),13/02/24 23:00:00,A,NR,DGD_RL,LV,2016,0,
ESTAT:TRAN_SF_RAILDG(1.0),13/02/24 23:00:00,A,NR,DGD_RL,LV,2017,0,
ESTAT:TRAN_SF_RAILDG(1.0),13/02/24 23:00:00,A,NR,DGD_RL,LV,2018,0,
ESTAT:TRAN_SF_RAILDG(1.0),13/02/24 23:00:00,A,NR,DGD_RL,LV,2019,0,
ESTAT:TRAN_SF_RAILDG(1.0),13/02/24 23:00:00,A,NR,DGD_RL,LV,2020,0,
ESTAT:TRAN_SF_RAILDG(1.0),13/02/24 23:00:00,A,NR,DGD_RL,LV,2021,0,
ESTAT:TRAN_SF_RAILDG(1.0),13/02/24 23:00:00,A,NR,DGD_RL,LV,2022,0,
ESTAT:TRAN_SF_RAILDG(1.0),13/02/24 23:00:00,A,NR,DGD_RL,ME,2013,0,
ESTAT:TRAN_SF_RAILDG(1.0),13/02/24 23:00:00,A,NR,DGD_RL,ME,2014,0,
ESTAT:TRAN_SF_RAILDG(1.0),13/02/24 23:00:00,A,NR,DGD_RL,ME,2015,0,
ESTAT:TRAN_SF_RAILDG(1.0),13/02/24 23:00:00,A,NR,DGD_RL,ME,2016,0,
ESTAT:TRAN_SF_RAILDG(1.0),13/02/24 23:00:00,A,NR,DGD_RL,MK,2010,0,
ESTAT:TRAN_SF_RAILDG(1.0),13/02/24 23:00:00,A,NR,DGD_RL,MK,2011,0,
ESTAT:TRAN_SF_RAILDG(1.0),13/02/24 23:00:00,A,NR,DGD_RL,MK,2012,0,
ESTAT:TRAN_SF_RAILDG(1.0),13/02/24 23:00:00,A,NR,DGD_RL,MK,2013,0,
ESTAT:TRAN_SF_RAILDG(1.0),13/02/24 23:00:00,A,NR,DGD_RL,MK,2014,0,
ESTAT:TRAN_SF_RAILDG(1.0),13/02/24 23:00:00,A,NR,DGD_RL,MK,2015,0,
ESTAT:TRAN_SF_RAILDG(1.0),13/02/24 23:00:00,A,NR,DGD_RL,MK,2016,0,
ESTAT:TRAN_SF_RAILDG(1.0),13/02/24 23:00:00,A,NR,DGD_RL,MK,2017,0,
ESTAT:TRAN_SF_RAILDG(1.0),13/02/24 23:00:00,A,NR,DGD_RL,MK,2018,0,
ESTAT:TRAN_SF_RAILDG(1.0),13/02/24 23:00:00,A,NR,DGD_RL,NL,2010,0,
ESTAT:TRAN_SF_RAILDG(1.0),13/02/24 23:00:00,A,NR,DGD_RL,NL,2011,1,
ESTAT:TRAN_SF_RAILDG(1.0),13/02/24 23:00:00,A,NR,DGD_RL,NL,2012,0,
ESTAT:TRAN_SF_RAILDG(1.0),13/02/24 23:00:00,A,NR,DGD_RL,NL,2013,0,
ESTAT:TRAN_SF_RAILDG(1.0),13/02/24 23:00:00,A,NR,DGD_RL,NL,2014,0,
ESTAT:TRAN_SF_RAILDG(1.0),13/02/24 23:00:00,A,NR,DGD_RL,NL,2015,1,
ESTAT:TRAN_SF_RAILDG(1.0),13/02/24 23:00:00,A,NR,DGD_RL,NL,2016,0,
ESTAT:TRAN_SF_RAILDG(1.0),13/02/24 23:00:00,A,NR,DGD_RL,NL,2017,0,
ESTAT:TRAN_SF_RAILDG(1.0),13/02/24 23:00:00,A,NR,DGD_RL,NL,2018,0,
ESTAT:TRAN_SF_RAILDG(1.0),13/02/24 23:00:00,A,NR,DGD_RL,NL,2019,0,
ESTAT:TRAN_SF_RAILDG(1.0),13/02/24 23:00:00,A,NR,DGD_RL,NL,2020,0,
ESTAT:TRAN_SF_RAILDG(1.0),13/02/24 23:00:00,A,NR,DGD_RL,NL,2021,0,
ESTAT:TRAN_SF_RAILDG(1.0),13/02/24 23:00:00,A,NR,DGD_RL,NL,2022,0,
ESTAT:TRAN_SF_RAILDG(1.0),13/02/24 23:00:00,A,NR,DGD_RL,NO,2010,0,
ESTAT:TRAN_SF_RAILDG(1.0),13/02/24 23:00:00,A,NR,DGD_RL,NO,2011,0,
ESTAT:TRAN_SF_RAILDG(1.0),13/02/24 23:00:00,A,NR,DGD_RL,NO,2012,0,
ESTAT:TRAN_SF_RAILDG(1.0),13/02/24 23:00:00,A,NR,DGD_RL,NO,2013,0,
ESTAT:TRAN_SF_RAILDG(1.0),13/02/24 23:00:00,A,NR,DGD_RL,NO,2014,0,
ESTAT:TRAN_SF_RAILDG(1.0),13/02/24 23:00:00,A,NR,DGD_RL,NO,2015,0,
ESTAT:TRAN_SF_RAILDG(1.0),13/02/24 23:00:00,A,NR,DGD_RL,NO,2016,0,
ESTAT:TRAN_SF_RAILDG(1.0),13/02/24 23:00:00,A,NR,DGD_RL,NO,2017,0,
ESTAT:TRAN_SF_RAILDG(1.0),13/02/24 23:00:00,A,NR,DGD_RL,NO,2018,0,
ESTAT:TRAN_SF_RAILDG(1.0),13/02/24 23:00:00,A,NR,DGD_RL,NO,2019,0,
ESTAT:TRAN_SF_RAILDG(1.0),13/02/24 23:00:00,A,NR,DGD_RL,NO,2020,0,
ESTAT:TRAN_SF_RAILDG(1.0),13/02/24 23:00:00,A,NR,DGD_RL,NO,2021,0,
ESTAT:TRAN_SF_RAILDG(1.0),13/02/24 23:00:00,A,NR,DGD_RL,NO,2022,0,
ESTAT:TRAN_SF_RAILDG(1.0),13/02/24 23:00:00,A,NR,DGD_RL,PL,2010,24,
ESTAT:TRAN_SF_RAILDG(1.0),13/02/24 23:00:00,A,NR,DGD_RL,PL,2011,1,
ESTAT:TRAN_SF_RAILDG(1.0),13/02/24 23:00:00,A,NR,DGD_RL,PL,2012,1,
ESTAT:TRAN_SF_RAILDG(1.0),13/02/24 23:00:00,A,NR,DGD_RL,PL,2013,0,
ESTAT:TRAN_SF_RAILDG(1.0),13/02/24 23:00:00,A,NR,DGD_RL,PL,2014,0,
ESTAT:TRAN_SF_RAILDG(1.0),13/02/24 23:00:00,A,NR,DGD_RL,PL,2015,0,
ESTAT:TRAN_SF_RAILDG(1.0),13/02/24 23:00:00,A,NR,DGD_RL,PL,2016,1,
ESTAT:TRAN_SF_RAILDG(1.0),13/02/24 23:00:00,A,NR,DGD_RL,PL,2017,1,
ESTAT:TRAN_SF_RAILDG(1.0),13/02/24 23:00:00,A,NR,DGD_RL,PL,2018,0,
ESTAT:TRAN_SF_RAILDG(1.0),13/02/24 23:00:00,A,NR,DGD_RL,PL,2019,0,
ESTAT:TRAN_SF_RAILDG(1.0),13/02/24 23:00:00,A,NR,DGD_RL,PL,2020,0,
ESTAT:TRAN_SF_RAILDG(1.0),13/02/24 23:00:00,A,NR,DGD_RL,PL,2021,4,
ESTAT:TRAN_SF_RAILDG(1.0),13/02/24 23:00:00,A,NR,DGD_RL,PL,2022,0,
ESTAT:TRAN_SF_RAILDG(1.0),13/02/24 23:00:00,A,NR,DGD_RL,PT,2010,0,
ESTAT:TRAN_SF_RAILDG(1.0),13/02/24 23:00:00,A,NR,DGD_RL,PT,2011,0,
ESTAT:TRAN_SF_RAILDG(1.0),13/02/24 23:00:00,A,NR,DGD_RL,PT,2012,0,
ESTAT:TRAN_SF_RAILDG(1.0),13/02/24 23:00:00,A,NR,DGD_RL,PT,2013,0,
ESTAT:TRAN_SF_RAILDG(1.0),13/02/24 23:00:00,A,NR,DGD_RL,PT,2014,1,
ESTAT:TRAN_SF_RAILDG(1.0),13/02/24 23:00:00,A,NR,DGD_RL,PT,2015,0,
ESTAT:TRAN_SF_RAILDG(1.0),13/02/24 23:00:00,A,NR,DGD_RL,PT,2016,0,
ESTAT:TRAN_SF_RAILDG(1.0),13/02/24 23:00:00,A,NR,DGD_RL,PT,2017,0,
ESTAT:TRAN_SF_RAILDG(1.0),13/02/24 23:00:00,A,NR,DGD_RL,PT,2018,0,
ESTAT:TRAN_SF_RAILDG(1.0),13/02/24 23:00:00,A,NR,DGD_RL,PT,2019,0,
ESTAT:TRAN_SF_RAILDG(1.0),13/02/24 23:00:00,A,NR,DGD_RL,PT,2020,0,
ESTAT:TRAN_SF_RAILDG(1.0),13/02/24 23:00:00,A,NR,DGD_RL,PT,2021,0,
ESTAT:TRAN_SF_RAILDG(1.0),13/02/24 23:00:00,A,NR,DGD_RL,PT,2022,0,
ESTAT:TRAN_SF_RAILDG(1.0),13/02/24 23:00:00,A,NR,DGD_RL,RO,2010,1,
ESTAT:TRAN_SF_RAILDG(1.0),13/02/24 23:00:00,A,NR,DGD_RL,RO,2011,0,
ESTAT:TRAN_SF_RAILDG(1.0),13/02/24 23:00:00,A,NR,DGD_RL,RO,2012,0,
ESTAT:TRAN_SF_RAILDG(1.0),13/02/24 23:00:00,A,NR,DGD_RL,RO,2013,0,
ESTAT:TRAN_SF_RAILDG(1.0),13/02/24 23:00:00,A,NR,DGD_RL,RO,2014,0,
ESTAT:TRAN_SF_RAILDG(1.0),13/02/24 23:00:00,A,NR,DGD_RL,RO,2015,0,
ESTAT:TRAN_SF_RAILDG(1.0),13/02/24 23:00:00,A,NR,DGD_RL,RO,2016,0,
ESTAT:TRAN_SF_RAILDG(1.0),13/02/24 23:00:00,A,NR,DGD_RL,RO,2017,0,
ESTAT:TRAN_SF_RAILDG(1.0),13/02/24 23:00:00,A,NR,DGD_RL,RO,2018,0,
ESTAT:TRAN_SF_RAILDG(1.0),13/02/24 23:00:00,A,NR,DGD_RL,RO,2019,0,
ESTAT:TRAN_SF_RAILDG(1.0),13/02/24 23:00:00,A,NR,DGD_RL,RO,2020,0,
ESTAT:TRAN_SF_RAILDG(1.0),13/02/24 23:00:00,A,NR,DGD_RL,RO,2021,0,
ESTAT:TRAN_SF_RAILDG(1.0),13/02/24 23:00:00,A,NR,DGD_RL,RO,2022,0,
ESTAT:TRAN_SF_RAILDG(1.0),13/02/24 23:00:00,A,NR,DGD_RL,SE,2010,0,
ESTAT:TRAN_SF_RAILDG(1.0),13/02/24 23:00:00,A,NR,DGD_RL,SE,2011,0,
ESTAT:TRAN_SF_RAILDG(1.0),13/02/24 23:00:00,A,NR,DGD_RL,SE,2012,0,
ESTAT:TRAN_SF_RAILDG(1.0),13/02/24 23:00:00,A,NR,DGD_RL,SE,2013,0,
ESTAT:TRAN_SF_RAILDG(1.0),13/02/24 23:00:00,A,NR,DGD_RL,SE,2014,0,
ESTAT:TRAN_SF_RAILDG(1.0),13/02/24 23:00:00,A,NR,DGD_RL,SE,2015,0,
ESTAT:TRAN_SF_RAILDG(1.0),13/02/24 23:00:00,A,NR,DGD_RL,SE,2016,0,
ESTAT:TRAN_SF_RAILDG(1.0),13/02/24 23:00:00,A,NR,DGD_RL,SE,2017,0,
ESTAT:TRAN_SF_RAILDG(1.0),13/02/24 23:00:00,A,NR,DGD_RL,SE,2018,0,
ESTAT:TRAN_SF_RAILDG(1.0),13/02/24 23:00:00,A,NR,DGD_RL,SE,2019,0,
ESTAT:TRAN_SF_RAILDG(1.0),13/02/24 23:00:00,A,NR,DGD_RL,SE,2020,0,
ESTAT:TRAN_SF_RAILDG(1.0),13/02/24 23:00:00,A,NR,DGD_RL,SE,2021,1,
ESTAT:TRAN_SF_RAILDG(1.0),13/02/24 23:00:00,A,NR,DGD_RL,SE,2022,0,
ESTAT:TRAN_SF_RAILDG(1.0),13/02/24 23:00:00,A,NR,DGD_RL,SI,2010,0,
ESTAT:TRAN_SF_RAILDG(1.0),13/02/24 23:00:00,A,NR,DGD_RL,SI,2011,0,
ESTAT:TRAN_SF_RAILDG(1.0),13/02/24 23:00:00,A,NR,DGD_RL,SI,2012,0,
ESTAT:TRAN_SF_RAILDG(1.0),13/02/24 23:00:00,A,NR,DGD_RL,SI,2013,0,
ESTAT:TRAN_SF_RAILDG(1.0),13/02/24 23:00:00,A,NR,DGD_RL,SI,2014,0,
ESTAT:TRAN_SF_RAILDG(1.0),13/02/24 23:00:00,A,NR,DGD_RL,SI,2015,0,
ESTAT:TRAN_SF_RAILDG(1.0),13/02/24 23:00:00,A,NR,DGD_RL,SI,2016,0,
ESTAT:TRAN_SF_RAILDG(1.0),13/02/24 23:00:00,A,NR,DGD_RL,SI,2017,0,
ESTAT:TRAN_SF_RAILDG(1.0),13/02/24 23:00:00,A,NR,DGD_RL,SI,2018,0,
ESTAT:TRAN_SF_RAILDG(1.0),13/02/24 23:00:00,A,NR,DGD_RL,SI,2019,1,
ESTAT:TRAN_SF_RAILDG(1.0),13/02/24 23:00:00,A,NR,DGD_RL,SI,2020,0,
ESTAT:TRAN_SF_RAILDG(1.0),13/02/24 23:00:00,A,NR,DGD_RL,SI,2021,0,
ESTAT:TRAN_SF_RAILDG(1.0),13/02/24 23:00:00,A,NR,DGD_RL,SI,2022,0,
ESTAT:TRAN_SF_RAILDG(1.0),13/02/24 23:00:00,A,NR,DGD_RL,SK,2010,0,
ESTAT:TRAN_SF_RAILDG(1.0),13/02/24 23:00:00,A,NR,DGD_RL,SK,2011,0,
ESTAT:TRAN_SF_RAILDG(1.0),13/02/24 23:00:00,A,NR,DGD_RL,SK,2012,0,
ESTAT:TRAN_SF_RAILDG(1.0),13/02/24 23:00:00,A,NR,DGD_RL,SK,2013,0,
ESTAT:TRAN_SF_RAILDG(1.0),13/02/24 23:00:00,A,NR,DGD_RL,SK,2014,0,
ESTAT:TRAN_SF_RAILDG(1.0),13/02/24 23:00:00,A,NR,DGD_RL,SK,2015,0,
ESTAT:TRAN_SF_RAILDG(1.0),13/02/24 23:00:00,A,NR,DGD_RL,SK,2016,0,
ESTAT:TRAN_SF_RAILDG(1.0),13/02/24 23:00:00,A,NR,DGD_RL,SK,2017,0,
ESTAT:TRAN_SF_RAILDG(1.0),13/02/24 23:00:00,A,NR,DGD_RL,SK,2018,0,
ESTAT:TRAN_SF_RAILDG(1.0),13/02/24 23:00:00,A,NR,DGD_RL,SK,2019,0,
ESTAT:TRAN_SF_RAILDG(1.0),13/02/24 23:00:00,A,NR,DGD_RL,SK,2020,0,
ESTAT:TRAN_SF_RAILDG(1.0),13/02/24 23:00:00,A,NR,DGD_RL,SK,2021,0,
ESTAT:TRAN_SF_RAILDG(1.0),13/02/24 23:00:00,A,NR,DGD_RL,SK,2022,0,
ESTAT:TRAN_SF_RAILDG(1.0),13/02/24 23:00:00,A,NR,DGD_RL,TR,2006,0,
ESTAT:TRAN_SF_RAILDG(1.0),13/02/24 23:00:00,A,NR,DGD_RL,TR,2007,0,
ESTAT:TRAN_SF_RAILDG(1.0),13/02/24 23:00:00,A,NR,DGD_RL,TR,2008,0,
ESTAT:TRAN_SF_RAILDG(1.0),13/02/24 23:00:00,A,NR,DGD_RL,TR,2009,0,
ESTAT:TRAN_SF_RAILDG(1.0),13/02/24 23:00:00,A,NR,DGD_RL,TR,2010,0,
ESTAT:TRAN_SF_RAILDG(1.0),13/02/24 23:00:00,A,NR,DGD_RL,TR,2011,1,
ESTAT:TRAN_SF_RAILDG(1.0),13/02/24 23:00:00,A,NR,DGD_RL,TR,2012,1,
ESTAT:TRAN_SF_RAILDG(1.0),13/02/24 23:00:00,A,NR,DGD_RL,TR,2013,3,
ESTAT:TRAN_SF_RAILDG(1.0),13/02/24 23:00:00,A,NR,DGD_RL,TR,2014,0,
ESTAT:TRAN_SF_RAILDG(1.0),13/02/24 23:00:00,A,NR,DGD_RL,TR,2015,0,
ESTAT:TRAN_SF_RAILDG(1.0),13/02/24 23:00:00,A,NR,DGD_RL,TR,2016,0,
ESTAT:TRAN_SF_RAILDG(1.0),13/02/24 23:00:00,A,NR,DGD_RL,TR,2017,0,
ESTAT:TRAN_SF_RAILDG(1.0),13/02/24 23:00:00,A,NR,DGD_RL,TR,2018,2,
ESTAT:TRAN_SF_RAILDG(1.0),13/02/24 23:00:00,A,NR,DGD_RL,TR,2020,1,
ESTAT:TRAN_SF_RAILDG(1.0),13/02/24 23:00:00,A,NR,DGD_RL,TR,2021,0,
ESTAT:TRAN_SF_RAILDG(1.0),13/02/24 23:00:00,A,NR,DGD_RL,UK,2009,1,
ESTAT:TRAN_SF_RAILDG(1.0),13/02/24 23:00:00,A,NR,DGD_RL,UK,2010,0,
ESTAT:TRAN_SF_RAILDG(1.0),13/02/24 23:00:00,A,NR,DGD_RL,UK,2011,0,
ESTAT:TRAN_SF_RAILDG(1.0),13/02/24 23:00:00,A,NR,DGD_RL,UK,2012,0,
ESTAT:TRAN_SF_RAILDG(1.0),13/02/24 23:00:00,A,NR,DGD_RL,UK,2013,0,
ESTAT:TRAN_SF_RAILDG(1.0),13/02/24 23:00:00,A,NR,DGD_RL,UK,2014,0,
ESTAT:TRAN_SF_RAILDG(1.0),13/02/24 23:00:00,A,NR,DGD_RL,UK,2015,0,
ESTAT:TRAN_SF_RAILDG(1.0),13/02/24 23:00:00,A,NR,DGD_RL,UK,2016,0,
ESTAT:TRAN_SF_RAILDG(1.0),13/02/24 23:00:00,A,NR,DGD_RL,UK,2017,0,
ESTAT:TRAN_SF_RAILDG(1.0),13/02/24 23:00:00,A,NR,DGD_RL,UK,2018,0,
ESTAT:TRAN_SF_RAILDG(1.0),13/02/24 23:00:00,A,NR,DGD_RL,UK,2019,0,
ESTAT:TRAN_SF_RAILDG(1.0),13/02/24 23:00:00,A,NR,DGD_RL,UK,2020,0,
